[1744521033.390][INFO]: Starting ChromeDriver 135.0.7049.84 (6c019e56001911b3fd467e03bf68c435924d62f4-refs/branch-heads/7049@{#1778}) on port 13946
[1744521033.390][INFO]: Please see https://chromedriver.chromium.org/security-considerations for suggestions on keeping ChromeDriver safe.
[1744521033.396][INFO]: ChromeDriver was started successfully on port 13946
[1744521034.087][INFO]: [96366644e4e44a0331331087ddd55f7c] COMMAND InitSession {
   "capabilities": {
      "firstMatch": [ {
         "browserName": "chrome",
         "goog:chromeOptions": {
            "args": [ "--remote-allow-origins=*" ],
            "binary": "C:\\Program Files\\Google\\Chrome\\Application\\chrome.exe",
            "extensions": [  ]
         },
         "goog:loggingPrefs": {
            "browser": "ALL",
            "driver": "ALL"
         }
      } ]
   }
}
[1744521034.088][INFO]: Populating Preferences file: {
   "alternate_error_pages": {
      "enabled": false
   },
   "autofill": {
      "enabled": false
   },
   "browser": {
      "check_default_browser": false
   },
   "distribution": {
      "import_bookmarks": false,
      "import_history": false,
      "import_search_engine": false,
      "make_chrome_default_for_user": false,
      "skip_first_run_ui": true
   },
   "dns_prefetching": {
      "enabled": false
   },
   "profile": {
      "content_settings": {
         "pattern_pairs": {
            "https://*,*": {
               "media-stream": {
                  "audio": "Default",
                  "video": "Default"
               }
            }
         }
      },
      "default_content_setting_values": {
         "geolocation": 1
      },
      "default_content_settings": {
         "geolocation": 1,
         "mouselock": 1,
         "notifications": 1,
         "popups": 1,
         "ppapi-broker": 1
      },
      "password_manager_enabled": false
   },
   "safebrowsing": {
      "enabled": false
   },
   "search": {
      "suggest_enabled": false
   },
   "translate": {
      "enabled": false
   }
}
[1744521034.088][INFO]: Populating Local State file: {
   "background_mode": {
      "enabled": false
   },
   "ssl": {
      "rev_checking": {
         "enabled": false
      }
   }
}
[1744521034.090][INFO]: ChromeDriver supports communication with Chrome via pipes. This is more reliable and more secure.
[1744521034.090][INFO]: Use the --remote-debugging-pipe Chrome switch instead of the default --remote-debugging-port to enable this communication mode.
[1744521034.093][INFO]: Launching chrome: "C:\Program Files\Google\Chrome\Application\chrome.exe" --allow-pre-commit-input --disable-background-networking --disable-backgrounding-occluded-windows --disable-client-side-phishing-detection --disable-default-apps --disable-hang-monitor --disable-popup-blocking --disable-prompt-on-repost --disable-sync --enable-automation --enable-logging --log-level=0 --no-first-run --no-service-autorun --password-store=basic --remote-allow-origins=* --remote-debugging-port=0 --test-type=webdriver --use-mock-keychain --user-data-dir="C:\Users\JAYANT~1\AppData\Local\Temp\scoped_dir164_1800509161" data:,
[1744521035.073][INFO]: resolved localhost to ["::1","127.0.0.1"]
[1744521035.085][INFO]: [96366644e4e44a0331331087ddd55f7c] RESPONSE InitSession {
   "capabilities": {
      "acceptInsecureCerts": false,
      "browserName": "chrome",
      "browserVersion": "135.0.7049.84",
      "chrome": {
         "chromedriverVersion": "135.0.7049.84 (6c019e56001911b3fd467e03bf68c435924d62f4-refs/branch-heads/7049@{#1778})",
         "userDataDir": "C:\\Users\\JAYANT~1\\AppData\\Local\\Temp\\scoped_dir164_1800509161"
      },
      "fedcm:accounts": true,
      "goog:chromeOptions": {
         "debuggerAddress": "localhost:64166"
      },
      "networkConnectionEnabled": false,
      "pageLoadStrategy": "normal",
      "platformName": "windows",
      "proxy": {
      },
      "setWindowRect": true,
      "strictFileInteractability": false,
      "timeouts": {
         "implicit": 0,
         "pageLoad": 300000,
         "script": 30000
      },
      "unhandledPromptBehavior": "dismiss and notify",
      "webauthn:extension:credBlob": true,
      "webauthn:extension:largeBlob": true,
      "webauthn:extension:minPinLength": true,
      "webauthn:extension:prf": true,
      "webauthn:virtualAuthenticators": true
   },
   "sessionId": "96366644e4e44a0331331087ddd55f7c"
}
[1744521035.383][INFO]: [96366644e4e44a0331331087ddd55f7c] COMMAND MaximizeWindow {
}
[1744521035.384][INFO]: Waiting for pending navigations...
[1744521035.399][INFO]: Done waiting for pending navigations. Status: ok
[1744521035.451][INFO]: Waiting for pending navigations...
[1744521035.452][INFO]: Done waiting for pending navigations. Status: ok
[1744521035.452][INFO]: [96366644e4e44a0331331087ddd55f7c] RESPONSE MaximizeWindow {
   "height": 832,
   "width": 1552,
   "x": -8,
   "y": -8
}
[1744521035.463][INFO]: [96366644e4e44a0331331087ddd55f7c] COMMAND SetTimeouts {
   "implicit": 10000
}
[1744521035.463][INFO]: [96366644e4e44a0331331087ddd55f7c] RESPONSE SetTimeouts
[1744521035.499][INFO]: [96366644e4e44a0331331087ddd55f7c] COMMAND Navigate {
   "url": "https://www.flipkart.com/"
}
[1744521035.499][INFO]: Waiting for pending navigations...
[1744521035.500][INFO]: Done waiting for pending navigations. Status: ok
[1744521036.159][INFO]: Waiting for pending navigations...
[1744521038.525][INFO]: Done waiting for pending navigations. Status: ok
[1744521038.525][INFO]: [96366644e4e44a0331331087ddd55f7c] RESPONSE Navigate
[1744521040.542][INFO]: [96366644e4e44a0331331087ddd55f7c] COMMAND FindElement {
   "using": "xpath",
   "value": "//div[contains(@class,'JFPqaw')]/span"
}
[1744521040.542][INFO]: Waiting for pending navigations...
[1744521040.543][INFO]: Done waiting for pending navigations. Status: ok
[1744521050.569][INFO]: Waiting for pending navigations...
[1744521050.570][INFO]: Done waiting for pending navigations. Status: ok
[1744521050.570][INFO]: [96366644e4e44a0331331087ddd55f7c] RESPONSE FindElement ERROR no such element: Unable to locate element: {"method":"xpath","selector":"//div[contains(@class,'JFPqaw')]/span"}
  (Session info: chrome=135.0.7049.84)
[1744521050.599][INFO]: [96366644e4e44a0331331087ddd55f7c] COMMAND FindElement {
   "using": "xpath",
   "value": "//input[@class='Pke_EE']"
}
[1744521050.599][INFO]: Waiting for pending navigations...
[1744521050.600][INFO]: Done waiting for pending navigations. Status: ok
[1744521050.614][INFO]: Waiting for pending navigations...
[1744521050.622][INFO]: Done waiting for pending navigations. Status: ok
[1744521050.622][INFO]: [96366644e4e44a0331331087ddd55f7c] RESPONSE FindElement {
   "element-6066-11e4-a52e-4f735466cecf": "f.FA7F9F0460E8C13CECE7AFB28C7D66DB.d.4345794ED3F6E0E9E229C9258A008AA6.e.99"
}
[1744521050.640][INFO]: [96366644e4e44a0331331087ddd55f7c] COMMAND ExecuteScript {
   "args": [ {
      "element-6066-11e4-a52e-4f735466cecf": "f.FA7F9F0460E8C13CECE7AFB28C7D66DB.d.4345794ED3F6E0E9E229C9258A008AA6.e.99"
   } ],
   "script": "/* isDisplayed */return (function(){return (function(){var g=this||self;\nfunction aa(a){var b=typeof a;if(\"object\"==b)if(a){if(a instanceof Array)return\"array\";if(a instanceof Object)return b;var c=Object.prototype.toString.call(a);if(\"[object Window]\"==c)return\"object\";if(\"[object Array]\"==c||\"number\"==typeof a.length&&\"undefined\"!=typeof a.splice&&\"undefined\"!=typeof a.propertyIsEnumerable&&!a.propertyIsEnumerable(\"splice\"))return\"array\";if(\"[object Function]\"==c||\"undefined\"!=typeof a.call&&\"undefined\"!=typeof a.propertyIsEnumerable&&!a.propertyIsEnumerable(\"call\"))return\"function\"}else return\"null\";else if(\"function\"==\nb&&\"undefined\"==typeof a.call)return\"object\";return b}function ca(a,b){function c(){}c.prototype=b.prototype;a.prototype=new c;a.prototype.constructor=a};var da=Array.prototype.indexOf?function(a,b){return Array.prototype.indexOf.call(a,b,void 0)}:function(a,b){if(\"string\"===typeof a)return\"string\"!==typeof b||1!=b.length?-1:a.indexOf(b,0);for(var c=0;c\u003Ca.length;c++)if(c in a&&a[c]===b)return c;return-1},ea=Array.prototype.some?function(a,b){return Array.prototype.some.call(a,b,void 0)}:function(a,b){for(var c=a.length,e=\"string\"===typeof a?a.split(\"\"):a,d=0;d\u003Cc;d++)if(d in e&&b.call(void 0,e[d],d,a))return!0;return!1},fa=Array.prototype.every?function(a,\nb){return Array.prototype.every.call(a,b,void 0)}:function(a,b){for(var c=a.length,e=\"string\"===typeof a?a.split(\"\"):a,d=0;d\u003Cc;d++)if(d in e&&!b.call(void 0,e[d],d,a))return!1;return!0};var ha={aliceblue:\"#f0f8ff\",antiquewhite:\"#faebd7\",aqua:\"#00ffff\",aquamarine:\"#7fffd4\",azure:\"#f0ffff\",beige:\"#f5f5dc\",bisque:\"#ffe4c4\",black:\"#000000\",blanchedalmond:\"#ffebcd\",blue:\"#0000ff\",blueviolet:\"#8a2be2\",brown:\"#a52a2a\",burlywood:\"#deb887\",cadetblue:\"#5f9ea0\",chartreuse:\"#7fff00\",chocolate:\"#d2691e\",coral:\"#ff7f50\",cornflowerblue:\"#6495ed\",cornsilk:\"#fff8dc\",crimson:\"#dc143c\",cyan:\"#00ffff\",darkblue:\"#00008b\",darkcyan:\"#008b8b\",darkgoldenrod:\"#b8860b\",darkgray:\"#a9a9a9\",darkgreen:\"#006400\",\ndarkgrey:\"#a9a9a9\",darkkhaki:\"#bdb76b\",darkmagenta:\"#8b008b\",darkolivegreen:\"#556b2f\",darkorange:\"#ff8c00\",darkorchid:\"#9932cc\",darkred:\"#8b0000\",darksalmon:\"#e9967a\",darkseagreen:\"#8fbc8f\",darkslateblue:\"#483d8b\",darkslategray:\"#2f4f4f\",darkslategrey:\"#2f4f4f\",darkturquoise:\"#00ced1\",darkviolet:\"#9400d3\",deeppink:\"#ff1493\",deepskyblue:\"#00bfff\",dimgray:\"#696969\",dimgrey:\"#696969\",dodgerblue:\"#1e90ff\",firebrick:\"#b22222\",floralwhite:\"#fffaf0\",forestgreen:\"#228b22\",fuchsia:\"#ff00ff\",gainsboro:\"#dcdcdc\",\nghostwhite:\"#f8f8ff\",gold:\"#ffd700\",goldenrod:\"#daa520\",gray:\"#808080\",green:\"#008000\",greenyellow:\"#adff2f\",grey:\"#808080\",honeydew:\"#f0fff0\",hotpink:\"#ff69b4\",indianred:\"#cd5c5c\",indigo:\"#4b0082\",ivory:\"#fffff0\",khaki:\"#f0e68c\",lavender:\"#e6e6fa\",lavenderblush:\"#fff0f5\",lawngreen:\"#7cfc00\",lemonchiffon:\"#fffacd\",lightblue:\"#add8e6\",lightcoral:\"#f08080\",lightcyan:\"#e0ffff\",lightgoldenrodyellow:\"#fafad2\",lightgray:\"#d3d3d3\",lightgreen:\"#90ee90\",lightgrey:\"#d3d3d3\",lightpink:\"#ffb6c1\",lightsalmon:\"#ffa07a\",\nlightseagreen:\"#20b2aa\",lightskyblue:\"#87cefa\",lightslategray:\"#778899\",lightslategrey:\"#778899\",lightsteelblue:\"#b0c4de\",lightyellow:\"#ffffe0\",lime:\"#00ff00\",limegreen:\"#32cd32\",linen:\"#faf0e6\",magenta:\"#ff00ff\",maroon:\"#800000\",mediumaquamarine:\"#66cdaa\",mediumblue:\"#0000cd\",mediumorchid:\"#ba55d3\",mediumpurple:\"#9370db\",mediumseagreen:\"#3cb371\",mediumslateblue:\"#7b68ee\",mediumspringgreen:\"#00fa9a\",mediumturquoise:\"#48d1cc\",mediumvioletred:\"#c71585\",midnightblue:\"#191970\",mintcream:\"#f5fffa\",mistyrose:\"#ffe4e1\",\nmoccasin:\"#ffe4b5\",navajowhite:\"#ffdead\",navy:\"#000080\",oldlace:\"#fdf5e6\",olive:\"#808000\",olivedrab:\"#6b8e23\",orange:\"#ffa500\",orangered:\"#ff4500\",orchid:\"#da70d6\",palegoldenrod:\"#eee8aa\",palegreen:\"#98fb98\",paleturquoise:\"#afeeee\",palevioletred:\"#db7093\",papayawhip:\"#ffefd5\",peachpuff:\"#ffdab9\",peru:\"#cd853f\",pink:\"#ffc0cb\",plum:\"#dda0dd\",powderblue:\"#b0e0e6\",purple:\"#800080\",red:\"#ff0000\",rosybrown:\"#bc8f8f\",royalblue:\"#4169e1\",saddlebrown:\"#8b4513\",salmon:\"#fa8072\",sandybrown:\"#f4a460\",seagreen:\"#2e8b57\",\nseashell:\"#fff5ee\",sienna:\"#a0522d\",silver:\"#c0c0c0\",skyblue:\"#87ceeb\",slateblue:\"#6a5acd\",slategray:\"#708090\",slategrey:\"#708090\",snow:\"#fffafa\",springgreen:\"#00ff7f\",steelblue:\"#4682b4\",tan:\"#d2b48c\",teal:\"#008080\",thistle:\"#d8bfd8\",tomato:\"#ff6347\",turquoise:\"#40e0d0\",violet:\"#ee82ee\",wheat:\"#f5deb3\",white:\"#ffffff\",whitesmoke:\"#f5f5f5\",yellow:\"#ffff00\",yellowgreen:\"#9acd32\"};var ia=\"backgroundColor borderTopColor borderRightColor borderBottomColor borderLeftColor color outlineColor\".split(\" \"),ja=/#([0-9a-fA-F])([0-9a-fA-F])([0-9a-fA-F])/,ka=/^#(?:[0-9a-f]{3}){1,2}$/i,la=/^(?:rgba)?\\((\\d{1,3}),\\s?(\\d{1,3}),\\s?(\\d{1,3}),\\s?(0|1|0\\.\\d*)\\)$/i,ma=/^(?:rgb)?\\((0|[1-9]\\d{0,2}),\\s?(0|[1-9]\\d{0,2}),\\s?(0|[1-9]\\d{0,2})\\)$/i;function m(a,b){this.code=a;this.a=p[a]||r;this.message=b||\"\";a=this.a.replace(/((?:^|\\s+)[a-z])/g,function(c){return c.toUpperCase().replace(/^[\\s\\xa0]+/g,\"\")});b=a.length-5;if(0>b||a.indexOf(\"Error\",b)!=b)a+=\"Error\";this.name=a;a=Error(this.message);a.name=this.name;this.stack=a.stack||\"\"}ca(m,Error);var r=\"unknown error\",p={15:\"element not selectable\",11:\"element not visible\"};p[31]=r;p[30]=r;p[24]=\"invalid cookie domain\";p[29]=\"invalid element coordinates\";p[12]=\"invalid element state\";\np[32]=\"invalid selector\";p[51]=\"invalid selector\";p[52]=\"invalid selector\";p[17]=\"javascript error\";p[405]=\"unsupported operation\";p[34]=\"move target out of bounds\";p[27]=\"no such alert\";p[7]=\"no such element\";p[8]=\"no such frame\";p[23]=\"no such window\";p[28]=\"script timeout\";p[33]=\"session not created\";p[10]=\"stale element reference\";p[21]=\"timeout\";p[25]=\"unable to set cookie\";p[26]=\"unexpected alert open\";p[13]=r;p[9]=\"unknown command\";var u=String.prototype.trim?function(a){return a.trim()}:function(a){return/^[\\s\\xa0]*([\\s\\S]*?)[\\s\\xa0]*$/.exec(a)[1]};\nfunction na(a,b){var c=0;a=u(String(a)).split(\".\");b=u(String(b)).split(\".\");for(var e=Math.max(a.length,b.length),d=0;0==c&&d\u003Ce;d++){var f=a[d]||\"\",h=b[d]||\"\";do{f=/(\\d*)(\\D*)(.*)/.exec(f)||[\"\",\"\",\"\",\"\"];h=/(\\d*)(\\D*)(.*)/.exec(h)||[\"\",\"\",\"\",\"\"];if(0==f[0].length&&0==h[0].length)break;c=v(0==f[1].length?0:parseInt(f[1],10),0==h[1].length?0:parseInt(h[1],10))||v(0==f[2].length,0==h[2].length)||v(f[2],h[2]);f=f[3];h=h[3]}while(0==c)}return c}function v(a,b){return a\u003Cb?-1:a>b?1:0};var w;a:{var oa=g.navigator;if(oa){var sa=oa.userAgent;if(sa){w=sa;break a}}w=\"\"}function x(a){return-1!=w.indexOf(a)};function y(){return x(\"Firefox\")||x(\"FxiOS\")}function A(){return(x(\"Chrome\")||x(\"CriOS\"))&&!x(\"Edge\")};function ta(a){return String(a).replace(/\\-([a-z])/g,function(b,c){return c.toUpperCase()})};function B(){return x(\"iPhone\")&&!x(\"iPod\")&&!x(\"iPad\")};function ua(a,b){var c=va;return Object.prototype.hasOwnProperty.call(c,a)?c[a]:c[a]=b(a)};var wa=x(\"Opera\"),C=x(\"Trident\")||x(\"MSIE\"),xa=x(\"Edge\"),ya=x(\"Gecko\")&&!(-1!=w.toLowerCase().indexOf(\"webkit\")&&!x(\"Edge\"))&&!(x(\"Trident\")||x(\"MSIE\"))&&!x(\"Edge\"),za=-1!=w.toLowerCase().indexOf(\"webkit\")&&!x(\"Edge\");function Aa(){var a=g.document;return a?a.documentMode:void 0}var E;\na:{var F=\"\",G=function(){var a=w;if(ya)return/rv:([^\\);]+)(\\)|;)/.exec(a);if(xa)return/Edge\\/([\\d\\.]+)/.exec(a);if(C)return/\\b(?:MSIE|rv)[: ]([^\\);]+)(\\)|;)/.exec(a);if(za)return/WebKit\\/(\\S+)/.exec(a);if(wa)return/(?:Version)[ \\/]?(\\S+)/.exec(a)}();G&&(F=G?G[1]:\"\");if(C){var H=Aa();if(null!=H&&H>parseFloat(F)){E=String(H);break a}}E=F}var va={};function Ba(a){return ua(a,function(){return 0\u003C=na(E,a)})}var I;I=g.document&&C?Aa():void 0;var Ca=y(),Da=B()||x(\"iPod\"),Ea=x(\"iPad\"),Fa=x(\"Android\")&&!(A()||y()||x(\"Opera\")||x(\"Silk\")),Ga=A(),Ha=x(\"Safari\")&&!(A()||x(\"Coast\")||x(\"Opera\")||x(\"Edge\")||x(\"Edg/\")||x(\"OPR\")||y()||x(\"Silk\")||x(\"Android\"))&&!(B()||x(\"iPad\")||x(\"iPod\"));function J(a){return(a=a.exec(w))?a[1]:\"\"}(function(){if(Ca)return J(/Firefox\\/([0-9.]+)/);if(C||xa||wa)return E;if(Ga)return B()||x(\"iPad\")||x(\"iPod\")?J(/CriOS\\/([0-9.]+)/):J(/Chrome\\/([0-9.]+)/);if(Ha&&!(B()||x(\"iPad\")||x(\"iPod\")))return J(/Version\\/([0-9.]+)/);if(Da||Ea){var a=/Version\\/(\\S+).*Mobile\\/(\\S+)/.exec(w);if(a)return a[1]+\".\"+a[2]}else if(Fa)return(a=J(/Android\\s+([0-9.]+)/))?a:J(/Version\\/([0-9.]+)/);return\"\"})();var K;if(K=C)K=!(9\u003C=Number(I));var Ia=K;function L(a,b){this.x=void 0!==a?a:0;this.y=void 0!==b?b:0}L.prototype.ceil=function(){this.x=Math.ceil(this.x);this.y=Math.ceil(this.y);return this};L.prototype.floor=function(){this.x=Math.floor(this.x);this.y=Math.floor(this.y);return this};L.prototype.round=function(){this.x=Math.round(this.x);this.y=Math.round(this.y);return this};function M(a,b){this.width=a;this.height=b}M.prototype.aspectRatio=function(){return this.width/this.height};M.prototype.ceil=function(){this.width=Math.ceil(this.width);this.height=Math.ceil(this.height);return this};M.prototype.floor=function(){this.width=Math.floor(this.width);this.height=Math.floor(this.height);return this};M.prototype.round=function(){this.width=Math.round(this.width);this.height=Math.round(this.height);return this};function N(a){return 9==a.nodeType?a:a.ownerDocument||a.document}function Ja(a,b){a&&(a=a.parentNode);for(var c=0;a;){if(b(a))return a;a=a.parentNode;c++}return null}function Ka(a){this.a=a||g.document||document};function P(a,b){b&&\"string\"!==typeof b&&(b=b.toString());return!!a&&1==a.nodeType&&(!b||a.tagName.toUpperCase()==b)};function Q(a,b,c,e){this.f=a;this.a=b;this.b=c;this.c=e}Q.prototype.ceil=function(){this.f=Math.ceil(this.f);this.a=Math.ceil(this.a);this.b=Math.ceil(this.b);this.c=Math.ceil(this.c);return this};Q.prototype.floor=function(){this.f=Math.floor(this.f);this.a=Math.floor(this.a);this.b=Math.floor(this.b);this.c=Math.floor(this.c);return this};Q.prototype.round=function(){this.f=Math.round(this.f);this.a=Math.round(this.a);this.b=Math.round(this.b);this.c=Math.round(this.c);return this};function R(a,b,c,e){this.a=a;this.b=b;this.width=c;this.height=e}R.prototype.ceil=function(){this.a=Math.ceil(this.a);this.b=Math.ceil(this.b);this.width=Math.ceil(this.width);this.height=Math.ceil(this.height);return this};R.prototype.floor=function(){this.a=Math.floor(this.a);this.b=Math.floor(this.b);this.width=Math.floor(this.width);this.height=Math.floor(this.height);return this};\nR.prototype.round=function(){this.a=Math.round(this.a);this.b=Math.round(this.b);this.width=Math.round(this.width);this.height=Math.round(this.height);return this};var La=\"function\"===typeof ShadowRoot;function S(a){for(a=a.parentNode;a&&1!=a.nodeType&&9!=a.nodeType&&11!=a.nodeType;)a=a.parentNode;return P(a)?a:null}\nfunction T(a,b){b=ta(b);if(\"float\"==b||\"cssFloat\"==b||\"styleFloat\"==b)b=Ia?\"styleFloat\":\"cssFloat\";a:{var c=b;var e=N(a);if(e.defaultView&&e.defaultView.getComputedStyle&&(e=e.defaultView.getComputedStyle(a,null))){c=e[c]||e.getPropertyValue(c)||\"\";break a}c=\"\"}a=c||Ma(a,b);if(null===a)a=null;else if(0\u003C=da(ia,b)){b:{var d=a.match(la);if(d&&(b=Number(d[1]),c=Number(d[2]),e=Number(d[3]),d=Number(d[4]),0\u003C=b&&255>=b&&0\u003C=c&&255>=c&&0\u003C=e&&255>=e&&0\u003C=d&&1>=d)){b=[b,c,e,d];break b}b=null}if(!b)b:{if(e=a.match(ma))if(b=\nNumber(e[1]),c=Number(e[2]),e=Number(e[3]),0\u003C=b&&255>=b&&0\u003C=c&&255>=c&&0\u003C=e&&255>=e){b=[b,c,e,1];break b}b=null}if(!b)b:{b=a.toLowerCase();c=ha[b.toLowerCase()];if(!c&&(c=\"#\"==b.charAt(0)?b:\"#\"+b,4==c.length&&(c=c.replace(ja,\"#$1$1$2$2$3$3\")),!ka.test(c))){b=null;break b}b=[parseInt(c.substr(1,2),16),parseInt(c.substr(3,2),16),parseInt(c.substr(5,2),16),1]}a=b?\"rgba(\"+b.join(\", \")+\")\":a}return a}\nfunction Ma(a,b){var c=a.currentStyle||a.style,e=c[b];void 0===e&&\"function\"==aa(c.getPropertyValue)&&(e=c.getPropertyValue(b));return\"inherit\"!=e?void 0!==e?e:null:(a=S(a))?Ma(a,b):null}\nfunction U(a,b,c){function e(h){var n=V(h);return 0\u003Cn.height&&0\u003Cn.width?!0:P(h,\"PATH\")&&(0\u003Cn.height||0\u003Cn.width)?(h=T(h,\"stroke-width\"),!!h&&0\u003CparseInt(h,10)):\"hidden\"!=T(h,\"overflow\")&&ea(h.childNodes,function(D){return 3==D.nodeType||P(D)&&e(D)})}function d(h){return Na(h)==W&&fa(h.childNodes,function(n){return!P(n)||d(n)||!e(n)})}if(!P(a))throw Error(\"Argument to isShown must be of type Element\");if(P(a,\"BODY\"))return!0;if(P(a,\"OPTION\")||P(a,\"OPTGROUP\"))return a=Ja(a,function(h){return P(h,\"SELECT\")}),\n!!a&&U(a,!0,c);var f=Oa(a);if(f)return!!f.image&&0\u003Cf.rect.width&&0\u003Cf.rect.height&&U(f.image,b,c);if(P(a,\"INPUT\")&&\"hidden\"==a.type.toLowerCase()||P(a,\"NOSCRIPT\"))return!1;f=T(a,\"visibility\");return\"collapse\"!=f&&\"hidden\"!=f&&c(a)&&(b||0!=Pa(a))&&e(a)?!d(a):!1}var W=\"hidden\";\nfunction Na(a){function b(k){function l(ba){if(ba==h)return!0;var pa=T(ba,\"display\");return 0==pa.lastIndexOf(\"inline\",0)||\"contents\"==pa||\"absolute\"==qa&&\"static\"==T(ba,\"position\")?!1:!0}var qa=T(k,\"position\");if(\"fixed\"==qa)return ra=!0,k==h?null:h;for(k=S(k);k&&!l(k);)k=S(k);return k}function c(k){var l=k;if(\"visible\"==D)if(k==h&&n)l=n;else if(k==n)return{x:\"visible\",y:\"visible\"};l={x:T(l,\"overflow-x\"),y:T(l,\"overflow-y\")};k==h&&(l.x=\"visible\"==l.x?\"auto\":l.x,l.y=\"visible\"==l.y?\"auto\":l.y);return l}\nfunction e(k){if(k==h){var l=(new Ka(f)).a;k=l.scrollingElement?l.scrollingElement:za||\"CSS1Compat\"!=l.compatMode?l.body||l.documentElement:l.documentElement;l=l.parentWindow||l.defaultView;k=C&&Ba(\"10\")&&l.pageYOffset!=k.scrollTop?new L(k.scrollLeft,k.scrollTop):new L(l.pageXOffset||k.scrollLeft,l.pageYOffset||k.scrollTop)}else k=new L(k.scrollLeft,k.scrollTop);return k}var d=Qa(a),f=N(a),h=f.documentElement,n=f.body,D=T(h,\"overflow\"),ra;for(a=b(a);a;a=b(a)){var q=c(a);if(\"visible\"!=q.x||\"visible\"!=\nq.y){var t=V(a);if(0==t.width||0==t.height)return W;var z=d.a\u003Ct.a,O=d.b\u003Ct.b;if(z&&\"hidden\"==q.x||O&&\"hidden\"==q.y)return W;if(z&&\"visible\"!=q.x||O&&\"visible\"!=q.y){z=e(a);O=d.b\u003Ct.b-z.y;if(d.a\u003Ct.a-z.x&&\"visible\"!=q.x||O&&\"visible\"!=q.x)return W;d=Na(a);return d==W?W:\"scroll\"}z=d.c>=t.a+t.width;t=d.f>=t.b+t.height;if(z&&\"hidden\"==q.x||t&&\"hidden\"==q.y)return W;if(z&&\"visible\"!=q.x||t&&\"visible\"!=q.y){if(ra&&(q=e(a),d.c>=h.scrollWidth-q.x||d.a>=h.scrollHeight-q.y))return W;d=Na(a);return d==W?W:\"scroll\"}}}return\"none\"}\nfunction V(a){var b=Oa(a);if(b)return b.rect;if(P(a,\"HTML\"))return a=N(a),a=((a?a.parentWindow||a.defaultView:window)||window).document,a=\"CSS1Compat\"==a.compatMode?a.documentElement:a.body,a=new M(a.clientWidth,a.clientHeight),new R(0,0,a.width,a.height);try{var c=a.getBoundingClientRect()}catch(e){return new R(0,0,0,0)}b=new R(c.left,c.top,c.right-c.left,c.bottom-c.top);C&&a.ownerDocument.body&&(a=N(a),b.a-=a.documentElement.clientLeft+a.body.clientLeft,b.b-=a.documentElement.clientTop+a.body.clientTop);\nreturn b}\nfunction Oa(a){var b=P(a,\"MAP\");if(!b&&!P(a,\"AREA\"))return null;var c=b?a:P(a.parentNode,\"MAP\")?a.parentNode:null,e=null,d=null;if(c&&c.name){e='*[usemap=\"#'+c.name+'\"]';c=N(c);var f;if(f=\"function\"!=aa(c.querySelector)&&C&&(C?0\u003C=na(I,8):Ba(8))){f=c.querySelector;var h=typeof f;f=!(\"object\"==h&&null!=f||\"function\"==h)}if(f)throw Error(\"CSS selection is not supported\");if(!e)throw new m(32,\"No selector specified\");e=u(e);try{var n=c.querySelector(e)}catch(D){throw new m(32,\"An invalid or illegal selector was specified\");}if(e=\nn&&1==n.nodeType?n:null)d=V(e),b||\"default\"==a.shape.toLowerCase()||(a=Ra(a),b=Math.min(Math.max(a.a,0),d.width),n=Math.min(Math.max(a.b,0),d.height),d=new R(b+d.a,n+d.b,Math.min(a.width,d.width-b),Math.min(a.height,d.height-n)))}return{image:e,rect:d||new R(0,0,0,0)}}\nfunction Ra(a){var b=a.shape.toLowerCase();a=a.coords.split(\",\");if(\"rect\"==b&&4==a.length){b=a[0];var c=a[1];return new R(b,c,a[2]-b,a[3]-c)}if(\"circle\"==b&&3==a.length)return b=a[2],new R(a[0]-b,a[1]-b,2*b,2*b);if(\"poly\"==b&&2\u003Ca.length){b=a[0];c=a[1];for(var e=b,d=c,f=2;f+1\u003Ca.length;f+=2)b=Math.min(b,a[f]),e=Math.max(e,a[f]),c=Math.min(c,a[f+1]),d=Math.max(d,a[f+1]);return new R(b,c,e-b,d-c)}return new R(0,0,0,0)}function Qa(a){a=V(a);return new Q(a.b,a.a+a.width,a.b+a.height,a.a)}\nfunction Pa(a){if(Ia){if(\"relative\"==T(a,\"position\"))return 1;a=T(a,\"filter\");return(a=a.match(/^alpha\\(opacity=(\\d*)\\)/)||a.match(/^progid:DXImageTransform.Microsoft.Alpha\\(Opacity=(\\d*)\\)/))?Number(a[1])/100:1}return Sa(a)}function Sa(a){var b=1,c=T(a,\"opacity\");c&&(b=Number(c));(a=S(a))&&(b*=Sa(a));return b};function Ta(a,b){function c(e){if(P(e)&&\"none\"==T(e,\"display\"))return!1;var d;if((d=e.parentNode)&&d.shadowRoot&&void 0!==e.assignedSlot)d=e.assignedSlot?e.assignedSlot.parentNode:null;else if(e.getDestinationInsertionPoints){var f=e.getDestinationInsertionPoints();0\u003Cf.length&&(d=f[f.length-1])}if(La&&d instanceof ShadowRoot){if(d.host.shadowRoot&&d.host.shadowRoot!==d)return!1;d=d.host}return!d||9!=d.nodeType&&11!=d.nodeType?d&&P(d,\"DETAILS\")&&!d.open&&!P(e,\"SUMMARY\")?!1:!!d&&c(d):!0}return U(a,\n!!b,c)}var X=[\"_\"],Y=g;X[0]in Y||\"undefined\"==typeof Y.execScript||Y.execScript(\"var \"+X[0]);for(var Z;X.length&&(Z=X.shift());)X.length||void 0===Ta?Y[Z]&&Y[Z]!==Object.prototype[Z]?Y=Y[Z]:Y=Y[Z]={}:Y[Z]=Ta;; return this._.apply(null,arguments);}).apply({navigator:typeof window!='undefined'?window.navigator:null,document:typeof window!='undefined'?window.document:null}, arguments);}\n).apply(null, arguments);"
}
[1744521050.641][INFO]: Waiting for pending navigations...
[1744521050.647][INFO]: Done waiting for pending navigations. Status: ok
[1744521050.664][INFO]: Waiting for pending navigations...
[1744521050.668][INFO]: Done waiting for pending navigations. Status: ok
[1744521050.668][INFO]: [96366644e4e44a0331331087ddd55f7c] RESPONSE ExecuteScript true
[1744521050.677][INFO]: [96366644e4e44a0331331087ddd55f7c] COMMAND IsElementEnabled {
   "id": "f.FA7F9F0460E8C13CECE7AFB28C7D66DB.d.4345794ED3F6E0E9E229C9258A008AA6.e.99"
}
[1744521050.677][INFO]: Waiting for pending navigations...
[1744521050.681][INFO]: Done waiting for pending navigations. Status: ok
[1744521050.699][INFO]: Waiting for pending navigations...
[1744521050.704][INFO]: Done waiting for pending navigations. Status: ok
[1744521050.704][INFO]: [96366644e4e44a0331331087ddd55f7c] RESPONSE IsElementEnabled true
[1744521050.717][INFO]: [96366644e4e44a0331331087ddd55f7c] COMMAND ExecuteScript {
   "args": [ {
      "element-6066-11e4-a52e-4f735466cecf": "f.FA7F9F0460E8C13CECE7AFB28C7D66DB.d.4345794ED3F6E0E9E229C9258A008AA6.e.99"
   } ],
   "script": "/* isDisplayed */return (function(){return (function(){var g=this||self;\nfunction aa(a){var b=typeof a;if(\"object\"==b)if(a){if(a instanceof Array)return\"array\";if(a instanceof Object)return b;var c=Object.prototype.toString.call(a);if(\"[object Window]\"==c)return\"object\";if(\"[object Array]\"==c||\"number\"==typeof a.length&&\"undefined\"!=typeof a.splice&&\"undefined\"!=typeof a.propertyIsEnumerable&&!a.propertyIsEnumerable(\"splice\"))return\"array\";if(\"[object Function]\"==c||\"undefined\"!=typeof a.call&&\"undefined\"!=typeof a.propertyIsEnumerable&&!a.propertyIsEnumerable(\"call\"))return\"function\"}else return\"null\";else if(\"function\"==\nb&&\"undefined\"==typeof a.call)return\"object\";return b}function ca(a,b){function c(){}c.prototype=b.prototype;a.prototype=new c;a.prototype.constructor=a};var da=Array.prototype.indexOf?function(a,b){return Array.prototype.indexOf.call(a,b,void 0)}:function(a,b){if(\"string\"===typeof a)return\"string\"!==typeof b||1!=b.length?-1:a.indexOf(b,0);for(var c=0;c\u003Ca.length;c++)if(c in a&&a[c]===b)return c;return-1},ea=Array.prototype.some?function(a,b){return Array.prototype.some.call(a,b,void 0)}:function(a,b){for(var c=a.length,e=\"string\"===typeof a?a.split(\"\"):a,d=0;d\u003Cc;d++)if(d in e&&b.call(void 0,e[d],d,a))return!0;return!1},fa=Array.prototype.every?function(a,\nb){return Array.prototype.every.call(a,b,void 0)}:function(a,b){for(var c=a.length,e=\"string\"===typeof a?a.split(\"\"):a,d=0;d\u003Cc;d++)if(d in e&&!b.call(void 0,e[d],d,a))return!1;return!0};var ha={aliceblue:\"#f0f8ff\",antiquewhite:\"#faebd7\",aqua:\"#00ffff\",aquamarine:\"#7fffd4\",azure:\"#f0ffff\",beige:\"#f5f5dc\",bisque:\"#ffe4c4\",black:\"#000000\",blanchedalmond:\"#ffebcd\",blue:\"#0000ff\",blueviolet:\"#8a2be2\",brown:\"#a52a2a\",burlywood:\"#deb887\",cadetblue:\"#5f9ea0\",chartreuse:\"#7fff00\",chocolate:\"#d2691e\",coral:\"#ff7f50\",cornflowerblue:\"#6495ed\",cornsilk:\"#fff8dc\",crimson:\"#dc143c\",cyan:\"#00ffff\",darkblue:\"#00008b\",darkcyan:\"#008b8b\",darkgoldenrod:\"#b8860b\",darkgray:\"#a9a9a9\",darkgreen:\"#006400\",\ndarkgrey:\"#a9a9a9\",darkkhaki:\"#bdb76b\",darkmagenta:\"#8b008b\",darkolivegreen:\"#556b2f\",darkorange:\"#ff8c00\",darkorchid:\"#9932cc\",darkred:\"#8b0000\",darksalmon:\"#e9967a\",darkseagreen:\"#8fbc8f\",darkslateblue:\"#483d8b\",darkslategray:\"#2f4f4f\",darkslategrey:\"#2f4f4f\",darkturquoise:\"#00ced1\",darkviolet:\"#9400d3\",deeppink:\"#ff1493\",deepskyblue:\"#00bfff\",dimgray:\"#696969\",dimgrey:\"#696969\",dodgerblue:\"#1e90ff\",firebrick:\"#b22222\",floralwhite:\"#fffaf0\",forestgreen:\"#228b22\",fuchsia:\"#ff00ff\",gainsboro:\"#dcdcdc\",\nghostwhite:\"#f8f8ff\",gold:\"#ffd700\",goldenrod:\"#daa520\",gray:\"#808080\",green:\"#008000\",greenyellow:\"#adff2f\",grey:\"#808080\",honeydew:\"#f0fff0\",hotpink:\"#ff69b4\",indianred:\"#cd5c5c\",indigo:\"#4b0082\",ivory:\"#fffff0\",khaki:\"#f0e68c\",lavender:\"#e6e6fa\",lavenderblush:\"#fff0f5\",lawngreen:\"#7cfc00\",lemonchiffon:\"#fffacd\",lightblue:\"#add8e6\",lightcoral:\"#f08080\",lightcyan:\"#e0ffff\",lightgoldenrodyellow:\"#fafad2\",lightgray:\"#d3d3d3\",lightgreen:\"#90ee90\",lightgrey:\"#d3d3d3\",lightpink:\"#ffb6c1\",lightsalmon:\"#ffa07a\",\nlightseagreen:\"#20b2aa\",lightskyblue:\"#87cefa\",lightslategray:\"#778899\",lightslategrey:\"#778899\",lightsteelblue:\"#b0c4de\",lightyellow:\"#ffffe0\",lime:\"#00ff00\",limegreen:\"#32cd32\",linen:\"#faf0e6\",magenta:\"#ff00ff\",maroon:\"#800000\",mediumaquamarine:\"#66cdaa\",mediumblue:\"#0000cd\",mediumorchid:\"#ba55d3\",mediumpurple:\"#9370db\",mediumseagreen:\"#3cb371\",mediumslateblue:\"#7b68ee\",mediumspringgreen:\"#00fa9a\",mediumturquoise:\"#48d1cc\",mediumvioletred:\"#c71585\",midnightblue:\"#191970\",mintcream:\"#f5fffa\",mistyrose:\"#ffe4e1\",\nmoccasin:\"#ffe4b5\",navajowhite:\"#ffdead\",navy:\"#000080\",oldlace:\"#fdf5e6\",olive:\"#808000\",olivedrab:\"#6b8e23\",orange:\"#ffa500\",orangered:\"#ff4500\",orchid:\"#da70d6\",palegoldenrod:\"#eee8aa\",palegreen:\"#98fb98\",paleturquoise:\"#afeeee\",palevioletred:\"#db7093\",papayawhip:\"#ffefd5\",peachpuff:\"#ffdab9\",peru:\"#cd853f\",pink:\"#ffc0cb\",plum:\"#dda0dd\",powderblue:\"#b0e0e6\",purple:\"#800080\",red:\"#ff0000\",rosybrown:\"#bc8f8f\",royalblue:\"#4169e1\",saddlebrown:\"#8b4513\",salmon:\"#fa8072\",sandybrown:\"#f4a460\",seagreen:\"#2e8b57\",\nseashell:\"#fff5ee\",sienna:\"#a0522d\",silver:\"#c0c0c0\",skyblue:\"#87ceeb\",slateblue:\"#6a5acd\",slategray:\"#708090\",slategrey:\"#708090\",snow:\"#fffafa\",springgreen:\"#00ff7f\",steelblue:\"#4682b4\",tan:\"#d2b48c\",teal:\"#008080\",thistle:\"#d8bfd8\",tomato:\"#ff6347\",turquoise:\"#40e0d0\",violet:\"#ee82ee\",wheat:\"#f5deb3\",white:\"#ffffff\",whitesmoke:\"#f5f5f5\",yellow:\"#ffff00\",yellowgreen:\"#9acd32\"};var ia=\"backgroundColor borderTopColor borderRightColor borderBottomColor borderLeftColor color outlineColor\".split(\" \"),ja=/#([0-9a-fA-F])([0-9a-fA-F])([0-9a-fA-F])/,ka=/^#(?:[0-9a-f]{3}){1,2}$/i,la=/^(?:rgba)?\\((\\d{1,3}),\\s?(\\d{1,3}),\\s?(\\d{1,3}),\\s?(0|1|0\\.\\d*)\\)$/i,ma=/^(?:rgb)?\\((0|[1-9]\\d{0,2}),\\s?(0|[1-9]\\d{0,2}),\\s?(0|[1-9]\\d{0,2})\\)$/i;function m(a,b){this.code=a;this.a=p[a]||r;this.message=b||\"\";a=this.a.replace(/((?:^|\\s+)[a-z])/g,function(c){return c.toUpperCase().replace(/^[\\s\\xa0]+/g,\"\")});b=a.length-5;if(0>b||a.indexOf(\"Error\",b)!=b)a+=\"Error\";this.name=a;a=Error(this.message);a.name=this.name;this.stack=a.stack||\"\"}ca(m,Error);var r=\"unknown error\",p={15:\"element not selectable\",11:\"element not visible\"};p[31]=r;p[30]=r;p[24]=\"invalid cookie domain\";p[29]=\"invalid element coordinates\";p[12]=\"invalid element state\";\np[32]=\"invalid selector\";p[51]=\"invalid selector\";p[52]=\"invalid selector\";p[17]=\"javascript error\";p[405]=\"unsupported operation\";p[34]=\"move target out of bounds\";p[27]=\"no such alert\";p[7]=\"no such element\";p[8]=\"no such frame\";p[23]=\"no such window\";p[28]=\"script timeout\";p[33]=\"session not created\";p[10]=\"stale element reference\";p[21]=\"timeout\";p[25]=\"unable to set cookie\";p[26]=\"unexpected alert open\";p[13]=r;p[9]=\"unknown command\";var u=String.prototype.trim?function(a){return a.trim()}:function(a){return/^[\\s\\xa0]*([\\s\\S]*?)[\\s\\xa0]*$/.exec(a)[1]};\nfunction na(a,b){var c=0;a=u(String(a)).split(\".\");b=u(String(b)).split(\".\");for(var e=Math.max(a.length,b.length),d=0;0==c&&d\u003Ce;d++){var f=a[d]||\"\",h=b[d]||\"\";do{f=/(\\d*)(\\D*)(.*)/.exec(f)||[\"\",\"\",\"\",\"\"];h=/(\\d*)(\\D*)(.*)/.exec(h)||[\"\",\"\",\"\",\"\"];if(0==f[0].length&&0==h[0].length)break;c=v(0==f[1].length?0:parseInt(f[1],10),0==h[1].length?0:parseInt(h[1],10))||v(0==f[2].length,0==h[2].length)||v(f[2],h[2]);f=f[3];h=h[3]}while(0==c)}return c}function v(a,b){return a\u003Cb?-1:a>b?1:0};var w;a:{var oa=g.navigator;if(oa){var sa=oa.userAgent;if(sa){w=sa;break a}}w=\"\"}function x(a){return-1!=w.indexOf(a)};function y(){return x(\"Firefox\")||x(\"FxiOS\")}function A(){return(x(\"Chrome\")||x(\"CriOS\"))&&!x(\"Edge\")};function ta(a){return String(a).replace(/\\-([a-z])/g,function(b,c){return c.toUpperCase()})};function B(){return x(\"iPhone\")&&!x(\"iPod\")&&!x(\"iPad\")};function ua(a,b){var c=va;return Object.prototype.hasOwnProperty.call(c,a)?c[a]:c[a]=b(a)};var wa=x(\"Opera\"),C=x(\"Trident\")||x(\"MSIE\"),xa=x(\"Edge\"),ya=x(\"Gecko\")&&!(-1!=w.toLowerCase().indexOf(\"webkit\")&&!x(\"Edge\"))&&!(x(\"Trident\")||x(\"MSIE\"))&&!x(\"Edge\"),za=-1!=w.toLowerCase().indexOf(\"webkit\")&&!x(\"Edge\");function Aa(){var a=g.document;return a?a.documentMode:void 0}var E;\na:{var F=\"\",G=function(){var a=w;if(ya)return/rv:([^\\);]+)(\\)|;)/.exec(a);if(xa)return/Edge\\/([\\d\\.]+)/.exec(a);if(C)return/\\b(?:MSIE|rv)[: ]([^\\);]+)(\\)|;)/.exec(a);if(za)return/WebKit\\/(\\S+)/.exec(a);if(wa)return/(?:Version)[ \\/]?(\\S+)/.exec(a)}();G&&(F=G?G[1]:\"\");if(C){var H=Aa();if(null!=H&&H>parseFloat(F)){E=String(H);break a}}E=F}var va={};function Ba(a){return ua(a,function(){return 0\u003C=na(E,a)})}var I;I=g.document&&C?Aa():void 0;var Ca=y(),Da=B()||x(\"iPod\"),Ea=x(\"iPad\"),Fa=x(\"Android\")&&!(A()||y()||x(\"Opera\")||x(\"Silk\")),Ga=A(),Ha=x(\"Safari\")&&!(A()||x(\"Coast\")||x(\"Opera\")||x(\"Edge\")||x(\"Edg/\")||x(\"OPR\")||y()||x(\"Silk\")||x(\"Android\"))&&!(B()||x(\"iPad\")||x(\"iPod\"));function J(a){return(a=a.exec(w))?a[1]:\"\"}(function(){if(Ca)return J(/Firefox\\/([0-9.]+)/);if(C||xa||wa)return E;if(Ga)return B()||x(\"iPad\")||x(\"iPod\")?J(/CriOS\\/([0-9.]+)/):J(/Chrome\\/([0-9.]+)/);if(Ha&&!(B()||x(\"iPad\")||x(\"iPod\")))return J(/Version\\/([0-9.]+)/);if(Da||Ea){var a=/Version\\/(\\S+).*Mobile\\/(\\S+)/.exec(w);if(a)return a[1]+\".\"+a[2]}else if(Fa)return(a=J(/Android\\s+([0-9.]+)/))?a:J(/Version\\/([0-9.]+)/);return\"\"})();var K;if(K=C)K=!(9\u003C=Number(I));var Ia=K;function L(a,b){this.x=void 0!==a?a:0;this.y=void 0!==b?b:0}L.prototype.ceil=function(){this.x=Math.ceil(this.x);this.y=Math.ceil(this.y);return this};L.prototype.floor=function(){this.x=Math.floor(this.x);this.y=Math.floor(this.y);return this};L.prototype.round=function(){this.x=Math.round(this.x);this.y=Math.round(this.y);return this};function M(a,b){this.width=a;this.height=b}M.prototype.aspectRatio=function(){return this.width/this.height};M.prototype.ceil=function(){this.width=Math.ceil(this.width);this.height=Math.ceil(this.height);return this};M.prototype.floor=function(){this.width=Math.floor(this.width);this.height=Math.floor(this.height);return this};M.prototype.round=function(){this.width=Math.round(this.width);this.height=Math.round(this.height);return this};function N(a){return 9==a.nodeType?a:a.ownerDocument||a.document}function Ja(a,b){a&&(a=a.parentNode);for(var c=0;a;){if(b(a))return a;a=a.parentNode;c++}return null}function Ka(a){this.a=a||g.document||document};function P(a,b){b&&\"string\"!==typeof b&&(b=b.toString());return!!a&&1==a.nodeType&&(!b||a.tagName.toUpperCase()==b)};function Q(a,b,c,e){this.f=a;this.a=b;this.b=c;this.c=e}Q.prototype.ceil=function(){this.f=Math.ceil(this.f);this.a=Math.ceil(this.a);this.b=Math.ceil(this.b);this.c=Math.ceil(this.c);return this};Q.prototype.floor=function(){this.f=Math.floor(this.f);this.a=Math.floor(this.a);this.b=Math.floor(this.b);this.c=Math.floor(this.c);return this};Q.prototype.round=function(){this.f=Math.round(this.f);this.a=Math.round(this.a);this.b=Math.round(this.b);this.c=Math.round(this.c);return this};function R(a,b,c,e){this.a=a;this.b=b;this.width=c;this.height=e}R.prototype.ceil=function(){this.a=Math.ceil(this.a);this.b=Math.ceil(this.b);this.width=Math.ceil(this.width);this.height=Math.ceil(this.height);return this};R.prototype.floor=function(){this.a=Math.floor(this.a);this.b=Math.floor(this.b);this.width=Math.floor(this.width);this.height=Math.floor(this.height);return this};\nR.prototype.round=function(){this.a=Math.round(this.a);this.b=Math.round(this.b);this.width=Math.round(this.width);this.height=Math.round(this.height);return this};var La=\"function\"===typeof ShadowRoot;function S(a){for(a=a.parentNode;a&&1!=a.nodeType&&9!=a.nodeType&&11!=a.nodeType;)a=a.parentNode;return P(a)?a:null}\nfunction T(a,b){b=ta(b);if(\"float\"==b||\"cssFloat\"==b||\"styleFloat\"==b)b=Ia?\"styleFloat\":\"cssFloat\";a:{var c=b;var e=N(a);if(e.defaultView&&e.defaultView.getComputedStyle&&(e=e.defaultView.getComputedStyle(a,null))){c=e[c]||e.getPropertyValue(c)||\"\";break a}c=\"\"}a=c||Ma(a,b);if(null===a)a=null;else if(0\u003C=da(ia,b)){b:{var d=a.match(la);if(d&&(b=Number(d[1]),c=Number(d[2]),e=Number(d[3]),d=Number(d[4]),0\u003C=b&&255>=b&&0\u003C=c&&255>=c&&0\u003C=e&&255>=e&&0\u003C=d&&1>=d)){b=[b,c,e,d];break b}b=null}if(!b)b:{if(e=a.match(ma))if(b=\nNumber(e[1]),c=Number(e[2]),e=Number(e[3]),0\u003C=b&&255>=b&&0\u003C=c&&255>=c&&0\u003C=e&&255>=e){b=[b,c,e,1];break b}b=null}if(!b)b:{b=a.toLowerCase();c=ha[b.toLowerCase()];if(!c&&(c=\"#\"==b.charAt(0)?b:\"#\"+b,4==c.length&&(c=c.replace(ja,\"#$1$1$2$2$3$3\")),!ka.test(c))){b=null;break b}b=[parseInt(c.substr(1,2),16),parseInt(c.substr(3,2),16),parseInt(c.substr(5,2),16),1]}a=b?\"rgba(\"+b.join(\", \")+\")\":a}return a}\nfunction Ma(a,b){var c=a.currentStyle||a.style,e=c[b];void 0===e&&\"function\"==aa(c.getPropertyValue)&&(e=c.getPropertyValue(b));return\"inherit\"!=e?void 0!==e?e:null:(a=S(a))?Ma(a,b):null}\nfunction U(a,b,c){function e(h){var n=V(h);return 0\u003Cn.height&&0\u003Cn.width?!0:P(h,\"PATH\")&&(0\u003Cn.height||0\u003Cn.width)?(h=T(h,\"stroke-width\"),!!h&&0\u003CparseInt(h,10)):\"hidden\"!=T(h,\"overflow\")&&ea(h.childNodes,function(D){return 3==D.nodeType||P(D)&&e(D)})}function d(h){return Na(h)==W&&fa(h.childNodes,function(n){return!P(n)||d(n)||!e(n)})}if(!P(a))throw Error(\"Argument to isShown must be of type Element\");if(P(a,\"BODY\"))return!0;if(P(a,\"OPTION\")||P(a,\"OPTGROUP\"))return a=Ja(a,function(h){return P(h,\"SELECT\")}),\n!!a&&U(a,!0,c);var f=Oa(a);if(f)return!!f.image&&0\u003Cf.rect.width&&0\u003Cf.rect.height&&U(f.image,b,c);if(P(a,\"INPUT\")&&\"hidden\"==a.type.toLowerCase()||P(a,\"NOSCRIPT\"))return!1;f=T(a,\"visibility\");return\"collapse\"!=f&&\"hidden\"!=f&&c(a)&&(b||0!=Pa(a))&&e(a)?!d(a):!1}var W=\"hidden\";\nfunction Na(a){function b(k){function l(ba){if(ba==h)return!0;var pa=T(ba,\"display\");return 0==pa.lastIndexOf(\"inline\",0)||\"contents\"==pa||\"absolute\"==qa&&\"static\"==T(ba,\"position\")?!1:!0}var qa=T(k,\"position\");if(\"fixed\"==qa)return ra=!0,k==h?null:h;for(k=S(k);k&&!l(k);)k=S(k);return k}function c(k){var l=k;if(\"visible\"==D)if(k==h&&n)l=n;else if(k==n)return{x:\"visible\",y:\"visible\"};l={x:T(l,\"overflow-x\"),y:T(l,\"overflow-y\")};k==h&&(l.x=\"visible\"==l.x?\"auto\":l.x,l.y=\"visible\"==l.y?\"auto\":l.y);return l}\nfunction e(k){if(k==h){var l=(new Ka(f)).a;k=l.scrollingElement?l.scrollingElement:za||\"CSS1Compat\"!=l.compatMode?l.body||l.documentElement:l.documentElement;l=l.parentWindow||l.defaultView;k=C&&Ba(\"10\")&&l.pageYOffset!=k.scrollTop?new L(k.scrollLeft,k.scrollTop):new L(l.pageXOffset||k.scrollLeft,l.pageYOffset||k.scrollTop)}else k=new L(k.scrollLeft,k.scrollTop);return k}var d=Qa(a),f=N(a),h=f.documentElement,n=f.body,D=T(h,\"overflow\"),ra;for(a=b(a);a;a=b(a)){var q=c(a);if(\"visible\"!=q.x||\"visible\"!=\nq.y){var t=V(a);if(0==t.width||0==t.height)return W;var z=d.a\u003Ct.a,O=d.b\u003Ct.b;if(z&&\"hidden\"==q.x||O&&\"hidden\"==q.y)return W;if(z&&\"visible\"!=q.x||O&&\"visible\"!=q.y){z=e(a);O=d.b\u003Ct.b-z.y;if(d.a\u003Ct.a-z.x&&\"visible\"!=q.x||O&&\"visible\"!=q.x)return W;d=Na(a);return d==W?W:\"scroll\"}z=d.c>=t.a+t.width;t=d.f>=t.b+t.height;if(z&&\"hidden\"==q.x||t&&\"hidden\"==q.y)return W;if(z&&\"visible\"!=q.x||t&&\"visible\"!=q.y){if(ra&&(q=e(a),d.c>=h.scrollWidth-q.x||d.a>=h.scrollHeight-q.y))return W;d=Na(a);return d==W?W:\"scroll\"}}}return\"none\"}\nfunction V(a){var b=Oa(a);if(b)return b.rect;if(P(a,\"HTML\"))return a=N(a),a=((a?a.parentWindow||a.defaultView:window)||window).document,a=\"CSS1Compat\"==a.compatMode?a.documentElement:a.body,a=new M(a.clientWidth,a.clientHeight),new R(0,0,a.width,a.height);try{var c=a.getBoundingClientRect()}catch(e){return new R(0,0,0,0)}b=new R(c.left,c.top,c.right-c.left,c.bottom-c.top);C&&a.ownerDocument.body&&(a=N(a),b.a-=a.documentElement.clientLeft+a.body.clientLeft,b.b-=a.documentElement.clientTop+a.body.clientTop);\nreturn b}\nfunction Oa(a){var b=P(a,\"MAP\");if(!b&&!P(a,\"AREA\"))return null;var c=b?a:P(a.parentNode,\"MAP\")?a.parentNode:null,e=null,d=null;if(c&&c.name){e='*[usemap=\"#'+c.name+'\"]';c=N(c);var f;if(f=\"function\"!=aa(c.querySelector)&&C&&(C?0\u003C=na(I,8):Ba(8))){f=c.querySelector;var h=typeof f;f=!(\"object\"==h&&null!=f||\"function\"==h)}if(f)throw Error(\"CSS selection is not supported\");if(!e)throw new m(32,\"No selector specified\");e=u(e);try{var n=c.querySelector(e)}catch(D){throw new m(32,\"An invalid or illegal selector was specified\");}if(e=\nn&&1==n.nodeType?n:null)d=V(e),b||\"default\"==a.shape.toLowerCase()||(a=Ra(a),b=Math.min(Math.max(a.a,0),d.width),n=Math.min(Math.max(a.b,0),d.height),d=new R(b+d.a,n+d.b,Math.min(a.width,d.width-b),Math.min(a.height,d.height-n)))}return{image:e,rect:d||new R(0,0,0,0)}}\nfunction Ra(a){var b=a.shape.toLowerCase();a=a.coords.split(\",\");if(\"rect\"==b&&4==a.length){b=a[0];var c=a[1];return new R(b,c,a[2]-b,a[3]-c)}if(\"circle\"==b&&3==a.length)return b=a[2],new R(a[0]-b,a[1]-b,2*b,2*b);if(\"poly\"==b&&2\u003Ca.length){b=a[0];c=a[1];for(var e=b,d=c,f=2;f+1\u003Ca.length;f+=2)b=Math.min(b,a[f]),e=Math.max(e,a[f]),c=Math.min(c,a[f+1]),d=Math.max(d,a[f+1]);return new R(b,c,e-b,d-c)}return new R(0,0,0,0)}function Qa(a){a=V(a);return new Q(a.b,a.a+a.width,a.b+a.height,a.a)}\nfunction Pa(a){if(Ia){if(\"relative\"==T(a,\"position\"))return 1;a=T(a,\"filter\");return(a=a.match(/^alpha\\(opacity=(\\d*)\\)/)||a.match(/^progid:DXImageTransform.Microsoft.Alpha\\(Opacity=(\\d*)\\)/))?Number(a[1])/100:1}return Sa(a)}function Sa(a){var b=1,c=T(a,\"opacity\");c&&(b=Number(c));(a=S(a))&&(b*=Sa(a));return b};function Ta(a,b){function c(e){if(P(e)&&\"none\"==T(e,\"display\"))return!1;var d;if((d=e.parentNode)&&d.shadowRoot&&void 0!==e.assignedSlot)d=e.assignedSlot?e.assignedSlot.parentNode:null;else if(e.getDestinationInsertionPoints){var f=e.getDestinationInsertionPoints();0\u003Cf.length&&(d=f[f.length-1])}if(La&&d instanceof ShadowRoot){if(d.host.shadowRoot&&d.host.shadowRoot!==d)return!1;d=d.host}return!d||9!=d.nodeType&&11!=d.nodeType?d&&P(d,\"DETAILS\")&&!d.open&&!P(e,\"SUMMARY\")?!1:!!d&&c(d):!0}return U(a,\n!!b,c)}var X=[\"_\"],Y=g;X[0]in Y||\"undefined\"==typeof Y.execScript||Y.execScript(\"var \"+X[0]);for(var Z;X.length&&(Z=X.shift());)X.length||void 0===Ta?Y[Z]&&Y[Z]!==Object.prototype[Z]?Y=Y[Z]:Y=Y[Z]={}:Y[Z]=Ta;; return this._.apply(null,arguments);}).apply({navigator:typeof window!='undefined'?window.navigator:null,document:typeof window!='undefined'?window.document:null}, arguments);}\n).apply(null, arguments);"
}
[1744521050.717][INFO]: Waiting for pending navigations...
[1744521050.718][INFO]: Done waiting for pending navigations. Status: ok
[1744521050.732][INFO]: Waiting for pending navigations...
[1744521050.735][INFO]: Done waiting for pending navigations. Status: ok
[1744521050.735][INFO]: [96366644e4e44a0331331087ddd55f7c] RESPONSE ExecuteScript true
[1744521050.743][INFO]: [96366644e4e44a0331331087ddd55f7c] COMMAND ClearElement {
   "id": "f.FA7F9F0460E8C13CECE7AFB28C7D66DB.d.4345794ED3F6E0E9E229C9258A008AA6.e.99"
}
[1744521050.743][INFO]: Waiting for pending navigations...
[1744521050.750][INFO]: Done waiting for pending navigations. Status: ok
[1744521050.812][INFO]: 
	=== NOTE: ===
	The Clear command in ChromeDriver 2.43 and above
	has been updated to conform to the current standard,
	including raising blur event after clearing.

[1744521050.831][INFO]: Waiting for pending navigations...
[1744521050.835][INFO]: Done waiting for pending navigations. Status: ok
[1744521050.835][INFO]: [96366644e4e44a0331331087ddd55f7c] RESPONSE ClearElement
[1744521050.846][INFO]: [96366644e4e44a0331331087ddd55f7c] COMMAND TypeElement {
   "id": "f.FA7F9F0460E8C13CECE7AFB28C7D66DB.d.4345794ED3F6E0E9E229C9258A008AA6.e.99",
   "text": "Washing Machine",
   "value": [ "W", "a", "s", "h", "i", "n", "g", " ", "M", "a", "c", "h", "i", "n", "e" ]
}
[1744521050.846][INFO]: Waiting for pending navigations...
[1744521050.849][INFO]: Done waiting for pending navigations. Status: ok
[1744521051.041][INFO]: Waiting for pending navigations...
[1744521051.062][INFO]: Done waiting for pending navigations. Status: ok
[1744521051.062][INFO]: [96366644e4e44a0331331087ddd55f7c] RESPONSE TypeElement
[1744521051.073][INFO]: [96366644e4e44a0331331087ddd55f7c] COMMAND FindElement {
   "using": "xpath",
   "value": "//button[@type='submit']"
}
[1744521051.074][INFO]: Waiting for pending navigations...
[1744521051.078][INFO]: Done waiting for pending navigations. Status: ok
[1744521051.114][INFO]: Waiting for pending navigations...
[1744521051.118][INFO]: Done waiting for pending navigations. Status: ok
[1744521051.118][INFO]: [96366644e4e44a0331331087ddd55f7c] RESPONSE FindElement {
   "element-6066-11e4-a52e-4f735466cecf": "f.FA7F9F0460E8C13CECE7AFB28C7D66DB.d.4345794ED3F6E0E9E229C9258A008AA6.e.139"
}
[1744521051.126][INFO]: [96366644e4e44a0331331087ddd55f7c] COMMAND ClickElement {
   "id": "f.FA7F9F0460E8C13CECE7AFB28C7D66DB.d.4345794ED3F6E0E9E229C9258A008AA6.e.139"
}
[1744521051.126][INFO]: Waiting for pending navigations...
[1744521051.131][INFO]: Done waiting for pending navigations. Status: ok
[1744521051.387][INFO]: Waiting for pending navigations...
[1744521056.436][INFO]: Done waiting for pending navigations. Status: ok
[1744521056.436][INFO]: [96366644e4e44a0331331087ddd55f7c] RESPONSE ClickElement
[1744521056.462][INFO]: [96366644e4e44a0331331087ddd55f7c] COMMAND FindElement {
   "using": "xpath",
   "value": "//div[text()='Popularity']"
}
[1744521056.462][INFO]: Waiting for pending navigations...
[1744521056.474][INFO]: Done waiting for pending navigations. Status: ok
[1744521056.538][INFO]: Waiting for pending navigations...
[1744521056.540][INFO]: Done waiting for pending navigations. Status: ok
[1744521056.540][INFO]: [96366644e4e44a0331331087ddd55f7c] RESPONSE FindElement {
   "element-6066-11e4-a52e-4f735466cecf": "f.FA7F9F0460E8C13CECE7AFB28C7D66DB.d.315202368A5BB2C27CA906CC97BFC63C.e.420"
}
[1744521056.555][INFO]: [96366644e4e44a0331331087ddd55f7c] COMMAND ExecuteScript {
   "args": [ {
      "element-6066-11e4-a52e-4f735466cecf": "f.FA7F9F0460E8C13CECE7AFB28C7D66DB.d.315202368A5BB2C27CA906CC97BFC63C.e.420"
   } ],
   "script": "/* isDisplayed */return (function(){return (function(){var g=this||self;\nfunction aa(a){var b=typeof a;if(\"object\"==b)if(a){if(a instanceof Array)return\"array\";if(a instanceof Object)return b;var c=Object.prototype.toString.call(a);if(\"[object Window]\"==c)return\"object\";if(\"[object Array]\"==c||\"number\"==typeof a.length&&\"undefined\"!=typeof a.splice&&\"undefined\"!=typeof a.propertyIsEnumerable&&!a.propertyIsEnumerable(\"splice\"))return\"array\";if(\"[object Function]\"==c||\"undefined\"!=typeof a.call&&\"undefined\"!=typeof a.propertyIsEnumerable&&!a.propertyIsEnumerable(\"call\"))return\"function\"}else return\"null\";else if(\"function\"==\nb&&\"undefined\"==typeof a.call)return\"object\";return b}function ca(a,b){function c(){}c.prototype=b.prototype;a.prototype=new c;a.prototype.constructor=a};var da=Array.prototype.indexOf?function(a,b){return Array.prototype.indexOf.call(a,b,void 0)}:function(a,b){if(\"string\"===typeof a)return\"string\"!==typeof b||1!=b.length?-1:a.indexOf(b,0);for(var c=0;c\u003Ca.length;c++)if(c in a&&a[c]===b)return c;return-1},ea=Array.prototype.some?function(a,b){return Array.prototype.some.call(a,b,void 0)}:function(a,b){for(var c=a.length,e=\"string\"===typeof a?a.split(\"\"):a,d=0;d\u003Cc;d++)if(d in e&&b.call(void 0,e[d],d,a))return!0;return!1},fa=Array.prototype.every?function(a,\nb){return Array.prototype.every.call(a,b,void 0)}:function(a,b){for(var c=a.length,e=\"string\"===typeof a?a.split(\"\"):a,d=0;d\u003Cc;d++)if(d in e&&!b.call(void 0,e[d],d,a))return!1;return!0};var ha={aliceblue:\"#f0f8ff\",antiquewhite:\"#faebd7\",aqua:\"#00ffff\",aquamarine:\"#7fffd4\",azure:\"#f0ffff\",beige:\"#f5f5dc\",bisque:\"#ffe4c4\",black:\"#000000\",blanchedalmond:\"#ffebcd\",blue:\"#0000ff\",blueviolet:\"#8a2be2\",brown:\"#a52a2a\",burlywood:\"#deb887\",cadetblue:\"#5f9ea0\",chartreuse:\"#7fff00\",chocolate:\"#d2691e\",coral:\"#ff7f50\",cornflowerblue:\"#6495ed\",cornsilk:\"#fff8dc\",crimson:\"#dc143c\",cyan:\"#00ffff\",darkblue:\"#00008b\",darkcyan:\"#008b8b\",darkgoldenrod:\"#b8860b\",darkgray:\"#a9a9a9\",darkgreen:\"#006400\",\ndarkgrey:\"#a9a9a9\",darkkhaki:\"#bdb76b\",darkmagenta:\"#8b008b\",darkolivegreen:\"#556b2f\",darkorange:\"#ff8c00\",darkorchid:\"#9932cc\",darkred:\"#8b0000\",darksalmon:\"#e9967a\",darkseagreen:\"#8fbc8f\",darkslateblue:\"#483d8b\",darkslategray:\"#2f4f4f\",darkslategrey:\"#2f4f4f\",darkturquoise:\"#00ced1\",darkviolet:\"#9400d3\",deeppink:\"#ff1493\",deepskyblue:\"#00bfff\",dimgray:\"#696969\",dimgrey:\"#696969\",dodgerblue:\"#1e90ff\",firebrick:\"#b22222\",floralwhite:\"#fffaf0\",forestgreen:\"#228b22\",fuchsia:\"#ff00ff\",gainsboro:\"#dcdcdc\",\nghostwhite:\"#f8f8ff\",gold:\"#ffd700\",goldenrod:\"#daa520\",gray:\"#808080\",green:\"#008000\",greenyellow:\"#adff2f\",grey:\"#808080\",honeydew:\"#f0fff0\",hotpink:\"#ff69b4\",indianred:\"#cd5c5c\",indigo:\"#4b0082\",ivory:\"#fffff0\",khaki:\"#f0e68c\",lavender:\"#e6e6fa\",lavenderblush:\"#fff0f5\",lawngreen:\"#7cfc00\",lemonchiffon:\"#fffacd\",lightblue:\"#add8e6\",lightcoral:\"#f08080\",lightcyan:\"#e0ffff\",lightgoldenrodyellow:\"#fafad2\",lightgray:\"#d3d3d3\",lightgreen:\"#90ee90\",lightgrey:\"#d3d3d3\",lightpink:\"#ffb6c1\",lightsalmon:\"#ffa07a\",\nlightseagreen:\"#20b2aa\",lightskyblue:\"#87cefa\",lightslategray:\"#778899\",lightslategrey:\"#778899\",lightsteelblue:\"#b0c4de\",lightyellow:\"#ffffe0\",lime:\"#00ff00\",limegreen:\"#32cd32\",linen:\"#faf0e6\",magenta:\"#ff00ff\",maroon:\"#800000\",mediumaquamarine:\"#66cdaa\",mediumblue:\"#0000cd\",mediumorchid:\"#ba55d3\",mediumpurple:\"#9370db\",mediumseagreen:\"#3cb371\",mediumslateblue:\"#7b68ee\",mediumspringgreen:\"#00fa9a\",mediumturquoise:\"#48d1cc\",mediumvioletred:\"#c71585\",midnightblue:\"#191970\",mintcream:\"#f5fffa\",mistyrose:\"#ffe4e1\",\nmoccasin:\"#ffe4b5\",navajowhite:\"#ffdead\",navy:\"#000080\",oldlace:\"#fdf5e6\",olive:\"#808000\",olivedrab:\"#6b8e23\",orange:\"#ffa500\",orangered:\"#ff4500\",orchid:\"#da70d6\",palegoldenrod:\"#eee8aa\",palegreen:\"#98fb98\",paleturquoise:\"#afeeee\",palevioletred:\"#db7093\",papayawhip:\"#ffefd5\",peachpuff:\"#ffdab9\",peru:\"#cd853f\",pink:\"#ffc0cb\",plum:\"#dda0dd\",powderblue:\"#b0e0e6\",purple:\"#800080\",red:\"#ff0000\",rosybrown:\"#bc8f8f\",royalblue:\"#4169e1\",saddlebrown:\"#8b4513\",salmon:\"#fa8072\",sandybrown:\"#f4a460\",seagreen:\"#2e8b57\",\nseashell:\"#fff5ee\",sienna:\"#a0522d\",silver:\"#c0c0c0\",skyblue:\"#87ceeb\",slateblue:\"#6a5acd\",slategray:\"#708090\",slategrey:\"#708090\",snow:\"#fffafa\",springgreen:\"#00ff7f\",steelblue:\"#4682b4\",tan:\"#d2b48c\",teal:\"#008080\",thistle:\"#d8bfd8\",tomato:\"#ff6347\",turquoise:\"#40e0d0\",violet:\"#ee82ee\",wheat:\"#f5deb3\",white:\"#ffffff\",whitesmoke:\"#f5f5f5\",yellow:\"#ffff00\",yellowgreen:\"#9acd32\"};var ia=\"backgroundColor borderTopColor borderRightColor borderBottomColor borderLeftColor color outlineColor\".split(\" \"),ja=/#([0-9a-fA-F])([0-9a-fA-F])([0-9a-fA-F])/,ka=/^#(?:[0-9a-f]{3}){1,2}$/i,la=/^(?:rgba)?\\((\\d{1,3}),\\s?(\\d{1,3}),\\s?(\\d{1,3}),\\s?(0|1|0\\.\\d*)\\)$/i,ma=/^(?:rgb)?\\((0|[1-9]\\d{0,2}),\\s?(0|[1-9]\\d{0,2}),\\s?(0|[1-9]\\d{0,2})\\)$/i;function m(a,b){this.code=a;this.a=p[a]||r;this.message=b||\"\";a=this.a.replace(/((?:^|\\s+)[a-z])/g,function(c){return c.toUpperCase().replace(/^[\\s\\xa0]+/g,\"\")});b=a.length-5;if(0>b||a.indexOf(\"Error\",b)!=b)a+=\"Error\";this.name=a;a=Error(this.message);a.name=this.name;this.stack=a.stack||\"\"}ca(m,Error);var r=\"unknown error\",p={15:\"element not selectable\",11:\"element not visible\"};p[31]=r;p[30]=r;p[24]=\"invalid cookie domain\";p[29]=\"invalid element coordinates\";p[12]=\"invalid element state\";\np[32]=\"invalid selector\";p[51]=\"invalid selector\";p[52]=\"invalid selector\";p[17]=\"javascript error\";p[405]=\"unsupported operation\";p[34]=\"move target out of bounds\";p[27]=\"no such alert\";p[7]=\"no such element\";p[8]=\"no such frame\";p[23]=\"no such window\";p[28]=\"script timeout\";p[33]=\"session not created\";p[10]=\"stale element reference\";p[21]=\"timeout\";p[25]=\"unable to set cookie\";p[26]=\"unexpected alert open\";p[13]=r;p[9]=\"unknown command\";var u=String.prototype.trim?function(a){return a.trim()}:function(a){return/^[\\s\\xa0]*([\\s\\S]*?)[\\s\\xa0]*$/.exec(a)[1]};\nfunction na(a,b){var c=0;a=u(String(a)).split(\".\");b=u(String(b)).split(\".\");for(var e=Math.max(a.length,b.length),d=0;0==c&&d\u003Ce;d++){var f=a[d]||\"\",h=b[d]||\"\";do{f=/(\\d*)(\\D*)(.*)/.exec(f)||[\"\",\"\",\"\",\"\"];h=/(\\d*)(\\D*)(.*)/.exec(h)||[\"\",\"\",\"\",\"\"];if(0==f[0].length&&0==h[0].length)break;c=v(0==f[1].length?0:parseInt(f[1],10),0==h[1].length?0:parseInt(h[1],10))||v(0==f[2].length,0==h[2].length)||v(f[2],h[2]);f=f[3];h=h[3]}while(0==c)}return c}function v(a,b){return a\u003Cb?-1:a>b?1:0};var w;a:{var oa=g.navigator;if(oa){var sa=oa.userAgent;if(sa){w=sa;break a}}w=\"\"}function x(a){return-1!=w.indexOf(a)};function y(){return x(\"Firefox\")||x(\"FxiOS\")}function A(){return(x(\"Chrome\")||x(\"CriOS\"))&&!x(\"Edge\")};function ta(a){return String(a).replace(/\\-([a-z])/g,function(b,c){return c.toUpperCase()})};function B(){return x(\"iPhone\")&&!x(\"iPod\")&&!x(\"iPad\")};function ua(a,b){var c=va;return Object.prototype.hasOwnProperty.call(c,a)?c[a]:c[a]=b(a)};var wa=x(\"Opera\"),C=x(\"Trident\")||x(\"MSIE\"),xa=x(\"Edge\"),ya=x(\"Gecko\")&&!(-1!=w.toLowerCase().indexOf(\"webkit\")&&!x(\"Edge\"))&&!(x(\"Trident\")||x(\"MSIE\"))&&!x(\"Edge\"),za=-1!=w.toLowerCase().indexOf(\"webkit\")&&!x(\"Edge\");function Aa(){var a=g.document;return a?a.documentMode:void 0}var E;\na:{var F=\"\",G=function(){var a=w;if(ya)return/rv:([^\\);]+)(\\)|;)/.exec(a);if(xa)return/Edge\\/([\\d\\.]+)/.exec(a);if(C)return/\\b(?:MSIE|rv)[: ]([^\\);]+)(\\)|;)/.exec(a);if(za)return/WebKit\\/(\\S+)/.exec(a);if(wa)return/(?:Version)[ \\/]?(\\S+)/.exec(a)}();G&&(F=G?G[1]:\"\");if(C){var H=Aa();if(null!=H&&H>parseFloat(F)){E=String(H);break a}}E=F}var va={};function Ba(a){return ua(a,function(){return 0\u003C=na(E,a)})}var I;I=g.document&&C?Aa():void 0;var Ca=y(),Da=B()||x(\"iPod\"),Ea=x(\"iPad\"),Fa=x(\"Android\")&&!(A()||y()||x(\"Opera\")||x(\"Silk\")),Ga=A(),Ha=x(\"Safari\")&&!(A()||x(\"Coast\")||x(\"Opera\")||x(\"Edge\")||x(\"Edg/\")||x(\"OPR\")||y()||x(\"Silk\")||x(\"Android\"))&&!(B()||x(\"iPad\")||x(\"iPod\"));function J(a){return(a=a.exec(w))?a[1]:\"\"}(function(){if(Ca)return J(/Firefox\\/([0-9.]+)/);if(C||xa||wa)return E;if(Ga)return B()||x(\"iPad\")||x(\"iPod\")?J(/CriOS\\/([0-9.]+)/):J(/Chrome\\/([0-9.]+)/);if(Ha&&!(B()||x(\"iPad\")||x(\"iPod\")))return J(/Version\\/([0-9.]+)/);if(Da||Ea){var a=/Version\\/(\\S+).*Mobile\\/(\\S+)/.exec(w);if(a)return a[1]+\".\"+a[2]}else if(Fa)return(a=J(/Android\\s+([0-9.]+)/))?a:J(/Version\\/([0-9.]+)/);return\"\"})();var K;if(K=C)K=!(9\u003C=Number(I));var Ia=K;function L(a,b){this.x=void 0!==a?a:0;this.y=void 0!==b?b:0}L.prototype.ceil=function(){this.x=Math.ceil(this.x);this.y=Math.ceil(this.y);return this};L.prototype.floor=function(){this.x=Math.floor(this.x);this.y=Math.floor(this.y);return this};L.prototype.round=function(){this.x=Math.round(this.x);this.y=Math.round(this.y);return this};function M(a,b){this.width=a;this.height=b}M.prototype.aspectRatio=function(){return this.width/this.height};M.prototype.ceil=function(){this.width=Math.ceil(this.width);this.height=Math.ceil(this.height);return this};M.prototype.floor=function(){this.width=Math.floor(this.width);this.height=Math.floor(this.height);return this};M.prototype.round=function(){this.width=Math.round(this.width);this.height=Math.round(this.height);return this};function N(a){return 9==a.nodeType?a:a.ownerDocument||a.document}function Ja(a,b){a&&(a=a.parentNode);for(var c=0;a;){if(b(a))return a;a=a.parentNode;c++}return null}function Ka(a){this.a=a||g.document||document};function P(a,b){b&&\"string\"!==typeof b&&(b=b.toString());return!!a&&1==a.nodeType&&(!b||a.tagName.toUpperCase()==b)};function Q(a,b,c,e){this.f=a;this.a=b;this.b=c;this.c=e}Q.prototype.ceil=function(){this.f=Math.ceil(this.f);this.a=Math.ceil(this.a);this.b=Math.ceil(this.b);this.c=Math.ceil(this.c);return this};Q.prototype.floor=function(){this.f=Math.floor(this.f);this.a=Math.floor(this.a);this.b=Math.floor(this.b);this.c=Math.floor(this.c);return this};Q.prototype.round=function(){this.f=Math.round(this.f);this.a=Math.round(this.a);this.b=Math.round(this.b);this.c=Math.round(this.c);return this};function R(a,b,c,e){this.a=a;this.b=b;this.width=c;this.height=e}R.prototype.ceil=function(){this.a=Math.ceil(this.a);this.b=Math.ceil(this.b);this.width=Math.ceil(this.width);this.height=Math.ceil(this.height);return this};R.prototype.floor=function(){this.a=Math.floor(this.a);this.b=Math.floor(this.b);this.width=Math.floor(this.width);this.height=Math.floor(this.height);return this};\nR.prototype.round=function(){this.a=Math.round(this.a);this.b=Math.round(this.b);this.width=Math.round(this.width);this.height=Math.round(this.height);return this};var La=\"function\"===typeof ShadowRoot;function S(a){for(a=a.parentNode;a&&1!=a.nodeType&&9!=a.nodeType&&11!=a.nodeType;)a=a.parentNode;return P(a)?a:null}\nfunction T(a,b){b=ta(b);if(\"float\"==b||\"cssFloat\"==b||\"styleFloat\"==b)b=Ia?\"styleFloat\":\"cssFloat\";a:{var c=b;var e=N(a);if(e.defaultView&&e.defaultView.getComputedStyle&&(e=e.defaultView.getComputedStyle(a,null))){c=e[c]||e.getPropertyValue(c)||\"\";break a}c=\"\"}a=c||Ma(a,b);if(null===a)a=null;else if(0\u003C=da(ia,b)){b:{var d=a.match(la);if(d&&(b=Number(d[1]),c=Number(d[2]),e=Number(d[3]),d=Number(d[4]),0\u003C=b&&255>=b&&0\u003C=c&&255>=c&&0\u003C=e&&255>=e&&0\u003C=d&&1>=d)){b=[b,c,e,d];break b}b=null}if(!b)b:{if(e=a.match(ma))if(b=\nNumber(e[1]),c=Number(e[2]),e=Number(e[3]),0\u003C=b&&255>=b&&0\u003C=c&&255>=c&&0\u003C=e&&255>=e){b=[b,c,e,1];break b}b=null}if(!b)b:{b=a.toLowerCase();c=ha[b.toLowerCase()];if(!c&&(c=\"#\"==b.charAt(0)?b:\"#\"+b,4==c.length&&(c=c.replace(ja,\"#$1$1$2$2$3$3\")),!ka.test(c))){b=null;break b}b=[parseInt(c.substr(1,2),16),parseInt(c.substr(3,2),16),parseInt(c.substr(5,2),16),1]}a=b?\"rgba(\"+b.join(\", \")+\")\":a}return a}\nfunction Ma(a,b){var c=a.currentStyle||a.style,e=c[b];void 0===e&&\"function\"==aa(c.getPropertyValue)&&(e=c.getPropertyValue(b));return\"inherit\"!=e?void 0!==e?e:null:(a=S(a))?Ma(a,b):null}\nfunction U(a,b,c){function e(h){var n=V(h);return 0\u003Cn.height&&0\u003Cn.width?!0:P(h,\"PATH\")&&(0\u003Cn.height||0\u003Cn.width)?(h=T(h,\"stroke-width\"),!!h&&0\u003CparseInt(h,10)):\"hidden\"!=T(h,\"overflow\")&&ea(h.childNodes,function(D){return 3==D.nodeType||P(D)&&e(D)})}function d(h){return Na(h)==W&&fa(h.childNodes,function(n){return!P(n)||d(n)||!e(n)})}if(!P(a))throw Error(\"Argument to isShown must be of type Element\");if(P(a,\"BODY\"))return!0;if(P(a,\"OPTION\")||P(a,\"OPTGROUP\"))return a=Ja(a,function(h){return P(h,\"SELECT\")}),\n!!a&&U(a,!0,c);var f=Oa(a);if(f)return!!f.image&&0\u003Cf.rect.width&&0\u003Cf.rect.height&&U(f.image,b,c);if(P(a,\"INPUT\")&&\"hidden\"==a.type.toLowerCase()||P(a,\"NOSCRIPT\"))return!1;f=T(a,\"visibility\");return\"collapse\"!=f&&\"hidden\"!=f&&c(a)&&(b||0!=Pa(a))&&e(a)?!d(a):!1}var W=\"hidden\";\nfunction Na(a){function b(k){function l(ba){if(ba==h)return!0;var pa=T(ba,\"display\");return 0==pa.lastIndexOf(\"inline\",0)||\"contents\"==pa||\"absolute\"==qa&&\"static\"==T(ba,\"position\")?!1:!0}var qa=T(k,\"position\");if(\"fixed\"==qa)return ra=!0,k==h?null:h;for(k=S(k);k&&!l(k);)k=S(k);return k}function c(k){var l=k;if(\"visible\"==D)if(k==h&&n)l=n;else if(k==n)return{x:\"visible\",y:\"visible\"};l={x:T(l,\"overflow-x\"),y:T(l,\"overflow-y\")};k==h&&(l.x=\"visible\"==l.x?\"auto\":l.x,l.y=\"visible\"==l.y?\"auto\":l.y);return l}\nfunction e(k){if(k==h){var l=(new Ka(f)).a;k=l.scrollingElement?l.scrollingElement:za||\"CSS1Compat\"!=l.compatMode?l.body||l.documentElement:l.documentElement;l=l.parentWindow||l.defaultView;k=C&&Ba(\"10\")&&l.pageYOffset!=k.scrollTop?new L(k.scrollLeft,k.scrollTop):new L(l.pageXOffset||k.scrollLeft,l.pageYOffset||k.scrollTop)}else k=new L(k.scrollLeft,k.scrollTop);return k}var d=Qa(a),f=N(a),h=f.documentElement,n=f.body,D=T(h,\"overflow\"),ra;for(a=b(a);a;a=b(a)){var q=c(a);if(\"visible\"!=q.x||\"visible\"!=\nq.y){var t=V(a);if(0==t.width||0==t.height)return W;var z=d.a\u003Ct.a,O=d.b\u003Ct.b;if(z&&\"hidden\"==q.x||O&&\"hidden\"==q.y)return W;if(z&&\"visible\"!=q.x||O&&\"visible\"!=q.y){z=e(a);O=d.b\u003Ct.b-z.y;if(d.a\u003Ct.a-z.x&&\"visible\"!=q.x||O&&\"visible\"!=q.x)return W;d=Na(a);return d==W?W:\"scroll\"}z=d.c>=t.a+t.width;t=d.f>=t.b+t.height;if(z&&\"hidden\"==q.x||t&&\"hidden\"==q.y)return W;if(z&&\"visible\"!=q.x||t&&\"visible\"!=q.y){if(ra&&(q=e(a),d.c>=h.scrollWidth-q.x||d.a>=h.scrollHeight-q.y))return W;d=Na(a);return d==W?W:\"scroll\"}}}return\"none\"}\nfunction V(a){var b=Oa(a);if(b)return b.rect;if(P(a,\"HTML\"))return a=N(a),a=((a?a.parentWindow||a.defaultView:window)||window).document,a=\"CSS1Compat\"==a.compatMode?a.documentElement:a.body,a=new M(a.clientWidth,a.clientHeight),new R(0,0,a.width,a.height);try{var c=a.getBoundingClientRect()}catch(e){return new R(0,0,0,0)}b=new R(c.left,c.top,c.right-c.left,c.bottom-c.top);C&&a.ownerDocument.body&&(a=N(a),b.a-=a.documentElement.clientLeft+a.body.clientLeft,b.b-=a.documentElement.clientTop+a.body.clientTop);\nreturn b}\nfunction Oa(a){var b=P(a,\"MAP\");if(!b&&!P(a,\"AREA\"))return null;var c=b?a:P(a.parentNode,\"MAP\")?a.parentNode:null,e=null,d=null;if(c&&c.name){e='*[usemap=\"#'+c.name+'\"]';c=N(c);var f;if(f=\"function\"!=aa(c.querySelector)&&C&&(C?0\u003C=na(I,8):Ba(8))){f=c.querySelector;var h=typeof f;f=!(\"object\"==h&&null!=f||\"function\"==h)}if(f)throw Error(\"CSS selection is not supported\");if(!e)throw new m(32,\"No selector specified\");e=u(e);try{var n=c.querySelector(e)}catch(D){throw new m(32,\"An invalid or illegal selector was specified\");}if(e=\nn&&1==n.nodeType?n:null)d=V(e),b||\"default\"==a.shape.toLowerCase()||(a=Ra(a),b=Math.min(Math.max(a.a,0),d.width),n=Math.min(Math.max(a.b,0),d.height),d=new R(b+d.a,n+d.b,Math.min(a.width,d.width-b),Math.min(a.height,d.height-n)))}return{image:e,rect:d||new R(0,0,0,0)}}\nfunction Ra(a){var b=a.shape.toLowerCase();a=a.coords.split(\",\");if(\"rect\"==b&&4==a.length){b=a[0];var c=a[1];return new R(b,c,a[2]-b,a[3]-c)}if(\"circle\"==b&&3==a.length)return b=a[2],new R(a[0]-b,a[1]-b,2*b,2*b);if(\"poly\"==b&&2\u003Ca.length){b=a[0];c=a[1];for(var e=b,d=c,f=2;f+1\u003Ca.length;f+=2)b=Math.min(b,a[f]),e=Math.max(e,a[f]),c=Math.min(c,a[f+1]),d=Math.max(d,a[f+1]);return new R(b,c,e-b,d-c)}return new R(0,0,0,0)}function Qa(a){a=V(a);return new Q(a.b,a.a+a.width,a.b+a.height,a.a)}\nfunction Pa(a){if(Ia){if(\"relative\"==T(a,\"position\"))return 1;a=T(a,\"filter\");return(a=a.match(/^alpha\\(opacity=(\\d*)\\)/)||a.match(/^progid:DXImageTransform.Microsoft.Alpha\\(Opacity=(\\d*)\\)/))?Number(a[1])/100:1}return Sa(a)}function Sa(a){var b=1,c=T(a,\"opacity\");c&&(b=Number(c));(a=S(a))&&(b*=Sa(a));return b};function Ta(a,b){function c(e){if(P(e)&&\"none\"==T(e,\"display\"))return!1;var d;if((d=e.parentNode)&&d.shadowRoot&&void 0!==e.assignedSlot)d=e.assignedSlot?e.assignedSlot.parentNode:null;else if(e.getDestinationInsertionPoints){var f=e.getDestinationInsertionPoints();0\u003Cf.length&&(d=f[f.length-1])}if(La&&d instanceof ShadowRoot){if(d.host.shadowRoot&&d.host.shadowRoot!==d)return!1;d=d.host}return!d||9!=d.nodeType&&11!=d.nodeType?d&&P(d,\"DETAILS\")&&!d.open&&!P(e,\"SUMMARY\")?!1:!!d&&c(d):!0}return U(a,\n!!b,c)}var X=[\"_\"],Y=g;X[0]in Y||\"undefined\"==typeof Y.execScript||Y.execScript(\"var \"+X[0]);for(var Z;X.length&&(Z=X.shift());)X.length||void 0===Ta?Y[Z]&&Y[Z]!==Object.prototype[Z]?Y=Y[Z]:Y=Y[Z]={}:Y[Z]=Ta;; return this._.apply(null,arguments);}).apply({navigator:typeof window!='undefined'?window.navigator:null,document:typeof window!='undefined'?window.document:null}, arguments);}\n).apply(null, arguments);"
}
[1744521056.556][INFO]: Waiting for pending navigations...
[1744521056.558][INFO]: Done waiting for pending navigations. Status: ok
[1744521056.571][INFO]: Waiting for pending navigations...
[1744521056.573][INFO]: Done waiting for pending navigations. Status: ok
[1744521056.573][INFO]: [96366644e4e44a0331331087ddd55f7c] RESPONSE ExecuteScript true
[1744521056.587][INFO]: [96366644e4e44a0331331087ddd55f7c] COMMAND ExecuteScript {
   "args": [ {
      "element-6066-11e4-a52e-4f735466cecf": "f.FA7F9F0460E8C13CECE7AFB28C7D66DB.d.315202368A5BB2C27CA906CC97BFC63C.e.420"
   } ],
   "script": "/* isDisplayed */return (function(){return (function(){var g=this||self;\nfunction aa(a){var b=typeof a;if(\"object\"==b)if(a){if(a instanceof Array)return\"array\";if(a instanceof Object)return b;var c=Object.prototype.toString.call(a);if(\"[object Window]\"==c)return\"object\";if(\"[object Array]\"==c||\"number\"==typeof a.length&&\"undefined\"!=typeof a.splice&&\"undefined\"!=typeof a.propertyIsEnumerable&&!a.propertyIsEnumerable(\"splice\"))return\"array\";if(\"[object Function]\"==c||\"undefined\"!=typeof a.call&&\"undefined\"!=typeof a.propertyIsEnumerable&&!a.propertyIsEnumerable(\"call\"))return\"function\"}else return\"null\";else if(\"function\"==\nb&&\"undefined\"==typeof a.call)return\"object\";return b}function ca(a,b){function c(){}c.prototype=b.prototype;a.prototype=new c;a.prototype.constructor=a};var da=Array.prototype.indexOf?function(a,b){return Array.prototype.indexOf.call(a,b,void 0)}:function(a,b){if(\"string\"===typeof a)return\"string\"!==typeof b||1!=b.length?-1:a.indexOf(b,0);for(var c=0;c\u003Ca.length;c++)if(c in a&&a[c]===b)return c;return-1},ea=Array.prototype.some?function(a,b){return Array.prototype.some.call(a,b,void 0)}:function(a,b){for(var c=a.length,e=\"string\"===typeof a?a.split(\"\"):a,d=0;d\u003Cc;d++)if(d in e&&b.call(void 0,e[d],d,a))return!0;return!1},fa=Array.prototype.every?function(a,\nb){return Array.prototype.every.call(a,b,void 0)}:function(a,b){for(var c=a.length,e=\"string\"===typeof a?a.split(\"\"):a,d=0;d\u003Cc;d++)if(d in e&&!b.call(void 0,e[d],d,a))return!1;return!0};var ha={aliceblue:\"#f0f8ff\",antiquewhite:\"#faebd7\",aqua:\"#00ffff\",aquamarine:\"#7fffd4\",azure:\"#f0ffff\",beige:\"#f5f5dc\",bisque:\"#ffe4c4\",black:\"#000000\",blanchedalmond:\"#ffebcd\",blue:\"#0000ff\",blueviolet:\"#8a2be2\",brown:\"#a52a2a\",burlywood:\"#deb887\",cadetblue:\"#5f9ea0\",chartreuse:\"#7fff00\",chocolate:\"#d2691e\",coral:\"#ff7f50\",cornflowerblue:\"#6495ed\",cornsilk:\"#fff8dc\",crimson:\"#dc143c\",cyan:\"#00ffff\",darkblue:\"#00008b\",darkcyan:\"#008b8b\",darkgoldenrod:\"#b8860b\",darkgray:\"#a9a9a9\",darkgreen:\"#006400\",\ndarkgrey:\"#a9a9a9\",darkkhaki:\"#bdb76b\",darkmagenta:\"#8b008b\",darkolivegreen:\"#556b2f\",darkorange:\"#ff8c00\",darkorchid:\"#9932cc\",darkred:\"#8b0000\",darksalmon:\"#e9967a\",darkseagreen:\"#8fbc8f\",darkslateblue:\"#483d8b\",darkslategray:\"#2f4f4f\",darkslategrey:\"#2f4f4f\",darkturquoise:\"#00ced1\",darkviolet:\"#9400d3\",deeppink:\"#ff1493\",deepskyblue:\"#00bfff\",dimgray:\"#696969\",dimgrey:\"#696969\",dodgerblue:\"#1e90ff\",firebrick:\"#b22222\",floralwhite:\"#fffaf0\",forestgreen:\"#228b22\",fuchsia:\"#ff00ff\",gainsboro:\"#dcdcdc\",\nghostwhite:\"#f8f8ff\",gold:\"#ffd700\",goldenrod:\"#daa520\",gray:\"#808080\",green:\"#008000\",greenyellow:\"#adff2f\",grey:\"#808080\",honeydew:\"#f0fff0\",hotpink:\"#ff69b4\",indianred:\"#cd5c5c\",indigo:\"#4b0082\",ivory:\"#fffff0\",khaki:\"#f0e68c\",lavender:\"#e6e6fa\",lavenderblush:\"#fff0f5\",lawngreen:\"#7cfc00\",lemonchiffon:\"#fffacd\",lightblue:\"#add8e6\",lightcoral:\"#f08080\",lightcyan:\"#e0ffff\",lightgoldenrodyellow:\"#fafad2\",lightgray:\"#d3d3d3\",lightgreen:\"#90ee90\",lightgrey:\"#d3d3d3\",lightpink:\"#ffb6c1\",lightsalmon:\"#ffa07a\",\nlightseagreen:\"#20b2aa\",lightskyblue:\"#87cefa\",lightslategray:\"#778899\",lightslategrey:\"#778899\",lightsteelblue:\"#b0c4de\",lightyellow:\"#ffffe0\",lime:\"#00ff00\",limegreen:\"#32cd32\",linen:\"#faf0e6\",magenta:\"#ff00ff\",maroon:\"#800000\",mediumaquamarine:\"#66cdaa\",mediumblue:\"#0000cd\",mediumorchid:\"#ba55d3\",mediumpurple:\"#9370db\",mediumseagreen:\"#3cb371\",mediumslateblue:\"#7b68ee\",mediumspringgreen:\"#00fa9a\",mediumturquoise:\"#48d1cc\",mediumvioletred:\"#c71585\",midnightblue:\"#191970\",mintcream:\"#f5fffa\",mistyrose:\"#ffe4e1\",\nmoccasin:\"#ffe4b5\",navajowhite:\"#ffdead\",navy:\"#000080\",oldlace:\"#fdf5e6\",olive:\"#808000\",olivedrab:\"#6b8e23\",orange:\"#ffa500\",orangered:\"#ff4500\",orchid:\"#da70d6\",palegoldenrod:\"#eee8aa\",palegreen:\"#98fb98\",paleturquoise:\"#afeeee\",palevioletred:\"#db7093\",papayawhip:\"#ffefd5\",peachpuff:\"#ffdab9\",peru:\"#cd853f\",pink:\"#ffc0cb\",plum:\"#dda0dd\",powderblue:\"#b0e0e6\",purple:\"#800080\",red:\"#ff0000\",rosybrown:\"#bc8f8f\",royalblue:\"#4169e1\",saddlebrown:\"#8b4513\",salmon:\"#fa8072\",sandybrown:\"#f4a460\",seagreen:\"#2e8b57\",\nseashell:\"#fff5ee\",sienna:\"#a0522d\",silver:\"#c0c0c0\",skyblue:\"#87ceeb\",slateblue:\"#6a5acd\",slategray:\"#708090\",slategrey:\"#708090\",snow:\"#fffafa\",springgreen:\"#00ff7f\",steelblue:\"#4682b4\",tan:\"#d2b48c\",teal:\"#008080\",thistle:\"#d8bfd8\",tomato:\"#ff6347\",turquoise:\"#40e0d0\",violet:\"#ee82ee\",wheat:\"#f5deb3\",white:\"#ffffff\",whitesmoke:\"#f5f5f5\",yellow:\"#ffff00\",yellowgreen:\"#9acd32\"};var ia=\"backgroundColor borderTopColor borderRightColor borderBottomColor borderLeftColor color outlineColor\".split(\" \"),ja=/#([0-9a-fA-F])([0-9a-fA-F])([0-9a-fA-F])/,ka=/^#(?:[0-9a-f]{3}){1,2}$/i,la=/^(?:rgba)?\\((\\d{1,3}),\\s?(\\d{1,3}),\\s?(\\d{1,3}),\\s?(0|1|0\\.\\d*)\\)$/i,ma=/^(?:rgb)?\\((0|[1-9]\\d{0,2}),\\s?(0|[1-9]\\d{0,2}),\\s?(0|[1-9]\\d{0,2})\\)$/i;function m(a,b){this.code=a;this.a=p[a]||r;this.message=b||\"\";a=this.a.replace(/((?:^|\\s+)[a-z])/g,function(c){return c.toUpperCase().replace(/^[\\s\\xa0]+/g,\"\")});b=a.length-5;if(0>b||a.indexOf(\"Error\",b)!=b)a+=\"Error\";this.name=a;a=Error(this.message);a.name=this.name;this.stack=a.stack||\"\"}ca(m,Error);var r=\"unknown error\",p={15:\"element not selectable\",11:\"element not visible\"};p[31]=r;p[30]=r;p[24]=\"invalid cookie domain\";p[29]=\"invalid element coordinates\";p[12]=\"invalid element state\";\np[32]=\"invalid selector\";p[51]=\"invalid selector\";p[52]=\"invalid selector\";p[17]=\"javascript error\";p[405]=\"unsupported operation\";p[34]=\"move target out of bounds\";p[27]=\"no such alert\";p[7]=\"no such element\";p[8]=\"no such frame\";p[23]=\"no such window\";p[28]=\"script timeout\";p[33]=\"session not created\";p[10]=\"stale element reference\";p[21]=\"timeout\";p[25]=\"unable to set cookie\";p[26]=\"unexpected alert open\";p[13]=r;p[9]=\"unknown command\";var u=String.prototype.trim?function(a){return a.trim()}:function(a){return/^[\\s\\xa0]*([\\s\\S]*?)[\\s\\xa0]*$/.exec(a)[1]};\nfunction na(a,b){var c=0;a=u(String(a)).split(\".\");b=u(String(b)).split(\".\");for(var e=Math.max(a.length,b.length),d=0;0==c&&d\u003Ce;d++){var f=a[d]||\"\",h=b[d]||\"\";do{f=/(\\d*)(\\D*)(.*)/.exec(f)||[\"\",\"\",\"\",\"\"];h=/(\\d*)(\\D*)(.*)/.exec(h)||[\"\",\"\",\"\",\"\"];if(0==f[0].length&&0==h[0].length)break;c=v(0==f[1].length?0:parseInt(f[1],10),0==h[1].length?0:parseInt(h[1],10))||v(0==f[2].length,0==h[2].length)||v(f[2],h[2]);f=f[3];h=h[3]}while(0==c)}return c}function v(a,b){return a\u003Cb?-1:a>b?1:0};var w;a:{var oa=g.navigator;if(oa){var sa=oa.userAgent;if(sa){w=sa;break a}}w=\"\"}function x(a){return-1!=w.indexOf(a)};function y(){return x(\"Firefox\")||x(\"FxiOS\")}function A(){return(x(\"Chrome\")||x(\"CriOS\"))&&!x(\"Edge\")};function ta(a){return String(a).replace(/\\-([a-z])/g,function(b,c){return c.toUpperCase()})};function B(){return x(\"iPhone\")&&!x(\"iPod\")&&!x(\"iPad\")};function ua(a,b){var c=va;return Object.prototype.hasOwnProperty.call(c,a)?c[a]:c[a]=b(a)};var wa=x(\"Opera\"),C=x(\"Trident\")||x(\"MSIE\"),xa=x(\"Edge\"),ya=x(\"Gecko\")&&!(-1!=w.toLowerCase().indexOf(\"webkit\")&&!x(\"Edge\"))&&!(x(\"Trident\")||x(\"MSIE\"))&&!x(\"Edge\"),za=-1!=w.toLowerCase().indexOf(\"webkit\")&&!x(\"Edge\");function Aa(){var a=g.document;return a?a.documentMode:void 0}var E;\na:{var F=\"\",G=function(){var a=w;if(ya)return/rv:([^\\);]+)(\\)|;)/.exec(a);if(xa)return/Edge\\/([\\d\\.]+)/.exec(a);if(C)return/\\b(?:MSIE|rv)[: ]([^\\);]+)(\\)|;)/.exec(a);if(za)return/WebKit\\/(\\S+)/.exec(a);if(wa)return/(?:Version)[ \\/]?(\\S+)/.exec(a)}();G&&(F=G?G[1]:\"\");if(C){var H=Aa();if(null!=H&&H>parseFloat(F)){E=String(H);break a}}E=F}var va={};function Ba(a){return ua(a,function(){return 0\u003C=na(E,a)})}var I;I=g.document&&C?Aa():void 0;var Ca=y(),Da=B()||x(\"iPod\"),Ea=x(\"iPad\"),Fa=x(\"Android\")&&!(A()||y()||x(\"Opera\")||x(\"Silk\")),Ga=A(),Ha=x(\"Safari\")&&!(A()||x(\"Coast\")||x(\"Opera\")||x(\"Edge\")||x(\"Edg/\")||x(\"OPR\")||y()||x(\"Silk\")||x(\"Android\"))&&!(B()||x(\"iPad\")||x(\"iPod\"));function J(a){return(a=a.exec(w))?a[1]:\"\"}(function(){if(Ca)return J(/Firefox\\/([0-9.]+)/);if(C||xa||wa)return E;if(Ga)return B()||x(\"iPad\")||x(\"iPod\")?J(/CriOS\\/([0-9.]+)/):J(/Chrome\\/([0-9.]+)/);if(Ha&&!(B()||x(\"iPad\")||x(\"iPod\")))return J(/Version\\/([0-9.]+)/);if(Da||Ea){var a=/Version\\/(\\S+).*Mobile\\/(\\S+)/.exec(w);if(a)return a[1]+\".\"+a[2]}else if(Fa)return(a=J(/Android\\s+([0-9.]+)/))?a:J(/Version\\/([0-9.]+)/);return\"\"})();var K;if(K=C)K=!(9\u003C=Number(I));var Ia=K;function L(a,b){this.x=void 0!==a?a:0;this.y=void 0!==b?b:0}L.prototype.ceil=function(){this.x=Math.ceil(this.x);this.y=Math.ceil(this.y);return this};L.prototype.floor=function(){this.x=Math.floor(this.x);this.y=Math.floor(this.y);return this};L.prototype.round=function(){this.x=Math.round(this.x);this.y=Math.round(this.y);return this};function M(a,b){this.width=a;this.height=b}M.prototype.aspectRatio=function(){return this.width/this.height};M.prototype.ceil=function(){this.width=Math.ceil(this.width);this.height=Math.ceil(this.height);return this};M.prototype.floor=function(){this.width=Math.floor(this.width);this.height=Math.floor(this.height);return this};M.prototype.round=function(){this.width=Math.round(this.width);this.height=Math.round(this.height);return this};function N(a){return 9==a.nodeType?a:a.ownerDocument||a.document}function Ja(a,b){a&&(a=a.parentNode);for(var c=0;a;){if(b(a))return a;a=a.parentNode;c++}return null}function Ka(a){this.a=a||g.document||document};function P(a,b){b&&\"string\"!==typeof b&&(b=b.toString());return!!a&&1==a.nodeType&&(!b||a.tagName.toUpperCase()==b)};function Q(a,b,c,e){this.f=a;this.a=b;this.b=c;this.c=e}Q.prototype.ceil=function(){this.f=Math.ceil(this.f);this.a=Math.ceil(this.a);this.b=Math.ceil(this.b);this.c=Math.ceil(this.c);return this};Q.prototype.floor=function(){this.f=Math.floor(this.f);this.a=Math.floor(this.a);this.b=Math.floor(this.b);this.c=Math.floor(this.c);return this};Q.prototype.round=function(){this.f=Math.round(this.f);this.a=Math.round(this.a);this.b=Math.round(this.b);this.c=Math.round(this.c);return this};function R(a,b,c,e){this.a=a;this.b=b;this.width=c;this.height=e}R.prototype.ceil=function(){this.a=Math.ceil(this.a);this.b=Math.ceil(this.b);this.width=Math.ceil(this.width);this.height=Math.ceil(this.height);return this};R.prototype.floor=function(){this.a=Math.floor(this.a);this.b=Math.floor(this.b);this.width=Math.floor(this.width);this.height=Math.floor(this.height);return this};\nR.prototype.round=function(){this.a=Math.round(this.a);this.b=Math.round(this.b);this.width=Math.round(this.width);this.height=Math.round(this.height);return this};var La=\"function\"===typeof ShadowRoot;function S(a){for(a=a.parentNode;a&&1!=a.nodeType&&9!=a.nodeType&&11!=a.nodeType;)a=a.parentNode;return P(a)?a:null}\nfunction T(a,b){b=ta(b);if(\"float\"==b||\"cssFloat\"==b||\"styleFloat\"==b)b=Ia?\"styleFloat\":\"cssFloat\";a:{var c=b;var e=N(a);if(e.defaultView&&e.defaultView.getComputedStyle&&(e=e.defaultView.getComputedStyle(a,null))){c=e[c]||e.getPropertyValue(c)||\"\";break a}c=\"\"}a=c||Ma(a,b);if(null===a)a=null;else if(0\u003C=da(ia,b)){b:{var d=a.match(la);if(d&&(b=Number(d[1]),c=Number(d[2]),e=Number(d[3]),d=Number(d[4]),0\u003C=b&&255>=b&&0\u003C=c&&255>=c&&0\u003C=e&&255>=e&&0\u003C=d&&1>=d)){b=[b,c,e,d];break b}b=null}if(!b)b:{if(e=a.match(ma))if(b=\nNumber(e[1]),c=Number(e[2]),e=Number(e[3]),0\u003C=b&&255>=b&&0\u003C=c&&255>=c&&0\u003C=e&&255>=e){b=[b,c,e,1];break b}b=null}if(!b)b:{b=a.toLowerCase();c=ha[b.toLowerCase()];if(!c&&(c=\"#\"==b.charAt(0)?b:\"#\"+b,4==c.length&&(c=c.replace(ja,\"#$1$1$2$2$3$3\")),!ka.test(c))){b=null;break b}b=[parseInt(c.substr(1,2),16),parseInt(c.substr(3,2),16),parseInt(c.substr(5,2),16),1]}a=b?\"rgba(\"+b.join(\", \")+\")\":a}return a}\nfunction Ma(a,b){var c=a.currentStyle||a.style,e=c[b];void 0===e&&\"function\"==aa(c.getPropertyValue)&&(e=c.getPropertyValue(b));return\"inherit\"!=e?void 0!==e?e:null:(a=S(a))?Ma(a,b):null}\nfunction U(a,b,c){function e(h){var n=V(h);return 0\u003Cn.height&&0\u003Cn.width?!0:P(h,\"PATH\")&&(0\u003Cn.height||0\u003Cn.width)?(h=T(h,\"stroke-width\"),!!h&&0\u003CparseInt(h,10)):\"hidden\"!=T(h,\"overflow\")&&ea(h.childNodes,function(D){return 3==D.nodeType||P(D)&&e(D)})}function d(h){return Na(h)==W&&fa(h.childNodes,function(n){return!P(n)||d(n)||!e(n)})}if(!P(a))throw Error(\"Argument to isShown must be of type Element\");if(P(a,\"BODY\"))return!0;if(P(a,\"OPTION\")||P(a,\"OPTGROUP\"))return a=Ja(a,function(h){return P(h,\"SELECT\")}),\n!!a&&U(a,!0,c);var f=Oa(a);if(f)return!!f.image&&0\u003Cf.rect.width&&0\u003Cf.rect.height&&U(f.image,b,c);if(P(a,\"INPUT\")&&\"hidden\"==a.type.toLowerCase()||P(a,\"NOSCRIPT\"))return!1;f=T(a,\"visibility\");return\"collapse\"!=f&&\"hidden\"!=f&&c(a)&&(b||0!=Pa(a))&&e(a)?!d(a):!1}var W=\"hidden\";\nfunction Na(a){function b(k){function l(ba){if(ba==h)return!0;var pa=T(ba,\"display\");return 0==pa.lastIndexOf(\"inline\",0)||\"contents\"==pa||\"absolute\"==qa&&\"static\"==T(ba,\"position\")?!1:!0}var qa=T(k,\"position\");if(\"fixed\"==qa)return ra=!0,k==h?null:h;for(k=S(k);k&&!l(k);)k=S(k);return k}function c(k){var l=k;if(\"visible\"==D)if(k==h&&n)l=n;else if(k==n)return{x:\"visible\",y:\"visible\"};l={x:T(l,\"overflow-x\"),y:T(l,\"overflow-y\")};k==h&&(l.x=\"visible\"==l.x?\"auto\":l.x,l.y=\"visible\"==l.y?\"auto\":l.y);return l}\nfunction e(k){if(k==h){var l=(new Ka(f)).a;k=l.scrollingElement?l.scrollingElement:za||\"CSS1Compat\"!=l.compatMode?l.body||l.documentElement:l.documentElement;l=l.parentWindow||l.defaultView;k=C&&Ba(\"10\")&&l.pageYOffset!=k.scrollTop?new L(k.scrollLeft,k.scrollTop):new L(l.pageXOffset||k.scrollLeft,l.pageYOffset||k.scrollTop)}else k=new L(k.scrollLeft,k.scrollTop);return k}var d=Qa(a),f=N(a),h=f.documentElement,n=f.body,D=T(h,\"overflow\"),ra;for(a=b(a);a;a=b(a)){var q=c(a);if(\"visible\"!=q.x||\"visible\"!=\nq.y){var t=V(a);if(0==t.width||0==t.height)return W;var z=d.a\u003Ct.a,O=d.b\u003Ct.b;if(z&&\"hidden\"==q.x||O&&\"hidden\"==q.y)return W;if(z&&\"visible\"!=q.x||O&&\"visible\"!=q.y){z=e(a);O=d.b\u003Ct.b-z.y;if(d.a\u003Ct.a-z.x&&\"visible\"!=q.x||O&&\"visible\"!=q.x)return W;d=Na(a);return d==W?W:\"scroll\"}z=d.c>=t.a+t.width;t=d.f>=t.b+t.height;if(z&&\"hidden\"==q.x||t&&\"hidden\"==q.y)return W;if(z&&\"visible\"!=q.x||t&&\"visible\"!=q.y){if(ra&&(q=e(a),d.c>=h.scrollWidth-q.x||d.a>=h.scrollHeight-q.y))return W;d=Na(a);return d==W?W:\"scroll\"}}}return\"none\"}\nfunction V(a){var b=Oa(a);if(b)return b.rect;if(P(a,\"HTML\"))return a=N(a),a=((a?a.parentWindow||a.defaultView:window)||window).document,a=\"CSS1Compat\"==a.compatMode?a.documentElement:a.body,a=new M(a.clientWidth,a.clientHeight),new R(0,0,a.width,a.height);try{var c=a.getBoundingClientRect()}catch(e){return new R(0,0,0,0)}b=new R(c.left,c.top,c.right-c.left,c.bottom-c.top);C&&a.ownerDocument.body&&(a=N(a),b.a-=a.documentElement.clientLeft+a.body.clientLeft,b.b-=a.documentElement.clientTop+a.body.clientTop);\nreturn b}\nfunction Oa(a){var b=P(a,\"MAP\");if(!b&&!P(a,\"AREA\"))return null;var c=b?a:P(a.parentNode,\"MAP\")?a.parentNode:null,e=null,d=null;if(c&&c.name){e='*[usemap=\"#'+c.name+'\"]';c=N(c);var f;if(f=\"function\"!=aa(c.querySelector)&&C&&(C?0\u003C=na(I,8):Ba(8))){f=c.querySelector;var h=typeof f;f=!(\"object\"==h&&null!=f||\"function\"==h)}if(f)throw Error(\"CSS selection is not supported\");if(!e)throw new m(32,\"No selector specified\");e=u(e);try{var n=c.querySelector(e)}catch(D){throw new m(32,\"An invalid or illegal selector was specified\");}if(e=\nn&&1==n.nodeType?n:null)d=V(e),b||\"default\"==a.shape.toLowerCase()||(a=Ra(a),b=Math.min(Math.max(a.a,0),d.width),n=Math.min(Math.max(a.b,0),d.height),d=new R(b+d.a,n+d.b,Math.min(a.width,d.width-b),Math.min(a.height,d.height-n)))}return{image:e,rect:d||new R(0,0,0,0)}}\nfunction Ra(a){var b=a.shape.toLowerCase();a=a.coords.split(\",\");if(\"rect\"==b&&4==a.length){b=a[0];var c=a[1];return new R(b,c,a[2]-b,a[3]-c)}if(\"circle\"==b&&3==a.length)return b=a[2],new R(a[0]-b,a[1]-b,2*b,2*b);if(\"poly\"==b&&2\u003Ca.length){b=a[0];c=a[1];for(var e=b,d=c,f=2;f+1\u003Ca.length;f+=2)b=Math.min(b,a[f]),e=Math.max(e,a[f]),c=Math.min(c,a[f+1]),d=Math.max(d,a[f+1]);return new R(b,c,e-b,d-c)}return new R(0,0,0,0)}function Qa(a){a=V(a);return new Q(a.b,a.a+a.width,a.b+a.height,a.a)}\nfunction Pa(a){if(Ia){if(\"relative\"==T(a,\"position\"))return 1;a=T(a,\"filter\");return(a=a.match(/^alpha\\(opacity=(\\d*)\\)/)||a.match(/^progid:DXImageTransform.Microsoft.Alpha\\(Opacity=(\\d*)\\)/))?Number(a[1])/100:1}return Sa(a)}function Sa(a){var b=1,c=T(a,\"opacity\");c&&(b=Number(c));(a=S(a))&&(b*=Sa(a));return b};function Ta(a,b){function c(e){if(P(e)&&\"none\"==T(e,\"display\"))return!1;var d;if((d=e.parentNode)&&d.shadowRoot&&void 0!==e.assignedSlot)d=e.assignedSlot?e.assignedSlot.parentNode:null;else if(e.getDestinationInsertionPoints){var f=e.getDestinationInsertionPoints();0\u003Cf.length&&(d=f[f.length-1])}if(La&&d instanceof ShadowRoot){if(d.host.shadowRoot&&d.host.shadowRoot!==d)return!1;d=d.host}return!d||9!=d.nodeType&&11!=d.nodeType?d&&P(d,\"DETAILS\")&&!d.open&&!P(e,\"SUMMARY\")?!1:!!d&&c(d):!0}return U(a,\n!!b,c)}var X=[\"_\"],Y=g;X[0]in Y||\"undefined\"==typeof Y.execScript||Y.execScript(\"var \"+X[0]);for(var Z;X.length&&(Z=X.shift());)X.length||void 0===Ta?Y[Z]&&Y[Z]!==Object.prototype[Z]?Y=Y[Z]:Y=Y[Z]={}:Y[Z]=Ta;; return this._.apply(null,arguments);}).apply({navigator:typeof window!='undefined'?window.navigator:null,document:typeof window!='undefined'?window.document:null}, arguments);}\n).apply(null, arguments);"
}
[1744521056.587][INFO]: Waiting for pending navigations...
[1744521056.589][INFO]: Done waiting for pending navigations. Status: ok
[1744521056.602][INFO]: Waiting for pending navigations...
[1744521056.603][INFO]: Done waiting for pending navigations. Status: ok
[1744521056.603][INFO]: [96366644e4e44a0331331087ddd55f7c] RESPONSE ExecuteScript true
[1744521056.613][INFO]: [96366644e4e44a0331331087ddd55f7c] COMMAND ExecuteScript {
   "args": [ {
      "element-6066-11e4-a52e-4f735466cecf": "f.FA7F9F0460E8C13CECE7AFB28C7D66DB.d.315202368A5BB2C27CA906CC97BFC63C.e.420"
   } ],
   "script": "arguments[0].scrollIntoView(true);"
}
[1744521056.613][INFO]: Waiting for pending navigations...
[1744521056.616][INFO]: Done waiting for pending navigations. Status: ok
[1744521056.630][INFO]: Waiting for pending navigations...
[1744521056.634][INFO]: Done waiting for pending navigations. Status: ok
[1744521056.635][INFO]: [96366644e4e44a0331331087ddd55f7c] RESPONSE ExecuteScript null
[1744521056.643][INFO]: [96366644e4e44a0331331087ddd55f7c] COMMAND ClickElement {
   "id": "f.FA7F9F0460E8C13CECE7AFB28C7D66DB.d.315202368A5BB2C27CA906CC97BFC63C.e.420"
}
[1744521056.643][INFO]: Waiting for pending navigations...
[1744521056.645][INFO]: Done waiting for pending navigations. Status: ok
[1744521057.825][INFO]: Waiting for pending navigations...
[1744521057.826][INFO]: Done waiting for pending navigations. Status: ok
[1744521057.827][INFO]: [96366644e4e44a0331331087ddd55f7c] RESPONSE ClickElement ERROR element click intercepted: Element <div class="zg-M3Z">...</div> is not clickable at point (489, 16). Other element would receive the click: <input class="zDPmFV" type="text" title="Search for products, brands and more" name="q" autocomplete="off" placeholder="Search for products, brands and more" value="Washing Machine">
  (Session info: chrome=135.0.7049.84)
[1744521057.860][INFO]: [96366644e4e44a0331331087ddd55f7c] COMMAND FindElements {
   "using": "xpath",
   "value": "//div[@class='XQDdHH']"
}
[1744521057.860][INFO]: Waiting for pending navigations...
[1744521057.862][INFO]: Done waiting for pending navigations. Status: ok
[1744521057.900][INFO]: Waiting for pending navigations...
[1744521057.902][INFO]: Done waiting for pending navigations. Status: ok
[1744521057.902][INFO]: [96366644e4e44a0331331087ddd55f7c] RESPONSE FindElements [ {
   "element-6066-11e4-a52e-4f735466cecf": "f.FA7F9F0460E8C13CECE7AFB28C7D66DB.d.315202368A5BB2C27CA906CC97BFC63C.e.423"
}, {
   "element-6066-11e4-a52e-4f735466cecf": "f.FA7F9F0460E8C13CECE7AFB28C7D66DB.d.315202368A5BB2C27CA906CC97BFC63C.e.424"
}, {
   "element-6066-11e4-a52e-4f735466cecf": "f.FA7F9F0460E8C13CECE7AFB28C7D66DB.d.315202368A5BB2C27CA906CC97BFC63C.e.425"
}, {
   "element-6066-11e4-a52e-4f735466cecf": "f.FA7F9F0460E8C13CECE7AFB28C7D66DB.d.315202368A5BB2C27CA906CC97BFC63C.e.426"
}, {
   "element-6066-11e4-a52e-4f735466cecf": "f.FA7F9F0460E8C13CECE7AFB28C7D66DB.d.315202368A5BB2C27CA906CC97BFC63C.e.427"
}, {
   "element-6066-11e4-a52e-4f735466cecf": "f.FA7F9F0460E8C13CECE7AFB28C7D66DB.d.315202368A5BB2C27CA906CC97BFC63C.e.428"
}, {
   "element-6066-11e4-a52e-4f735466cecf": "f.FA7F9F0460E8C13CECE7AFB28C7D66DB.d.315202368A5BB2C27CA906CC97BFC63C.e.429"
}, {
   "element-6066-11e4-a52e-4f735466cecf": "f.FA7F9F0460E8C13CECE7AFB28C7D66DB.d.315202368A5BB2C27CA906CC97BFC63C.e.430"
}, {
   "element-6066-11e4-a52e-4f735466cecf": "f.FA7F9F0460E8C13CECE7AFB28C7D66DB.d.315202368A5BB2C27CA906CC97BFC63C.e.431"
}, {
   "element-6066-11e4-a52e-4f735466cecf": "f.FA7F9F0460E8C13CECE7AFB28C7D66DB.d.315202368A5BB2C27CA906CC97BFC63C.e.432"
}, {
   "element-6066-11e4-a52e-4f735466cecf": "f.FA7F9F0460E8C13CECE7AFB28C7D66DB.d.315202368A5BB2C27CA906CC97BFC63C.e.433"
}, {
   "element-6066-11e4-a52e-4f735466cecf": "f.FA7F9F0460E8C13CECE7AFB28C7D66DB.d.315202368A5BB2C27CA906CC97BFC63C.e.434"
}, {
   "element-6066-11e4-a52e-4f735466cecf": "f.FA7F9F0460E8C13CECE7AFB28C7D66DB.d.315202368A5BB2C27CA906CC97BFC63C.e.435"
}, {
   "element-6066-11e4-a52e-4f735466cecf": "f.FA7F9F0460E8C13CECE7AFB28C7D66DB.d.315202368A5BB2C27CA906CC97BFC63C.e.436"
}, {
   "element-6066-11e4-a52e-4f735466cecf": "f.FA7F9F0460E8C13CECE7AFB28C7D66DB.d.315202368A5BB2C27CA906CC97BFC63C.e.437"
}, {
   "element-6066-11e4-a52e-4f735466cecf": "f.FA7F9F0460E8C13CECE7AFB28C7D66DB.d.315202368A5BB2C27CA906CC97BFC63C.e.438"
}, {
   "element-6066-11e4-a52e-4f735466cecf": "f.FA7F9F0460E8C13CECE7AFB28C7D66DB.d.315202368A5BB2C27CA906CC97BFC63C.e.439"
}, {
   "element-6066-11e4-a52e-4f735466cecf": "f.FA7F9F0460E8C13CECE7AFB28C7D66DB.d.315202368A5BB2C27CA906CC97BFC63C.e.440"
}, {
   "element-6066-11e4-a52e-4f735466cecf": "f.FA7F9F0460E8C13CECE7AFB28C7D66DB.d.315202368A5BB2C27CA906CC97BFC63C.e.441"
}, "..." ]
[1744521057.923][INFO]: [96366644e4e44a0331331087ddd55f7c] COMMAND GetElementText {
   "id": "f.FA7F9F0460E8C13CECE7AFB28C7D66DB.d.315202368A5BB2C27CA906CC97BFC63C.e.423"
}
[1744521057.923][INFO]: Waiting for pending navigations...
[1744521057.926][INFO]: Done waiting for pending navigations. Status: ok
[1744521057.970][INFO]: Waiting for pending navigations...
[1744521057.972][INFO]: Done waiting for pending navigations. Status: ok
[1744521057.972][INFO]: [96366644e4e44a0331331087ddd55f7c] RESPONSE GetElementText "4.2"
[1744521057.980][INFO]: [96366644e4e44a0331331087ddd55f7c] COMMAND GetElementText {
   "id": "f.FA7F9F0460E8C13CECE7AFB28C7D66DB.d.315202368A5BB2C27CA906CC97BFC63C.e.424"
}
[1744521057.980][INFO]: Waiting for pending navigations...
[1744521057.982][INFO]: Done waiting for pending navigations. Status: ok
[1744521057.999][INFO]: Waiting for pending navigations...
[1744521058.001][INFO]: Done waiting for pending navigations. Status: ok
[1744521058.001][INFO]: [96366644e4e44a0331331087ddd55f7c] RESPONSE GetElementText "4.3"
[1744521058.007][INFO]: [96366644e4e44a0331331087ddd55f7c] COMMAND GetElementText {
   "id": "f.FA7F9F0460E8C13CECE7AFB28C7D66DB.d.315202368A5BB2C27CA906CC97BFC63C.e.425"
}
[1744521058.007][INFO]: Waiting for pending navigations...
[1744521058.009][INFO]: Done waiting for pending navigations. Status: ok
[1744521058.026][INFO]: Waiting for pending navigations...
[1744521058.028][INFO]: Done waiting for pending navigations. Status: ok
[1744521058.028][INFO]: [96366644e4e44a0331331087ddd55f7c] RESPONSE GetElementText "4.3"
[1744521058.034][INFO]: [96366644e4e44a0331331087ddd55f7c] COMMAND GetElementText {
   "id": "f.FA7F9F0460E8C13CECE7AFB28C7D66DB.d.315202368A5BB2C27CA906CC97BFC63C.e.426"
}
[1744521058.034][INFO]: Waiting for pending navigations...
[1744521058.036][INFO]: Done waiting for pending navigations. Status: ok
[1744521058.053][INFO]: Waiting for pending navigations...
[1744521058.054][INFO]: Done waiting for pending navigations. Status: ok
[1744521058.054][INFO]: [96366644e4e44a0331331087ddd55f7c] RESPONSE GetElementText "4.3"
[1744521058.060][INFO]: [96366644e4e44a0331331087ddd55f7c] COMMAND GetElementText {
   "id": "f.FA7F9F0460E8C13CECE7AFB28C7D66DB.d.315202368A5BB2C27CA906CC97BFC63C.e.427"
}
[1744521058.060][INFO]: Waiting for pending navigations...
[1744521058.062][INFO]: Done waiting for pending navigations. Status: ok
[1744521058.079][INFO]: Waiting for pending navigations...
[1744521058.081][INFO]: Done waiting for pending navigations. Status: ok
[1744521058.081][INFO]: [96366644e4e44a0331331087ddd55f7c] RESPONSE GetElementText "4.2"
[1744521058.088][INFO]: [96366644e4e44a0331331087ddd55f7c] COMMAND GetElementText {
   "id": "f.FA7F9F0460E8C13CECE7AFB28C7D66DB.d.315202368A5BB2C27CA906CC97BFC63C.e.428"
}
[1744521058.088][INFO]: Waiting for pending navigations...
[1744521058.090][INFO]: Done waiting for pending navigations. Status: ok
[1744521058.107][INFO]: Waiting for pending navigations...
[1744521058.108][INFO]: Done waiting for pending navigations. Status: ok
[1744521058.108][INFO]: [96366644e4e44a0331331087ddd55f7c] RESPONSE GetElementText "4.1"
[1744521058.114][INFO]: [96366644e4e44a0331331087ddd55f7c] COMMAND GetElementText {
   "id": "f.FA7F9F0460E8C13CECE7AFB28C7D66DB.d.315202368A5BB2C27CA906CC97BFC63C.e.429"
}
[1744521058.114][INFO]: Waiting for pending navigations...
[1744521058.116][INFO]: Done waiting for pending navigations. Status: ok
[1744521058.133][INFO]: Waiting for pending navigations...
[1744521058.135][INFO]: Done waiting for pending navigations. Status: ok
[1744521058.135][INFO]: [96366644e4e44a0331331087ddd55f7c] RESPONSE GetElementText "4.3"
[1744521058.142][INFO]: [96366644e4e44a0331331087ddd55f7c] COMMAND GetElementText {
   "id": "f.FA7F9F0460E8C13CECE7AFB28C7D66DB.d.315202368A5BB2C27CA906CC97BFC63C.e.430"
}
[1744521058.142][INFO]: Waiting for pending navigations...
[1744521058.153][INFO]: Done waiting for pending navigations. Status: ok
[1744521058.172][INFO]: Waiting for pending navigations...
[1744521058.174][INFO]: Done waiting for pending navigations. Status: ok
[1744521058.174][INFO]: [96366644e4e44a0331331087ddd55f7c] RESPONSE GetElementText "4.3"
[1744521058.182][INFO]: [96366644e4e44a0331331087ddd55f7c] COMMAND GetElementText {
   "id": "f.FA7F9F0460E8C13CECE7AFB28C7D66DB.d.315202368A5BB2C27CA906CC97BFC63C.e.431"
}
[1744521058.182][INFO]: Waiting for pending navigations...
[1744521058.184][INFO]: Done waiting for pending navigations. Status: ok
[1744521058.204][INFO]: Waiting for pending navigations...
[1744521058.206][INFO]: Done waiting for pending navigations. Status: ok
[1744521058.206][INFO]: [96366644e4e44a0331331087ddd55f7c] RESPONSE GetElementText "4.5"
[1744521058.221][INFO]: [96366644e4e44a0331331087ddd55f7c] COMMAND GetElementText {
   "id": "f.FA7F9F0460E8C13CECE7AFB28C7D66DB.d.315202368A5BB2C27CA906CC97BFC63C.e.432"
}
[1744521058.221][INFO]: Waiting for pending navigations...
[1744521058.222][INFO]: Done waiting for pending navigations. Status: ok
[1744521058.240][INFO]: Waiting for pending navigations...
[1744521058.241][INFO]: Done waiting for pending navigations. Status: ok
[1744521058.241][INFO]: [96366644e4e44a0331331087ddd55f7c] RESPONSE GetElementText "4.3"
[1744521058.248][INFO]: [96366644e4e44a0331331087ddd55f7c] COMMAND GetElementText {
   "id": "f.FA7F9F0460E8C13CECE7AFB28C7D66DB.d.315202368A5BB2C27CA906CC97BFC63C.e.433"
}
[1744521058.248][INFO]: Waiting for pending navigations...
[1744521058.250][INFO]: Done waiting for pending navigations. Status: ok
[1744521058.270][INFO]: Waiting for pending navigations...
[1744521058.272][INFO]: Done waiting for pending navigations. Status: ok
[1744521058.272][INFO]: [96366644e4e44a0331331087ddd55f7c] RESPONSE GetElementText "4.4"
[1744521058.280][INFO]: [96366644e4e44a0331331087ddd55f7c] COMMAND GetElementText {
   "id": "f.FA7F9F0460E8C13CECE7AFB28C7D66DB.d.315202368A5BB2C27CA906CC97BFC63C.e.434"
}
[1744521058.280][INFO]: Waiting for pending navigations...
[1744521058.282][INFO]: Done waiting for pending navigations. Status: ok
[1744521058.301][INFO]: Waiting for pending navigations...
[1744521058.303][INFO]: Done waiting for pending navigations. Status: ok
[1744521058.303][INFO]: [96366644e4e44a0331331087ddd55f7c] RESPONSE GetElementText "4.3"
[1744521058.309][INFO]: [96366644e4e44a0331331087ddd55f7c] COMMAND GetElementText {
   "id": "f.FA7F9F0460E8C13CECE7AFB28C7D66DB.d.315202368A5BB2C27CA906CC97BFC63C.e.435"
}
[1744521058.309][INFO]: Waiting for pending navigations...
[1744521058.311][INFO]: Done waiting for pending navigations. Status: ok
[1744521058.330][INFO]: Waiting for pending navigations...
[1744521058.332][INFO]: Done waiting for pending navigations. Status: ok
[1744521058.332][INFO]: [96366644e4e44a0331331087ddd55f7c] RESPONSE GetElementText "4.3"
[1744521058.338][INFO]: [96366644e4e44a0331331087ddd55f7c] COMMAND GetElementText {
   "id": "f.FA7F9F0460E8C13CECE7AFB28C7D66DB.d.315202368A5BB2C27CA906CC97BFC63C.e.436"
}
[1744521058.338][INFO]: Waiting for pending navigations...
[1744521058.339][INFO]: Done waiting for pending navigations. Status: ok
[1744521058.357][INFO]: Waiting for pending navigations...
[1744521058.359][INFO]: Done waiting for pending navigations. Status: ok
[1744521058.359][INFO]: [96366644e4e44a0331331087ddd55f7c] RESPONSE GetElementText "4.3"
[1744521058.365][INFO]: [96366644e4e44a0331331087ddd55f7c] COMMAND GetElementText {
   "id": "f.FA7F9F0460E8C13CECE7AFB28C7D66DB.d.315202368A5BB2C27CA906CC97BFC63C.e.437"
}
[1744521058.365][INFO]: Waiting for pending navigations...
[1744521058.367][INFO]: Done waiting for pending navigations. Status: ok
[1744521058.385][INFO]: Waiting for pending navigations...
[1744521058.387][INFO]: Done waiting for pending navigations. Status: ok
[1744521058.387][INFO]: [96366644e4e44a0331331087ddd55f7c] RESPONSE GetElementText "4.3"
[1744521058.393][INFO]: [96366644e4e44a0331331087ddd55f7c] COMMAND GetElementText {
   "id": "f.FA7F9F0460E8C13CECE7AFB28C7D66DB.d.315202368A5BB2C27CA906CC97BFC63C.e.438"
}
[1744521058.393][INFO]: Waiting for pending navigations...
[1744521058.395][INFO]: Done waiting for pending navigations. Status: ok
[1744521058.415][INFO]: Waiting for pending navigations...
[1744521058.417][INFO]: Done waiting for pending navigations. Status: ok
[1744521058.417][INFO]: [96366644e4e44a0331331087ddd55f7c] RESPONSE GetElementText "4.3"
[1744521058.425][INFO]: [96366644e4e44a0331331087ddd55f7c] COMMAND GetElementText {
   "id": "f.FA7F9F0460E8C13CECE7AFB28C7D66DB.d.315202368A5BB2C27CA906CC97BFC63C.e.439"
}
[1744521058.425][INFO]: Waiting for pending navigations...
[1744521058.426][INFO]: Done waiting for pending navigations. Status: ok
[1744521058.448][INFO]: Waiting for pending navigations...
[1744521058.451][INFO]: Done waiting for pending navigations. Status: ok
[1744521058.451][INFO]: [96366644e4e44a0331331087ddd55f7c] RESPONSE GetElementText "4.2"
[1744521058.458][INFO]: [96366644e4e44a0331331087ddd55f7c] COMMAND GetElementText {
   "id": "f.FA7F9F0460E8C13CECE7AFB28C7D66DB.d.315202368A5BB2C27CA906CC97BFC63C.e.440"
}
[1744521058.459][INFO]: Waiting for pending navigations...
[1744521058.460][INFO]: Done waiting for pending navigations. Status: ok
[1744521058.478][INFO]: Waiting for pending navigations...
[1744521058.480][INFO]: Done waiting for pending navigations. Status: ok
[1744521058.480][INFO]: [96366644e4e44a0331331087ddd55f7c] RESPONSE GetElementText "4.2"
[1744521058.494][INFO]: [96366644e4e44a0331331087ddd55f7c] COMMAND GetElementText {
   "id": "f.FA7F9F0460E8C13CECE7AFB28C7D66DB.d.315202368A5BB2C27CA906CC97BFC63C.e.441"
}
[1744521058.494][INFO]: Waiting for pending navigations...
[1744521058.496][INFO]: Done waiting for pending navigations. Status: ok
[1744521058.514][INFO]: Waiting for pending navigations...
[1744521058.516][INFO]: Done waiting for pending navigations. Status: ok
[1744521058.516][INFO]: [96366644e4e44a0331331087ddd55f7c] RESPONSE GetElementText "4.4"
[1744521058.522][INFO]: [96366644e4e44a0331331087ddd55f7c] COMMAND GetElementText {
   "id": "f.FA7F9F0460E8C13CECE7AFB28C7D66DB.d.315202368A5BB2C27CA906CC97BFC63C.e.442"
}
[1744521058.522][INFO]: Waiting for pending navigations...
[1744521058.524][INFO]: Done waiting for pending navigations. Status: ok
[1744521058.534][INFO]: Waiting for pending navigations...
[1744521058.535][INFO]: Done waiting for pending navigations. Status: ok
[1744521058.535][INFO]: [96366644e4e44a0331331087ddd55f7c] RESPONSE GetElementText "4.3"
[1744521058.537][INFO]: [96366644e4e44a0331331087ddd55f7c] COMMAND GetElementText {
   "id": "f.FA7F9F0460E8C13CECE7AFB28C7D66DB.d.315202368A5BB2C27CA906CC97BFC63C.e.443"
}
[1744521058.537][INFO]: Waiting for pending navigations...
[1744521058.538][INFO]: Done waiting for pending navigations. Status: ok
[1744521058.545][INFO]: Waiting for pending navigations...
[1744521058.546][INFO]: Done waiting for pending navigations. Status: ok
[1744521058.546][INFO]: [96366644e4e44a0331331087ddd55f7c] RESPONSE GetElementText "4.2"
[1744521058.549][INFO]: [96366644e4e44a0331331087ddd55f7c] COMMAND GetElementText {
   "id": "f.FA7F9F0460E8C13CECE7AFB28C7D66DB.d.315202368A5BB2C27CA906CC97BFC63C.e.444"
}
[1744521058.549][INFO]: Waiting for pending navigations...
[1744521058.550][INFO]: Done waiting for pending navigations. Status: ok
[1744521058.557][INFO]: Waiting for pending navigations...
[1744521058.558][INFO]: Done waiting for pending navigations. Status: ok
[1744521058.558][INFO]: [96366644e4e44a0331331087ddd55f7c] RESPONSE GetElementText "4.3"
[1744521058.561][INFO]: [96366644e4e44a0331331087ddd55f7c] COMMAND GetElementText {
   "id": "f.FA7F9F0460E8C13CECE7AFB28C7D66DB.d.315202368A5BB2C27CA906CC97BFC63C.e.445"
}
[1744521058.561][INFO]: Waiting for pending navigations...
[1744521058.562][INFO]: Done waiting for pending navigations. Status: ok
[1744521058.569][INFO]: Waiting for pending navigations...
[1744521058.570][INFO]: Done waiting for pending navigations. Status: ok
[1744521058.570][INFO]: [96366644e4e44a0331331087ddd55f7c] RESPONSE GetElementText "4.3"
[1744521058.573][INFO]: [96366644e4e44a0331331087ddd55f7c] COMMAND GetElementText {
   "id": "f.FA7F9F0460E8C13CECE7AFB28C7D66DB.d.315202368A5BB2C27CA906CC97BFC63C.e.446"
}
[1744521058.573][INFO]: Waiting for pending navigations...
[1744521058.574][INFO]: Done waiting for pending navigations. Status: ok
[1744521058.581][INFO]: Waiting for pending navigations...
[1744521058.582][INFO]: Done waiting for pending navigations. Status: ok
[1744521058.582][INFO]: [96366644e4e44a0331331087ddd55f7c] RESPONSE GetElementText "4.4"
[1744521058.584][INFO]: [96366644e4e44a0331331087ddd55f7c] COMMAND GetElementText {
   "id": "f.FA7F9F0460E8C13CECE7AFB28C7D66DB.d.315202368A5BB2C27CA906CC97BFC63C.e.447"
}
[1744521058.584][INFO]: Waiting for pending navigations...
[1744521058.585][INFO]: Done waiting for pending navigations. Status: ok
[1744521058.592][INFO]: Waiting for pending navigations...
[1744521058.593][INFO]: Done waiting for pending navigations. Status: ok
[1744521058.593][INFO]: [96366644e4e44a0331331087ddd55f7c] RESPONSE GetElementText "4.1"
[1744521058.596][INFO]: [96366644e4e44a0331331087ddd55f7c] COMMAND GetElementText {
   "id": "f.FA7F9F0460E8C13CECE7AFB28C7D66DB.d.315202368A5BB2C27CA906CC97BFC63C.e.448"
}
[1744521058.596][INFO]: Waiting for pending navigations...
[1744521058.597][INFO]: Done waiting for pending navigations. Status: ok
[1744521058.605][INFO]: Waiting for pending navigations...
[1744521058.606][INFO]: Done waiting for pending navigations. Status: ok
[1744521058.606][INFO]: [96366644e4e44a0331331087ddd55f7c] RESPONSE GetElementText "4.1"
[1744521058.609][INFO]: [96366644e4e44a0331331087ddd55f7c] COMMAND GetElementText {
   "id": "f.FA7F9F0460E8C13CECE7AFB28C7D66DB.d.315202368A5BB2C27CA906CC97BFC63C.e.449"
}
[1744521058.609][INFO]: Waiting for pending navigations...
[1744521058.610][INFO]: Done waiting for pending navigations. Status: ok
[1744521058.618][INFO]: Waiting for pending navigations...
[1744521058.619][INFO]: Done waiting for pending navigations. Status: ok
[1744521058.619][INFO]: [96366644e4e44a0331331087ddd55f7c] RESPONSE GetElementText "4.1"
[1744521058.621][INFO]: [96366644e4e44a0331331087ddd55f7c] COMMAND GetElementText {
   "id": "f.FA7F9F0460E8C13CECE7AFB28C7D66DB.d.315202368A5BB2C27CA906CC97BFC63C.e.450"
}
[1744521058.621][INFO]: Waiting for pending navigations...
[1744521058.623][INFO]: Done waiting for pending navigations. Status: ok
[1744521058.631][INFO]: Waiting for pending navigations...
[1744521058.631][INFO]: Done waiting for pending navigations. Status: ok
[1744521058.631][INFO]: [96366644e4e44a0331331087ddd55f7c] RESPONSE GetElementText "4.3"
[1744521058.634][INFO]: [96366644e4e44a0331331087ddd55f7c] COMMAND GetElementText {
   "id": "f.FA7F9F0460E8C13CECE7AFB28C7D66DB.d.315202368A5BB2C27CA906CC97BFC63C.e.451"
}
[1744521058.634][INFO]: Waiting for pending navigations...
[1744521058.635][INFO]: Done waiting for pending navigations. Status: ok
[1744521058.642][INFO]: Waiting for pending navigations...
[1744521058.643][INFO]: Done waiting for pending navigations. Status: ok
[1744521058.643][INFO]: [96366644e4e44a0331331087ddd55f7c] RESPONSE GetElementText "4.4"
[1744521058.646][INFO]: [96366644e4e44a0331331087ddd55f7c] COMMAND GetElementText {
   "id": "f.FA7F9F0460E8C13CECE7AFB28C7D66DB.d.315202368A5BB2C27CA906CC97BFC63C.e.452"
}
[1744521058.646][INFO]: Waiting for pending navigations...
[1744521058.646][INFO]: Done waiting for pending navigations. Status: ok
[1744521058.654][INFO]: Waiting for pending navigations...
[1744521058.654][INFO]: Done waiting for pending navigations. Status: ok
[1744521058.654][INFO]: [96366644e4e44a0331331087ddd55f7c] RESPONSE GetElementText "4.3"
[1744521058.657][INFO]: [96366644e4e44a0331331087ddd55f7c] COMMAND GetElementText {
   "id": "f.FA7F9F0460E8C13CECE7AFB28C7D66DB.d.315202368A5BB2C27CA906CC97BFC63C.e.453"
}
[1744521058.657][INFO]: Waiting for pending navigations...
[1744521058.658][INFO]: Done waiting for pending navigations. Status: ok
[1744521058.666][INFO]: Waiting for pending navigations...
[1744521058.666][INFO]: Done waiting for pending navigations. Status: ok
[1744521058.666][INFO]: [96366644e4e44a0331331087ddd55f7c] RESPONSE GetElementText "4.2"
[1744521058.669][INFO]: [96366644e4e44a0331331087ddd55f7c] COMMAND GetElementText {
   "id": "f.FA7F9F0460E8C13CECE7AFB28C7D66DB.d.315202368A5BB2C27CA906CC97BFC63C.e.454"
}
[1744521058.669][INFO]: Waiting for pending navigations...
[1744521058.670][INFO]: Done waiting for pending navigations. Status: ok
[1744521058.678][INFO]: Waiting for pending navigations...
[1744521058.679][INFO]: Done waiting for pending navigations. Status: ok
[1744521058.679][INFO]: [96366644e4e44a0331331087ddd55f7c] RESPONSE GetElementText "4.1"
[1744521058.681][INFO]: [96366644e4e44a0331331087ddd55f7c] COMMAND GetElementText {
   "id": "f.FA7F9F0460E8C13CECE7AFB28C7D66DB.d.315202368A5BB2C27CA906CC97BFC63C.e.455"
}
[1744521058.681][INFO]: Waiting for pending navigations...
[1744521058.682][INFO]: Done waiting for pending navigations. Status: ok
[1744521058.689][INFO]: Waiting for pending navigations...
[1744521058.690][INFO]: Done waiting for pending navigations. Status: ok
[1744521058.690][INFO]: [96366644e4e44a0331331087ddd55f7c] RESPONSE GetElementText "4.3"
[1744521058.694][INFO]: [96366644e4e44a0331331087ddd55f7c] COMMAND GetElementText {
   "id": "f.FA7F9F0460E8C13CECE7AFB28C7D66DB.d.315202368A5BB2C27CA906CC97BFC63C.e.456"
}
[1744521058.694][INFO]: Waiting for pending navigations...
[1744521058.695][INFO]: Done waiting for pending navigations. Status: ok
[1744521058.703][INFO]: Waiting for pending navigations...
[1744521058.704][INFO]: Done waiting for pending navigations. Status: ok
[1744521058.704][INFO]: [96366644e4e44a0331331087ddd55f7c] RESPONSE GetElementText "4.1"
[1744521058.706][INFO]: [96366644e4e44a0331331087ddd55f7c] COMMAND GetElementText {
   "id": "f.FA7F9F0460E8C13CECE7AFB28C7D66DB.d.315202368A5BB2C27CA906CC97BFC63C.e.457"
}
[1744521058.706][INFO]: Waiting for pending navigations...
[1744521058.707][INFO]: Done waiting for pending navigations. Status: ok
[1744521058.715][INFO]: Waiting for pending navigations...
[1744521058.716][INFO]: Done waiting for pending navigations. Status: ok
[1744521058.716][INFO]: [96366644e4e44a0331331087ddd55f7c] RESPONSE GetElementText "4.4"
[1744521058.719][INFO]: [96366644e4e44a0331331087ddd55f7c] COMMAND GetElementText {
   "id": "f.FA7F9F0460E8C13CECE7AFB28C7D66DB.d.315202368A5BB2C27CA906CC97BFC63C.e.458"
}
[1744521058.719][INFO]: Waiting for pending navigations...
[1744521058.720][INFO]: Done waiting for pending navigations. Status: ok
[1744521058.727][INFO]: Waiting for pending navigations...
[1744521058.728][INFO]: Done waiting for pending navigations. Status: ok
[1744521058.728][INFO]: [96366644e4e44a0331331087ddd55f7c] RESPONSE GetElementText "4.3"
[1744521058.730][INFO]: [96366644e4e44a0331331087ddd55f7c] COMMAND GetElementText {
   "id": "f.FA7F9F0460E8C13CECE7AFB28C7D66DB.d.315202368A5BB2C27CA906CC97BFC63C.e.459"
}
[1744521058.730][INFO]: Waiting for pending navigations...
[1744521058.731][INFO]: Done waiting for pending navigations. Status: ok
[1744521058.738][INFO]: Waiting for pending navigations...
[1744521058.738][INFO]: Done waiting for pending navigations. Status: ok
[1744521058.738][INFO]: [96366644e4e44a0331331087ddd55f7c] RESPONSE GetElementText "4.1"
[1744521058.740][INFO]: [96366644e4e44a0331331087ddd55f7c] COMMAND GetElementText {
   "id": "f.FA7F9F0460E8C13CECE7AFB28C7D66DB.d.315202368A5BB2C27CA906CC97BFC63C.e.460"
}
[1744521058.740][INFO]: Waiting for pending navigations...
[1744521058.741][INFO]: Done waiting for pending navigations. Status: ok
[1744521058.747][INFO]: Waiting for pending navigations...
[1744521058.747][INFO]: Done waiting for pending navigations. Status: ok
[1744521058.747][INFO]: [96366644e4e44a0331331087ddd55f7c] RESPONSE GetElementText "4.3"
[1744521058.750][INFO]: [96366644e4e44a0331331087ddd55f7c] COMMAND GetElementText {
   "id": "f.FA7F9F0460E8C13CECE7AFB28C7D66DB.d.315202368A5BB2C27CA906CC97BFC63C.e.461"
}
[1744521058.750][INFO]: Waiting for pending navigations...
[1744521058.751][INFO]: Done waiting for pending navigations. Status: ok
[1744521058.758][INFO]: Waiting for pending navigations...
[1744521058.759][INFO]: Done waiting for pending navigations. Status: ok
[1744521058.759][INFO]: [96366644e4e44a0331331087ddd55f7c] RESPONSE GetElementText "4.4"
[1744521058.761][INFO]: [96366644e4e44a0331331087ddd55f7c] COMMAND GetElementText {
   "id": "f.FA7F9F0460E8C13CECE7AFB28C7D66DB.d.315202368A5BB2C27CA906CC97BFC63C.e.462"
}
[1744521058.761][INFO]: Waiting for pending navigations...
[1744521058.762][INFO]: Done waiting for pending navigations. Status: ok
[1744521058.769][INFO]: Waiting for pending navigations...
[1744521058.770][INFO]: Done waiting for pending navigations. Status: ok
[1744521058.770][INFO]: [96366644e4e44a0331331087ddd55f7c] RESPONSE GetElementText "4.2"
[1744521058.772][INFO]: [96366644e4e44a0331331087ddd55f7c] COMMAND GetElementText {
   "id": "f.FA7F9F0460E8C13CECE7AFB28C7D66DB.d.315202368A5BB2C27CA906CC97BFC63C.e.463"
}
[1744521058.773][INFO]: Waiting for pending navigations...
[1744521058.773][INFO]: Done waiting for pending navigations. Status: ok
[1744521058.780][INFO]: Waiting for pending navigations...
[1744521058.780][INFO]: Done waiting for pending navigations. Status: ok
[1744521058.780][INFO]: [96366644e4e44a0331331087ddd55f7c] RESPONSE GetElementText "4.2"
[1744521058.782][INFO]: [96366644e4e44a0331331087ddd55f7c] COMMAND GetElementText {
   "id": "f.FA7F9F0460E8C13CECE7AFB28C7D66DB.d.315202368A5BB2C27CA906CC97BFC63C.e.464"
}
[1744521058.783][INFO]: Waiting for pending navigations...
[1744521058.783][INFO]: Done waiting for pending navigations. Status: ok
[1744521058.789][INFO]: Waiting for pending navigations...
[1744521058.790][INFO]: Done waiting for pending navigations. Status: ok
[1744521058.790][INFO]: [96366644e4e44a0331331087ddd55f7c] RESPONSE GetElementText "4.3"
[1744521058.792][INFO]: [96366644e4e44a0331331087ddd55f7c] COMMAND GetElementText {
   "id": "f.FA7F9F0460E8C13CECE7AFB28C7D66DB.d.315202368A5BB2C27CA906CC97BFC63C.e.465"
}
[1744521058.792][INFO]: Waiting for pending navigations...
[1744521058.792][INFO]: Done waiting for pending navigations. Status: ok
[1744521058.798][INFO]: Waiting for pending navigations...
[1744521058.799][INFO]: Done waiting for pending navigations. Status: ok
[1744521058.799][INFO]: [96366644e4e44a0331331087ddd55f7c] RESPONSE GetElementText "4.1"
[1744521058.801][INFO]: [96366644e4e44a0331331087ddd55f7c] COMMAND GetElementText {
   "id": "f.FA7F9F0460E8C13CECE7AFB28C7D66DB.d.315202368A5BB2C27CA906CC97BFC63C.e.466"
}
[1744521058.801][INFO]: Waiting for pending navigations...
[1744521058.802][INFO]: Done waiting for pending navigations. Status: ok
[1744521058.808][INFO]: Waiting for pending navigations...
[1744521058.808][INFO]: Done waiting for pending navigations. Status: ok
[1744521058.808][INFO]: [96366644e4e44a0331331087ddd55f7c] RESPONSE GetElementText "4.1"
[1744521058.813][INFO]: [96366644e4e44a0331331087ddd55f7c] COMMAND Navigate {
   "url": "https://www.flipkart.com/"
}
[1744521058.813][INFO]: Waiting for pending navigations...
[1744521058.814][INFO]: Done waiting for pending navigations. Status: ok
[1744521059.507][INFO]: Waiting for pending navigations...
[1744521061.474][INFO]: Done waiting for pending navigations. Status: ok
[1744521061.474][INFO]: [96366644e4e44a0331331087ddd55f7c] RESPONSE Navigate
[1744521063.484][INFO]: [96366644e4e44a0331331087ddd55f7c] COMMAND FindElement {
   "using": "xpath",
   "value": "//div[contains(@class,'JFPqaw')]/span"
}
[1744521063.485][INFO]: Waiting for pending navigations...
[1744521063.487][INFO]: Done waiting for pending navigations. Status: ok
[1744521063.507][INFO]: Waiting for pending navigations...
[1744521063.510][INFO]: Done waiting for pending navigations. Status: ok
[1744521063.510][INFO]: [96366644e4e44a0331331087ddd55f7c] RESPONSE FindElement {
   "element-6066-11e4-a52e-4f735466cecf": "f.FA7F9F0460E8C13CECE7AFB28C7D66DB.d.0636DC1A2D5965C557E90C4C736DBB89.e.555"
}
[1744521063.520][INFO]: [96366644e4e44a0331331087ddd55f7c] COMMAND ExecuteScript {
   "args": [ {
      "element-6066-11e4-a52e-4f735466cecf": "f.FA7F9F0460E8C13CECE7AFB28C7D66DB.d.0636DC1A2D5965C557E90C4C736DBB89.e.555"
   } ],
   "script": "/* isDisplayed */return (function(){return (function(){var g=this||self;\nfunction aa(a){var b=typeof a;if(\"object\"==b)if(a){if(a instanceof Array)return\"array\";if(a instanceof Object)return b;var c=Object.prototype.toString.call(a);if(\"[object Window]\"==c)return\"object\";if(\"[object Array]\"==c||\"number\"==typeof a.length&&\"undefined\"!=typeof a.splice&&\"undefined\"!=typeof a.propertyIsEnumerable&&!a.propertyIsEnumerable(\"splice\"))return\"array\";if(\"[object Function]\"==c||\"undefined\"!=typeof a.call&&\"undefined\"!=typeof a.propertyIsEnumerable&&!a.propertyIsEnumerable(\"call\"))return\"function\"}else return\"null\";else if(\"function\"==\nb&&\"undefined\"==typeof a.call)return\"object\";return b}function ca(a,b){function c(){}c.prototype=b.prototype;a.prototype=new c;a.prototype.constructor=a};var da=Array.prototype.indexOf?function(a,b){return Array.prototype.indexOf.call(a,b,void 0)}:function(a,b){if(\"string\"===typeof a)return\"string\"!==typeof b||1!=b.length?-1:a.indexOf(b,0);for(var c=0;c\u003Ca.length;c++)if(c in a&&a[c]===b)return c;return-1},ea=Array.prototype.some?function(a,b){return Array.prototype.some.call(a,b,void 0)}:function(a,b){for(var c=a.length,e=\"string\"===typeof a?a.split(\"\"):a,d=0;d\u003Cc;d++)if(d in e&&b.call(void 0,e[d],d,a))return!0;return!1},fa=Array.prototype.every?function(a,\nb){return Array.prototype.every.call(a,b,void 0)}:function(a,b){for(var c=a.length,e=\"string\"===typeof a?a.split(\"\"):a,d=0;d\u003Cc;d++)if(d in e&&!b.call(void 0,e[d],d,a))return!1;return!0};var ha={aliceblue:\"#f0f8ff\",antiquewhite:\"#faebd7\",aqua:\"#00ffff\",aquamarine:\"#7fffd4\",azure:\"#f0ffff\",beige:\"#f5f5dc\",bisque:\"#ffe4c4\",black:\"#000000\",blanchedalmond:\"#ffebcd\",blue:\"#0000ff\",blueviolet:\"#8a2be2\",brown:\"#a52a2a\",burlywood:\"#deb887\",cadetblue:\"#5f9ea0\",chartreuse:\"#7fff00\",chocolate:\"#d2691e\",coral:\"#ff7f50\",cornflowerblue:\"#6495ed\",cornsilk:\"#fff8dc\",crimson:\"#dc143c\",cyan:\"#00ffff\",darkblue:\"#00008b\",darkcyan:\"#008b8b\",darkgoldenrod:\"#b8860b\",darkgray:\"#a9a9a9\",darkgreen:\"#006400\",\ndarkgrey:\"#a9a9a9\",darkkhaki:\"#bdb76b\",darkmagenta:\"#8b008b\",darkolivegreen:\"#556b2f\",darkorange:\"#ff8c00\",darkorchid:\"#9932cc\",darkred:\"#8b0000\",darksalmon:\"#e9967a\",darkseagreen:\"#8fbc8f\",darkslateblue:\"#483d8b\",darkslategray:\"#2f4f4f\",darkslategrey:\"#2f4f4f\",darkturquoise:\"#00ced1\",darkviolet:\"#9400d3\",deeppink:\"#ff1493\",deepskyblue:\"#00bfff\",dimgray:\"#696969\",dimgrey:\"#696969\",dodgerblue:\"#1e90ff\",firebrick:\"#b22222\",floralwhite:\"#fffaf0\",forestgreen:\"#228b22\",fuchsia:\"#ff00ff\",gainsboro:\"#dcdcdc\",\nghostwhite:\"#f8f8ff\",gold:\"#ffd700\",goldenrod:\"#daa520\",gray:\"#808080\",green:\"#008000\",greenyellow:\"#adff2f\",grey:\"#808080\",honeydew:\"#f0fff0\",hotpink:\"#ff69b4\",indianred:\"#cd5c5c\",indigo:\"#4b0082\",ivory:\"#fffff0\",khaki:\"#f0e68c\",lavender:\"#e6e6fa\",lavenderblush:\"#fff0f5\",lawngreen:\"#7cfc00\",lemonchiffon:\"#fffacd\",lightblue:\"#add8e6\",lightcoral:\"#f08080\",lightcyan:\"#e0ffff\",lightgoldenrodyellow:\"#fafad2\",lightgray:\"#d3d3d3\",lightgreen:\"#90ee90\",lightgrey:\"#d3d3d3\",lightpink:\"#ffb6c1\",lightsalmon:\"#ffa07a\",\nlightseagreen:\"#20b2aa\",lightskyblue:\"#87cefa\",lightslategray:\"#778899\",lightslategrey:\"#778899\",lightsteelblue:\"#b0c4de\",lightyellow:\"#ffffe0\",lime:\"#00ff00\",limegreen:\"#32cd32\",linen:\"#faf0e6\",magenta:\"#ff00ff\",maroon:\"#800000\",mediumaquamarine:\"#66cdaa\",mediumblue:\"#0000cd\",mediumorchid:\"#ba55d3\",mediumpurple:\"#9370db\",mediumseagreen:\"#3cb371\",mediumslateblue:\"#7b68ee\",mediumspringgreen:\"#00fa9a\",mediumturquoise:\"#48d1cc\",mediumvioletred:\"#c71585\",midnightblue:\"#191970\",mintcream:\"#f5fffa\",mistyrose:\"#ffe4e1\",\nmoccasin:\"#ffe4b5\",navajowhite:\"#ffdead\",navy:\"#000080\",oldlace:\"#fdf5e6\",olive:\"#808000\",olivedrab:\"#6b8e23\",orange:\"#ffa500\",orangered:\"#ff4500\",orchid:\"#da70d6\",palegoldenrod:\"#eee8aa\",palegreen:\"#98fb98\",paleturquoise:\"#afeeee\",palevioletred:\"#db7093\",papayawhip:\"#ffefd5\",peachpuff:\"#ffdab9\",peru:\"#cd853f\",pink:\"#ffc0cb\",plum:\"#dda0dd\",powderblue:\"#b0e0e6\",purple:\"#800080\",red:\"#ff0000\",rosybrown:\"#bc8f8f\",royalblue:\"#4169e1\",saddlebrown:\"#8b4513\",salmon:\"#fa8072\",sandybrown:\"#f4a460\",seagreen:\"#2e8b57\",\nseashell:\"#fff5ee\",sienna:\"#a0522d\",silver:\"#c0c0c0\",skyblue:\"#87ceeb\",slateblue:\"#6a5acd\",slategray:\"#708090\",slategrey:\"#708090\",snow:\"#fffafa\",springgreen:\"#00ff7f\",steelblue:\"#4682b4\",tan:\"#d2b48c\",teal:\"#008080\",thistle:\"#d8bfd8\",tomato:\"#ff6347\",turquoise:\"#40e0d0\",violet:\"#ee82ee\",wheat:\"#f5deb3\",white:\"#ffffff\",whitesmoke:\"#f5f5f5\",yellow:\"#ffff00\",yellowgreen:\"#9acd32\"};var ia=\"backgroundColor borderTopColor borderRightColor borderBottomColor borderLeftColor color outlineColor\".split(\" \"),ja=/#([0-9a-fA-F])([0-9a-fA-F])([0-9a-fA-F])/,ka=/^#(?:[0-9a-f]{3}){1,2}$/i,la=/^(?:rgba)?\\((\\d{1,3}),\\s?(\\d{1,3}),\\s?(\\d{1,3}),\\s?(0|1|0\\.\\d*)\\)$/i,ma=/^(?:rgb)?\\((0|[1-9]\\d{0,2}),\\s?(0|[1-9]\\d{0,2}),\\s?(0|[1-9]\\d{0,2})\\)$/i;function m(a,b){this.code=a;this.a=p[a]||r;this.message=b||\"\";a=this.a.replace(/((?:^|\\s+)[a-z])/g,function(c){return c.toUpperCase().replace(/^[\\s\\xa0]+/g,\"\")});b=a.length-5;if(0>b||a.indexOf(\"Error\",b)!=b)a+=\"Error\";this.name=a;a=Error(this.message);a.name=this.name;this.stack=a.stack||\"\"}ca(m,Error);var r=\"unknown error\",p={15:\"element not selectable\",11:\"element not visible\"};p[31]=r;p[30]=r;p[24]=\"invalid cookie domain\";p[29]=\"invalid element coordinates\";p[12]=\"invalid element state\";\np[32]=\"invalid selector\";p[51]=\"invalid selector\";p[52]=\"invalid selector\";p[17]=\"javascript error\";p[405]=\"unsupported operation\";p[34]=\"move target out of bounds\";p[27]=\"no such alert\";p[7]=\"no such element\";p[8]=\"no such frame\";p[23]=\"no such window\";p[28]=\"script timeout\";p[33]=\"session not created\";p[10]=\"stale element reference\";p[21]=\"timeout\";p[25]=\"unable to set cookie\";p[26]=\"unexpected alert open\";p[13]=r;p[9]=\"unknown command\";var u=String.prototype.trim?function(a){return a.trim()}:function(a){return/^[\\s\\xa0]*([\\s\\S]*?)[\\s\\xa0]*$/.exec(a)[1]};\nfunction na(a,b){var c=0;a=u(String(a)).split(\".\");b=u(String(b)).split(\".\");for(var e=Math.max(a.length,b.length),d=0;0==c&&d\u003Ce;d++){var f=a[d]||\"\",h=b[d]||\"\";do{f=/(\\d*)(\\D*)(.*)/.exec(f)||[\"\",\"\",\"\",\"\"];h=/(\\d*)(\\D*)(.*)/.exec(h)||[\"\",\"\",\"\",\"\"];if(0==f[0].length&&0==h[0].length)break;c=v(0==f[1].length?0:parseInt(f[1],10),0==h[1].length?0:parseInt(h[1],10))||v(0==f[2].length,0==h[2].length)||v(f[2],h[2]);f=f[3];h=h[3]}while(0==c)}return c}function v(a,b){return a\u003Cb?-1:a>b?1:0};var w;a:{var oa=g.navigator;if(oa){var sa=oa.userAgent;if(sa){w=sa;break a}}w=\"\"}function x(a){return-1!=w.indexOf(a)};function y(){return x(\"Firefox\")||x(\"FxiOS\")}function A(){return(x(\"Chrome\")||x(\"CriOS\"))&&!x(\"Edge\")};function ta(a){return String(a).replace(/\\-([a-z])/g,function(b,c){return c.toUpperCase()})};function B(){return x(\"iPhone\")&&!x(\"iPod\")&&!x(\"iPad\")};function ua(a,b){var c=va;return Object.prototype.hasOwnProperty.call(c,a)?c[a]:c[a]=b(a)};var wa=x(\"Opera\"),C=x(\"Trident\")||x(\"MSIE\"),xa=x(\"Edge\"),ya=x(\"Gecko\")&&!(-1!=w.toLowerCase().indexOf(\"webkit\")&&!x(\"Edge\"))&&!(x(\"Trident\")||x(\"MSIE\"))&&!x(\"Edge\"),za=-1!=w.toLowerCase().indexOf(\"webkit\")&&!x(\"Edge\");function Aa(){var a=g.document;return a?a.documentMode:void 0}var E;\na:{var F=\"\",G=function(){var a=w;if(ya)return/rv:([^\\);]+)(\\)|;)/.exec(a);if(xa)return/Edge\\/([\\d\\.]+)/.exec(a);if(C)return/\\b(?:MSIE|rv)[: ]([^\\);]+)(\\)|;)/.exec(a);if(za)return/WebKit\\/(\\S+)/.exec(a);if(wa)return/(?:Version)[ \\/]?(\\S+)/.exec(a)}();G&&(F=G?G[1]:\"\");if(C){var H=Aa();if(null!=H&&H>parseFloat(F)){E=String(H);break a}}E=F}var va={};function Ba(a){return ua(a,function(){return 0\u003C=na(E,a)})}var I;I=g.document&&C?Aa():void 0;var Ca=y(),Da=B()||x(\"iPod\"),Ea=x(\"iPad\"),Fa=x(\"Android\")&&!(A()||y()||x(\"Opera\")||x(\"Silk\")),Ga=A(),Ha=x(\"Safari\")&&!(A()||x(\"Coast\")||x(\"Opera\")||x(\"Edge\")||x(\"Edg/\")||x(\"OPR\")||y()||x(\"Silk\")||x(\"Android\"))&&!(B()||x(\"iPad\")||x(\"iPod\"));function J(a){return(a=a.exec(w))?a[1]:\"\"}(function(){if(Ca)return J(/Firefox\\/([0-9.]+)/);if(C||xa||wa)return E;if(Ga)return B()||x(\"iPad\")||x(\"iPod\")?J(/CriOS\\/([0-9.]+)/):J(/Chrome\\/([0-9.]+)/);if(Ha&&!(B()||x(\"iPad\")||x(\"iPod\")))return J(/Version\\/([0-9.]+)/);if(Da||Ea){var a=/Version\\/(\\S+).*Mobile\\/(\\S+)/.exec(w);if(a)return a[1]+\".\"+a[2]}else if(Fa)return(a=J(/Android\\s+([0-9.]+)/))?a:J(/Version\\/([0-9.]+)/);return\"\"})();var K;if(K=C)K=!(9\u003C=Number(I));var Ia=K;function L(a,b){this.x=void 0!==a?a:0;this.y=void 0!==b?b:0}L.prototype.ceil=function(){this.x=Math.ceil(this.x);this.y=Math.ceil(this.y);return this};L.prototype.floor=function(){this.x=Math.floor(this.x);this.y=Math.floor(this.y);return this};L.prototype.round=function(){this.x=Math.round(this.x);this.y=Math.round(this.y);return this};function M(a,b){this.width=a;this.height=b}M.prototype.aspectRatio=function(){return this.width/this.height};M.prototype.ceil=function(){this.width=Math.ceil(this.width);this.height=Math.ceil(this.height);return this};M.prototype.floor=function(){this.width=Math.floor(this.width);this.height=Math.floor(this.height);return this};M.prototype.round=function(){this.width=Math.round(this.width);this.height=Math.round(this.height);return this};function N(a){return 9==a.nodeType?a:a.ownerDocument||a.document}function Ja(a,b){a&&(a=a.parentNode);for(var c=0;a;){if(b(a))return a;a=a.parentNode;c++}return null}function Ka(a){this.a=a||g.document||document};function P(a,b){b&&\"string\"!==typeof b&&(b=b.toString());return!!a&&1==a.nodeType&&(!b||a.tagName.toUpperCase()==b)};function Q(a,b,c,e){this.f=a;this.a=b;this.b=c;this.c=e}Q.prototype.ceil=function(){this.f=Math.ceil(this.f);this.a=Math.ceil(this.a);this.b=Math.ceil(this.b);this.c=Math.ceil(this.c);return this};Q.prototype.floor=function(){this.f=Math.floor(this.f);this.a=Math.floor(this.a);this.b=Math.floor(this.b);this.c=Math.floor(this.c);return this};Q.prototype.round=function(){this.f=Math.round(this.f);this.a=Math.round(this.a);this.b=Math.round(this.b);this.c=Math.round(this.c);return this};function R(a,b,c,e){this.a=a;this.b=b;this.width=c;this.height=e}R.prototype.ceil=function(){this.a=Math.ceil(this.a);this.b=Math.ceil(this.b);this.width=Math.ceil(this.width);this.height=Math.ceil(this.height);return this};R.prototype.floor=function(){this.a=Math.floor(this.a);this.b=Math.floor(this.b);this.width=Math.floor(this.width);this.height=Math.floor(this.height);return this};\nR.prototype.round=function(){this.a=Math.round(this.a);this.b=Math.round(this.b);this.width=Math.round(this.width);this.height=Math.round(this.height);return this};var La=\"function\"===typeof ShadowRoot;function S(a){for(a=a.parentNode;a&&1!=a.nodeType&&9!=a.nodeType&&11!=a.nodeType;)a=a.parentNode;return P(a)?a:null}\nfunction T(a,b){b=ta(b);if(\"float\"==b||\"cssFloat\"==b||\"styleFloat\"==b)b=Ia?\"styleFloat\":\"cssFloat\";a:{var c=b;var e=N(a);if(e.defaultView&&e.defaultView.getComputedStyle&&(e=e.defaultView.getComputedStyle(a,null))){c=e[c]||e.getPropertyValue(c)||\"\";break a}c=\"\"}a=c||Ma(a,b);if(null===a)a=null;else if(0\u003C=da(ia,b)){b:{var d=a.match(la);if(d&&(b=Number(d[1]),c=Number(d[2]),e=Number(d[3]),d=Number(d[4]),0\u003C=b&&255>=b&&0\u003C=c&&255>=c&&0\u003C=e&&255>=e&&0\u003C=d&&1>=d)){b=[b,c,e,d];break b}b=null}if(!b)b:{if(e=a.match(ma))if(b=\nNumber(e[1]),c=Number(e[2]),e=Number(e[3]),0\u003C=b&&255>=b&&0\u003C=c&&255>=c&&0\u003C=e&&255>=e){b=[b,c,e,1];break b}b=null}if(!b)b:{b=a.toLowerCase();c=ha[b.toLowerCase()];if(!c&&(c=\"#\"==b.charAt(0)?b:\"#\"+b,4==c.length&&(c=c.replace(ja,\"#$1$1$2$2$3$3\")),!ka.test(c))){b=null;break b}b=[parseInt(c.substr(1,2),16),parseInt(c.substr(3,2),16),parseInt(c.substr(5,2),16),1]}a=b?\"rgba(\"+b.join(\", \")+\")\":a}return a}\nfunction Ma(a,b){var c=a.currentStyle||a.style,e=c[b];void 0===e&&\"function\"==aa(c.getPropertyValue)&&(e=c.getPropertyValue(b));return\"inherit\"!=e?void 0!==e?e:null:(a=S(a))?Ma(a,b):null}\nfunction U(a,b,c){function e(h){var n=V(h);return 0\u003Cn.height&&0\u003Cn.width?!0:P(h,\"PATH\")&&(0\u003Cn.height||0\u003Cn.width)?(h=T(h,\"stroke-width\"),!!h&&0\u003CparseInt(h,10)):\"hidden\"!=T(h,\"overflow\")&&ea(h.childNodes,function(D){return 3==D.nodeType||P(D)&&e(D)})}function d(h){return Na(h)==W&&fa(h.childNodes,function(n){return!P(n)||d(n)||!e(n)})}if(!P(a))throw Error(\"Argument to isShown must be of type Element\");if(P(a,\"BODY\"))return!0;if(P(a,\"OPTION\")||P(a,\"OPTGROUP\"))return a=Ja(a,function(h){return P(h,\"SELECT\")}),\n!!a&&U(a,!0,c);var f=Oa(a);if(f)return!!f.image&&0\u003Cf.rect.width&&0\u003Cf.rect.height&&U(f.image,b,c);if(P(a,\"INPUT\")&&\"hidden\"==a.type.toLowerCase()||P(a,\"NOSCRIPT\"))return!1;f=T(a,\"visibility\");return\"collapse\"!=f&&\"hidden\"!=f&&c(a)&&(b||0!=Pa(a))&&e(a)?!d(a):!1}var W=\"hidden\";\nfunction Na(a){function b(k){function l(ba){if(ba==h)return!0;var pa=T(ba,\"display\");return 0==pa.lastIndexOf(\"inline\",0)||\"contents\"==pa||\"absolute\"==qa&&\"static\"==T(ba,\"position\")?!1:!0}var qa=T(k,\"position\");if(\"fixed\"==qa)return ra=!0,k==h?null:h;for(k=S(k);k&&!l(k);)k=S(k);return k}function c(k){var l=k;if(\"visible\"==D)if(k==h&&n)l=n;else if(k==n)return{x:\"visible\",y:\"visible\"};l={x:T(l,\"overflow-x\"),y:T(l,\"overflow-y\")};k==h&&(l.x=\"visible\"==l.x?\"auto\":l.x,l.y=\"visible\"==l.y?\"auto\":l.y);return l}\nfunction e(k){if(k==h){var l=(new Ka(f)).a;k=l.scrollingElement?l.scrollingElement:za||\"CSS1Compat\"!=l.compatMode?l.body||l.documentElement:l.documentElement;l=l.parentWindow||l.defaultView;k=C&&Ba(\"10\")&&l.pageYOffset!=k.scrollTop?new L(k.scrollLeft,k.scrollTop):new L(l.pageXOffset||k.scrollLeft,l.pageYOffset||k.scrollTop)}else k=new L(k.scrollLeft,k.scrollTop);return k}var d=Qa(a),f=N(a),h=f.documentElement,n=f.body,D=T(h,\"overflow\"),ra;for(a=b(a);a;a=b(a)){var q=c(a);if(\"visible\"!=q.x||\"visible\"!=\nq.y){var t=V(a);if(0==t.width||0==t.height)return W;var z=d.a\u003Ct.a,O=d.b\u003Ct.b;if(z&&\"hidden\"==q.x||O&&\"hidden\"==q.y)return W;if(z&&\"visible\"!=q.x||O&&\"visible\"!=q.y){z=e(a);O=d.b\u003Ct.b-z.y;if(d.a\u003Ct.a-z.x&&\"visible\"!=q.x||O&&\"visible\"!=q.x)return W;d=Na(a);return d==W?W:\"scroll\"}z=d.c>=t.a+t.width;t=d.f>=t.b+t.height;if(z&&\"hidden\"==q.x||t&&\"hidden\"==q.y)return W;if(z&&\"visible\"!=q.x||t&&\"visible\"!=q.y){if(ra&&(q=e(a),d.c>=h.scrollWidth-q.x||d.a>=h.scrollHeight-q.y))return W;d=Na(a);return d==W?W:\"scroll\"}}}return\"none\"}\nfunction V(a){var b=Oa(a);if(b)return b.rect;if(P(a,\"HTML\"))return a=N(a),a=((a?a.parentWindow||a.defaultView:window)||window).document,a=\"CSS1Compat\"==a.compatMode?a.documentElement:a.body,a=new M(a.clientWidth,a.clientHeight),new R(0,0,a.width,a.height);try{var c=a.getBoundingClientRect()}catch(e){return new R(0,0,0,0)}b=new R(c.left,c.top,c.right-c.left,c.bottom-c.top);C&&a.ownerDocument.body&&(a=N(a),b.a-=a.documentElement.clientLeft+a.body.clientLeft,b.b-=a.documentElement.clientTop+a.body.clientTop);\nreturn b}\nfunction Oa(a){var b=P(a,\"MAP\");if(!b&&!P(a,\"AREA\"))return null;var c=b?a:P(a.parentNode,\"MAP\")?a.parentNode:null,e=null,d=null;if(c&&c.name){e='*[usemap=\"#'+c.name+'\"]';c=N(c);var f;if(f=\"function\"!=aa(c.querySelector)&&C&&(C?0\u003C=na(I,8):Ba(8))){f=c.querySelector;var h=typeof f;f=!(\"object\"==h&&null!=f||\"function\"==h)}if(f)throw Error(\"CSS selection is not supported\");if(!e)throw new m(32,\"No selector specified\");e=u(e);try{var n=c.querySelector(e)}catch(D){throw new m(32,\"An invalid or illegal selector was specified\");}if(e=\nn&&1==n.nodeType?n:null)d=V(e),b||\"default\"==a.shape.toLowerCase()||(a=Ra(a),b=Math.min(Math.max(a.a,0),d.width),n=Math.min(Math.max(a.b,0),d.height),d=new R(b+d.a,n+d.b,Math.min(a.width,d.width-b),Math.min(a.height,d.height-n)))}return{image:e,rect:d||new R(0,0,0,0)}}\nfunction Ra(a){var b=a.shape.toLowerCase();a=a.coords.split(\",\");if(\"rect\"==b&&4==a.length){b=a[0];var c=a[1];return new R(b,c,a[2]-b,a[3]-c)}if(\"circle\"==b&&3==a.length)return b=a[2],new R(a[0]-b,a[1]-b,2*b,2*b);if(\"poly\"==b&&2\u003Ca.length){b=a[0];c=a[1];for(var e=b,d=c,f=2;f+1\u003Ca.length;f+=2)b=Math.min(b,a[f]),e=Math.max(e,a[f]),c=Math.min(c,a[f+1]),d=Math.max(d,a[f+1]);return new R(b,c,e-b,d-c)}return new R(0,0,0,0)}function Qa(a){a=V(a);return new Q(a.b,a.a+a.width,a.b+a.height,a.a)}\nfunction Pa(a){if(Ia){if(\"relative\"==T(a,\"position\"))return 1;a=T(a,\"filter\");return(a=a.match(/^alpha\\(opacity=(\\d*)\\)/)||a.match(/^progid:DXImageTransform.Microsoft.Alpha\\(Opacity=(\\d*)\\)/))?Number(a[1])/100:1}return Sa(a)}function Sa(a){var b=1,c=T(a,\"opacity\");c&&(b=Number(c));(a=S(a))&&(b*=Sa(a));return b};function Ta(a,b){function c(e){if(P(e)&&\"none\"==T(e,\"display\"))return!1;var d;if((d=e.parentNode)&&d.shadowRoot&&void 0!==e.assignedSlot)d=e.assignedSlot?e.assignedSlot.parentNode:null;else if(e.getDestinationInsertionPoints){var f=e.getDestinationInsertionPoints();0\u003Cf.length&&(d=f[f.length-1])}if(La&&d instanceof ShadowRoot){if(d.host.shadowRoot&&d.host.shadowRoot!==d)return!1;d=d.host}return!d||9!=d.nodeType&&11!=d.nodeType?d&&P(d,\"DETAILS\")&&!d.open&&!P(e,\"SUMMARY\")?!1:!!d&&c(d):!0}return U(a,\n!!b,c)}var X=[\"_\"],Y=g;X[0]in Y||\"undefined\"==typeof Y.execScript||Y.execScript(\"var \"+X[0]);for(var Z;X.length&&(Z=X.shift());)X.length||void 0===Ta?Y[Z]&&Y[Z]!==Object.prototype[Z]?Y=Y[Z]:Y=Y[Z]={}:Y[Z]=Ta;; return this._.apply(null,arguments);}).apply({navigator:typeof window!='undefined'?window.navigator:null,document:typeof window!='undefined'?window.document:null}, arguments);}\n).apply(null, arguments);"
}
[1744521063.520][INFO]: Waiting for pending navigations...
[1744521063.522][INFO]: Done waiting for pending navigations. Status: ok
[1744521063.538][INFO]: Waiting for pending navigations...
[1744521063.543][INFO]: Done waiting for pending navigations. Status: ok
[1744521063.543][INFO]: [96366644e4e44a0331331087ddd55f7c] RESPONSE ExecuteScript true
[1744521063.548][INFO]: [96366644e4e44a0331331087ddd55f7c] COMMAND IsElementEnabled {
   "id": "f.FA7F9F0460E8C13CECE7AFB28C7D66DB.d.0636DC1A2D5965C557E90C4C736DBB89.e.555"
}
[1744521063.548][INFO]: Waiting for pending navigations...
[1744521063.550][INFO]: Done waiting for pending navigations. Status: ok
[1744521063.569][INFO]: Waiting for pending navigations...
[1744521063.570][INFO]: Done waiting for pending navigations. Status: ok
[1744521063.570][INFO]: [96366644e4e44a0331331087ddd55f7c] RESPONSE IsElementEnabled true
[1744521063.580][INFO]: [96366644e4e44a0331331087ddd55f7c] COMMAND ClickElement {
   "id": "f.FA7F9F0460E8C13CECE7AFB28C7D66DB.d.0636DC1A2D5965C557E90C4C736DBB89.e.555"
}
[1744521063.580][INFO]: Waiting for pending navigations...
[1744521063.582][INFO]: Done waiting for pending navigations. Status: ok
[1744521063.784][INFO]: Waiting for pending navigations...
[1744521063.822][INFO]: Done waiting for pending navigations. Status: ok
[1744521063.822][INFO]: [96366644e4e44a0331331087ddd55f7c] RESPONSE ClickElement
[1744521063.832][INFO]: [96366644e4e44a0331331087ddd55f7c] COMMAND FindElement {
   "using": "xpath",
   "value": "//input[@class='Pke_EE']"
}
[1744521063.832][INFO]: Waiting for pending navigations...
[1744521063.849][INFO]: Done waiting for pending navigations. Status: ok
[1744521063.872][INFO]: Waiting for pending navigations...
[1744521063.882][INFO]: Done waiting for pending navigations. Status: ok
[1744521063.882][INFO]: [96366644e4e44a0331331087ddd55f7c] RESPONSE FindElement {
   "element-6066-11e4-a52e-4f735466cecf": "f.FA7F9F0460E8C13CECE7AFB28C7D66DB.d.0636DC1A2D5965C557E90C4C736DBB89.e.524"
}
[1744521063.898][INFO]: [96366644e4e44a0331331087ddd55f7c] COMMAND ExecuteScript {
   "args": [ {
      "element-6066-11e4-a52e-4f735466cecf": "f.FA7F9F0460E8C13CECE7AFB28C7D66DB.d.0636DC1A2D5965C557E90C4C736DBB89.e.524"
   } ],
   "script": "/* isDisplayed */return (function(){return (function(){var g=this||self;\nfunction aa(a){var b=typeof a;if(\"object\"==b)if(a){if(a instanceof Array)return\"array\";if(a instanceof Object)return b;var c=Object.prototype.toString.call(a);if(\"[object Window]\"==c)return\"object\";if(\"[object Array]\"==c||\"number\"==typeof a.length&&\"undefined\"!=typeof a.splice&&\"undefined\"!=typeof a.propertyIsEnumerable&&!a.propertyIsEnumerable(\"splice\"))return\"array\";if(\"[object Function]\"==c||\"undefined\"!=typeof a.call&&\"undefined\"!=typeof a.propertyIsEnumerable&&!a.propertyIsEnumerable(\"call\"))return\"function\"}else return\"null\";else if(\"function\"==\nb&&\"undefined\"==typeof a.call)return\"object\";return b}function ca(a,b){function c(){}c.prototype=b.prototype;a.prototype=new c;a.prototype.constructor=a};var da=Array.prototype.indexOf?function(a,b){return Array.prototype.indexOf.call(a,b,void 0)}:function(a,b){if(\"string\"===typeof a)return\"string\"!==typeof b||1!=b.length?-1:a.indexOf(b,0);for(var c=0;c\u003Ca.length;c++)if(c in a&&a[c]===b)return c;return-1},ea=Array.prototype.some?function(a,b){return Array.prototype.some.call(a,b,void 0)}:function(a,b){for(var c=a.length,e=\"string\"===typeof a?a.split(\"\"):a,d=0;d\u003Cc;d++)if(d in e&&b.call(void 0,e[d],d,a))return!0;return!1},fa=Array.prototype.every?function(a,\nb){return Array.prototype.every.call(a,b,void 0)}:function(a,b){for(var c=a.length,e=\"string\"===typeof a?a.split(\"\"):a,d=0;d\u003Cc;d++)if(d in e&&!b.call(void 0,e[d],d,a))return!1;return!0};var ha={aliceblue:\"#f0f8ff\",antiquewhite:\"#faebd7\",aqua:\"#00ffff\",aquamarine:\"#7fffd4\",azure:\"#f0ffff\",beige:\"#f5f5dc\",bisque:\"#ffe4c4\",black:\"#000000\",blanchedalmond:\"#ffebcd\",blue:\"#0000ff\",blueviolet:\"#8a2be2\",brown:\"#a52a2a\",burlywood:\"#deb887\",cadetblue:\"#5f9ea0\",chartreuse:\"#7fff00\",chocolate:\"#d2691e\",coral:\"#ff7f50\",cornflowerblue:\"#6495ed\",cornsilk:\"#fff8dc\",crimson:\"#dc143c\",cyan:\"#00ffff\",darkblue:\"#00008b\",darkcyan:\"#008b8b\",darkgoldenrod:\"#b8860b\",darkgray:\"#a9a9a9\",darkgreen:\"#006400\",\ndarkgrey:\"#a9a9a9\",darkkhaki:\"#bdb76b\",darkmagenta:\"#8b008b\",darkolivegreen:\"#556b2f\",darkorange:\"#ff8c00\",darkorchid:\"#9932cc\",darkred:\"#8b0000\",darksalmon:\"#e9967a\",darkseagreen:\"#8fbc8f\",darkslateblue:\"#483d8b\",darkslategray:\"#2f4f4f\",darkslategrey:\"#2f4f4f\",darkturquoise:\"#00ced1\",darkviolet:\"#9400d3\",deeppink:\"#ff1493\",deepskyblue:\"#00bfff\",dimgray:\"#696969\",dimgrey:\"#696969\",dodgerblue:\"#1e90ff\",firebrick:\"#b22222\",floralwhite:\"#fffaf0\",forestgreen:\"#228b22\",fuchsia:\"#ff00ff\",gainsboro:\"#dcdcdc\",\nghostwhite:\"#f8f8ff\",gold:\"#ffd700\",goldenrod:\"#daa520\",gray:\"#808080\",green:\"#008000\",greenyellow:\"#adff2f\",grey:\"#808080\",honeydew:\"#f0fff0\",hotpink:\"#ff69b4\",indianred:\"#cd5c5c\",indigo:\"#4b0082\",ivory:\"#fffff0\",khaki:\"#f0e68c\",lavender:\"#e6e6fa\",lavenderblush:\"#fff0f5\",lawngreen:\"#7cfc00\",lemonchiffon:\"#fffacd\",lightblue:\"#add8e6\",lightcoral:\"#f08080\",lightcyan:\"#e0ffff\",lightgoldenrodyellow:\"#fafad2\",lightgray:\"#d3d3d3\",lightgreen:\"#90ee90\",lightgrey:\"#d3d3d3\",lightpink:\"#ffb6c1\",lightsalmon:\"#ffa07a\",\nlightseagreen:\"#20b2aa\",lightskyblue:\"#87cefa\",lightslategray:\"#778899\",lightslategrey:\"#778899\",lightsteelblue:\"#b0c4de\",lightyellow:\"#ffffe0\",lime:\"#00ff00\",limegreen:\"#32cd32\",linen:\"#faf0e6\",magenta:\"#ff00ff\",maroon:\"#800000\",mediumaquamarine:\"#66cdaa\",mediumblue:\"#0000cd\",mediumorchid:\"#ba55d3\",mediumpurple:\"#9370db\",mediumseagreen:\"#3cb371\",mediumslateblue:\"#7b68ee\",mediumspringgreen:\"#00fa9a\",mediumturquoise:\"#48d1cc\",mediumvioletred:\"#c71585\",midnightblue:\"#191970\",mintcream:\"#f5fffa\",mistyrose:\"#ffe4e1\",\nmoccasin:\"#ffe4b5\",navajowhite:\"#ffdead\",navy:\"#000080\",oldlace:\"#fdf5e6\",olive:\"#808000\",olivedrab:\"#6b8e23\",orange:\"#ffa500\",orangered:\"#ff4500\",orchid:\"#da70d6\",palegoldenrod:\"#eee8aa\",palegreen:\"#98fb98\",paleturquoise:\"#afeeee\",palevioletred:\"#db7093\",papayawhip:\"#ffefd5\",peachpuff:\"#ffdab9\",peru:\"#cd853f\",pink:\"#ffc0cb\",plum:\"#dda0dd\",powderblue:\"#b0e0e6\",purple:\"#800080\",red:\"#ff0000\",rosybrown:\"#bc8f8f\",royalblue:\"#4169e1\",saddlebrown:\"#8b4513\",salmon:\"#fa8072\",sandybrown:\"#f4a460\",seagreen:\"#2e8b57\",\nseashell:\"#fff5ee\",sienna:\"#a0522d\",silver:\"#c0c0c0\",skyblue:\"#87ceeb\",slateblue:\"#6a5acd\",slategray:\"#708090\",slategrey:\"#708090\",snow:\"#fffafa\",springgreen:\"#00ff7f\",steelblue:\"#4682b4\",tan:\"#d2b48c\",teal:\"#008080\",thistle:\"#d8bfd8\",tomato:\"#ff6347\",turquoise:\"#40e0d0\",violet:\"#ee82ee\",wheat:\"#f5deb3\",white:\"#ffffff\",whitesmoke:\"#f5f5f5\",yellow:\"#ffff00\",yellowgreen:\"#9acd32\"};var ia=\"backgroundColor borderTopColor borderRightColor borderBottomColor borderLeftColor color outlineColor\".split(\" \"),ja=/#([0-9a-fA-F])([0-9a-fA-F])([0-9a-fA-F])/,ka=/^#(?:[0-9a-f]{3}){1,2}$/i,la=/^(?:rgba)?\\((\\d{1,3}),\\s?(\\d{1,3}),\\s?(\\d{1,3}),\\s?(0|1|0\\.\\d*)\\)$/i,ma=/^(?:rgb)?\\((0|[1-9]\\d{0,2}),\\s?(0|[1-9]\\d{0,2}),\\s?(0|[1-9]\\d{0,2})\\)$/i;function m(a,b){this.code=a;this.a=p[a]||r;this.message=b||\"\";a=this.a.replace(/((?:^|\\s+)[a-z])/g,function(c){return c.toUpperCase().replace(/^[\\s\\xa0]+/g,\"\")});b=a.length-5;if(0>b||a.indexOf(\"Error\",b)!=b)a+=\"Error\";this.name=a;a=Error(this.message);a.name=this.name;this.stack=a.stack||\"\"}ca(m,Error);var r=\"unknown error\",p={15:\"element not selectable\",11:\"element not visible\"};p[31]=r;p[30]=r;p[24]=\"invalid cookie domain\";p[29]=\"invalid element coordinates\";p[12]=\"invalid element state\";\np[32]=\"invalid selector\";p[51]=\"invalid selector\";p[52]=\"invalid selector\";p[17]=\"javascript error\";p[405]=\"unsupported operation\";p[34]=\"move target out of bounds\";p[27]=\"no such alert\";p[7]=\"no such element\";p[8]=\"no such frame\";p[23]=\"no such window\";p[28]=\"script timeout\";p[33]=\"session not created\";p[10]=\"stale element reference\";p[21]=\"timeout\";p[25]=\"unable to set cookie\";p[26]=\"unexpected alert open\";p[13]=r;p[9]=\"unknown command\";var u=String.prototype.trim?function(a){return a.trim()}:function(a){return/^[\\s\\xa0]*([\\s\\S]*?)[\\s\\xa0]*$/.exec(a)[1]};\nfunction na(a,b){var c=0;a=u(String(a)).split(\".\");b=u(String(b)).split(\".\");for(var e=Math.max(a.length,b.length),d=0;0==c&&d\u003Ce;d++){var f=a[d]||\"\",h=b[d]||\"\";do{f=/(\\d*)(\\D*)(.*)/.exec(f)||[\"\",\"\",\"\",\"\"];h=/(\\d*)(\\D*)(.*)/.exec(h)||[\"\",\"\",\"\",\"\"];if(0==f[0].length&&0==h[0].length)break;c=v(0==f[1].length?0:parseInt(f[1],10),0==h[1].length?0:parseInt(h[1],10))||v(0==f[2].length,0==h[2].length)||v(f[2],h[2]);f=f[3];h=h[3]}while(0==c)}return c}function v(a,b){return a\u003Cb?-1:a>b?1:0};var w;a:{var oa=g.navigator;if(oa){var sa=oa.userAgent;if(sa){w=sa;break a}}w=\"\"}function x(a){return-1!=w.indexOf(a)};function y(){return x(\"Firefox\")||x(\"FxiOS\")}function A(){return(x(\"Chrome\")||x(\"CriOS\"))&&!x(\"Edge\")};function ta(a){return String(a).replace(/\\-([a-z])/g,function(b,c){return c.toUpperCase()})};function B(){return x(\"iPhone\")&&!x(\"iPod\")&&!x(\"iPad\")};function ua(a,b){var c=va;return Object.prototype.hasOwnProperty.call(c,a)?c[a]:c[a]=b(a)};var wa=x(\"Opera\"),C=x(\"Trident\")||x(\"MSIE\"),xa=x(\"Edge\"),ya=x(\"Gecko\")&&!(-1!=w.toLowerCase().indexOf(\"webkit\")&&!x(\"Edge\"))&&!(x(\"Trident\")||x(\"MSIE\"))&&!x(\"Edge\"),za=-1!=w.toLowerCase().indexOf(\"webkit\")&&!x(\"Edge\");function Aa(){var a=g.document;return a?a.documentMode:void 0}var E;\na:{var F=\"\",G=function(){var a=w;if(ya)return/rv:([^\\);]+)(\\)|;)/.exec(a);if(xa)return/Edge\\/([\\d\\.]+)/.exec(a);if(C)return/\\b(?:MSIE|rv)[: ]([^\\);]+)(\\)|;)/.exec(a);if(za)return/WebKit\\/(\\S+)/.exec(a);if(wa)return/(?:Version)[ \\/]?(\\S+)/.exec(a)}();G&&(F=G?G[1]:\"\");if(C){var H=Aa();if(null!=H&&H>parseFloat(F)){E=String(H);break a}}E=F}var va={};function Ba(a){return ua(a,function(){return 0\u003C=na(E,a)})}var I;I=g.document&&C?Aa():void 0;var Ca=y(),Da=B()||x(\"iPod\"),Ea=x(\"iPad\"),Fa=x(\"Android\")&&!(A()||y()||x(\"Opera\")||x(\"Silk\")),Ga=A(),Ha=x(\"Safari\")&&!(A()||x(\"Coast\")||x(\"Opera\")||x(\"Edge\")||x(\"Edg/\")||x(\"OPR\")||y()||x(\"Silk\")||x(\"Android\"))&&!(B()||x(\"iPad\")||x(\"iPod\"));function J(a){return(a=a.exec(w))?a[1]:\"\"}(function(){if(Ca)return J(/Firefox\\/([0-9.]+)/);if(C||xa||wa)return E;if(Ga)return B()||x(\"iPad\")||x(\"iPod\")?J(/CriOS\\/([0-9.]+)/):J(/Chrome\\/([0-9.]+)/);if(Ha&&!(B()||x(\"iPad\")||x(\"iPod\")))return J(/Version\\/([0-9.]+)/);if(Da||Ea){var a=/Version\\/(\\S+).*Mobile\\/(\\S+)/.exec(w);if(a)return a[1]+\".\"+a[2]}else if(Fa)return(a=J(/Android\\s+([0-9.]+)/))?a:J(/Version\\/([0-9.]+)/);return\"\"})();var K;if(K=C)K=!(9\u003C=Number(I));var Ia=K;function L(a,b){this.x=void 0!==a?a:0;this.y=void 0!==b?b:0}L.prototype.ceil=function(){this.x=Math.ceil(this.x);this.y=Math.ceil(this.y);return this};L.prototype.floor=function(){this.x=Math.floor(this.x);this.y=Math.floor(this.y);return this};L.prototype.round=function(){this.x=Math.round(this.x);this.y=Math.round(this.y);return this};function M(a,b){this.width=a;this.height=b}M.prototype.aspectRatio=function(){return this.width/this.height};M.prototype.ceil=function(){this.width=Math.ceil(this.width);this.height=Math.ceil(this.height);return this};M.prototype.floor=function(){this.width=Math.floor(this.width);this.height=Math.floor(this.height);return this};M.prototype.round=function(){this.width=Math.round(this.width);this.height=Math.round(this.height);return this};function N(a){return 9==a.nodeType?a:a.ownerDocument||a.document}function Ja(a,b){a&&(a=a.parentNode);for(var c=0;a;){if(b(a))return a;a=a.parentNode;c++}return null}function Ka(a){this.a=a||g.document||document};function P(a,b){b&&\"string\"!==typeof b&&(b=b.toString());return!!a&&1==a.nodeType&&(!b||a.tagName.toUpperCase()==b)};function Q(a,b,c,e){this.f=a;this.a=b;this.b=c;this.c=e}Q.prototype.ceil=function(){this.f=Math.ceil(this.f);this.a=Math.ceil(this.a);this.b=Math.ceil(this.b);this.c=Math.ceil(this.c);return this};Q.prototype.floor=function(){this.f=Math.floor(this.f);this.a=Math.floor(this.a);this.b=Math.floor(this.b);this.c=Math.floor(this.c);return this};Q.prototype.round=function(){this.f=Math.round(this.f);this.a=Math.round(this.a);this.b=Math.round(this.b);this.c=Math.round(this.c);return this};function R(a,b,c,e){this.a=a;this.b=b;this.width=c;this.height=e}R.prototype.ceil=function(){this.a=Math.ceil(this.a);this.b=Math.ceil(this.b);this.width=Math.ceil(this.width);this.height=Math.ceil(this.height);return this};R.prototype.floor=function(){this.a=Math.floor(this.a);this.b=Math.floor(this.b);this.width=Math.floor(this.width);this.height=Math.floor(this.height);return this};\nR.prototype.round=function(){this.a=Math.round(this.a);this.b=Math.round(this.b);this.width=Math.round(this.width);this.height=Math.round(this.height);return this};var La=\"function\"===typeof ShadowRoot;function S(a){for(a=a.parentNode;a&&1!=a.nodeType&&9!=a.nodeType&&11!=a.nodeType;)a=a.parentNode;return P(a)?a:null}\nfunction T(a,b){b=ta(b);if(\"float\"==b||\"cssFloat\"==b||\"styleFloat\"==b)b=Ia?\"styleFloat\":\"cssFloat\";a:{var c=b;var e=N(a);if(e.defaultView&&e.defaultView.getComputedStyle&&(e=e.defaultView.getComputedStyle(a,null))){c=e[c]||e.getPropertyValue(c)||\"\";break a}c=\"\"}a=c||Ma(a,b);if(null===a)a=null;else if(0\u003C=da(ia,b)){b:{var d=a.match(la);if(d&&(b=Number(d[1]),c=Number(d[2]),e=Number(d[3]),d=Number(d[4]),0\u003C=b&&255>=b&&0\u003C=c&&255>=c&&0\u003C=e&&255>=e&&0\u003C=d&&1>=d)){b=[b,c,e,d];break b}b=null}if(!b)b:{if(e=a.match(ma))if(b=\nNumber(e[1]),c=Number(e[2]),e=Number(e[3]),0\u003C=b&&255>=b&&0\u003C=c&&255>=c&&0\u003C=e&&255>=e){b=[b,c,e,1];break b}b=null}if(!b)b:{b=a.toLowerCase();c=ha[b.toLowerCase()];if(!c&&(c=\"#\"==b.charAt(0)?b:\"#\"+b,4==c.length&&(c=c.replace(ja,\"#$1$1$2$2$3$3\")),!ka.test(c))){b=null;break b}b=[parseInt(c.substr(1,2),16),parseInt(c.substr(3,2),16),parseInt(c.substr(5,2),16),1]}a=b?\"rgba(\"+b.join(\", \")+\")\":a}return a}\nfunction Ma(a,b){var c=a.currentStyle||a.style,e=c[b];void 0===e&&\"function\"==aa(c.getPropertyValue)&&(e=c.getPropertyValue(b));return\"inherit\"!=e?void 0!==e?e:null:(a=S(a))?Ma(a,b):null}\nfunction U(a,b,c){function e(h){var n=V(h);return 0\u003Cn.height&&0\u003Cn.width?!0:P(h,\"PATH\")&&(0\u003Cn.height||0\u003Cn.width)?(h=T(h,\"stroke-width\"),!!h&&0\u003CparseInt(h,10)):\"hidden\"!=T(h,\"overflow\")&&ea(h.childNodes,function(D){return 3==D.nodeType||P(D)&&e(D)})}function d(h){return Na(h)==W&&fa(h.childNodes,function(n){return!P(n)||d(n)||!e(n)})}if(!P(a))throw Error(\"Argument to isShown must be of type Element\");if(P(a,\"BODY\"))return!0;if(P(a,\"OPTION\")||P(a,\"OPTGROUP\"))return a=Ja(a,function(h){return P(h,\"SELECT\")}),\n!!a&&U(a,!0,c);var f=Oa(a);if(f)return!!f.image&&0\u003Cf.rect.width&&0\u003Cf.rect.height&&U(f.image,b,c);if(P(a,\"INPUT\")&&\"hidden\"==a.type.toLowerCase()||P(a,\"NOSCRIPT\"))return!1;f=T(a,\"visibility\");return\"collapse\"!=f&&\"hidden\"!=f&&c(a)&&(b||0!=Pa(a))&&e(a)?!d(a):!1}var W=\"hidden\";\nfunction Na(a){function b(k){function l(ba){if(ba==h)return!0;var pa=T(ba,\"display\");return 0==pa.lastIndexOf(\"inline\",0)||\"contents\"==pa||\"absolute\"==qa&&\"static\"==T(ba,\"position\")?!1:!0}var qa=T(k,\"position\");if(\"fixed\"==qa)return ra=!0,k==h?null:h;for(k=S(k);k&&!l(k);)k=S(k);return k}function c(k){var l=k;if(\"visible\"==D)if(k==h&&n)l=n;else if(k==n)return{x:\"visible\",y:\"visible\"};l={x:T(l,\"overflow-x\"),y:T(l,\"overflow-y\")};k==h&&(l.x=\"visible\"==l.x?\"auto\":l.x,l.y=\"visible\"==l.y?\"auto\":l.y);return l}\nfunction e(k){if(k==h){var l=(new Ka(f)).a;k=l.scrollingElement?l.scrollingElement:za||\"CSS1Compat\"!=l.compatMode?l.body||l.documentElement:l.documentElement;l=l.parentWindow||l.defaultView;k=C&&Ba(\"10\")&&l.pageYOffset!=k.scrollTop?new L(k.scrollLeft,k.scrollTop):new L(l.pageXOffset||k.scrollLeft,l.pageYOffset||k.scrollTop)}else k=new L(k.scrollLeft,k.scrollTop);return k}var d=Qa(a),f=N(a),h=f.documentElement,n=f.body,D=T(h,\"overflow\"),ra;for(a=b(a);a;a=b(a)){var q=c(a);if(\"visible\"!=q.x||\"visible\"!=\nq.y){var t=V(a);if(0==t.width||0==t.height)return W;var z=d.a\u003Ct.a,O=d.b\u003Ct.b;if(z&&\"hidden\"==q.x||O&&\"hidden\"==q.y)return W;if(z&&\"visible\"!=q.x||O&&\"visible\"!=q.y){z=e(a);O=d.b\u003Ct.b-z.y;if(d.a\u003Ct.a-z.x&&\"visible\"!=q.x||O&&\"visible\"!=q.x)return W;d=Na(a);return d==W?W:\"scroll\"}z=d.c>=t.a+t.width;t=d.f>=t.b+t.height;if(z&&\"hidden\"==q.x||t&&\"hidden\"==q.y)return W;if(z&&\"visible\"!=q.x||t&&\"visible\"!=q.y){if(ra&&(q=e(a),d.c>=h.scrollWidth-q.x||d.a>=h.scrollHeight-q.y))return W;d=Na(a);return d==W?W:\"scroll\"}}}return\"none\"}\nfunction V(a){var b=Oa(a);if(b)return b.rect;if(P(a,\"HTML\"))return a=N(a),a=((a?a.parentWindow||a.defaultView:window)||window).document,a=\"CSS1Compat\"==a.compatMode?a.documentElement:a.body,a=new M(a.clientWidth,a.clientHeight),new R(0,0,a.width,a.height);try{var c=a.getBoundingClientRect()}catch(e){return new R(0,0,0,0)}b=new R(c.left,c.top,c.right-c.left,c.bottom-c.top);C&&a.ownerDocument.body&&(a=N(a),b.a-=a.documentElement.clientLeft+a.body.clientLeft,b.b-=a.documentElement.clientTop+a.body.clientTop);\nreturn b}\nfunction Oa(a){var b=P(a,\"MAP\");if(!b&&!P(a,\"AREA\"))return null;var c=b?a:P(a.parentNode,\"MAP\")?a.parentNode:null,e=null,d=null;if(c&&c.name){e='*[usemap=\"#'+c.name+'\"]';c=N(c);var f;if(f=\"function\"!=aa(c.querySelector)&&C&&(C?0\u003C=na(I,8):Ba(8))){f=c.querySelector;var h=typeof f;f=!(\"object\"==h&&null!=f||\"function\"==h)}if(f)throw Error(\"CSS selection is not supported\");if(!e)throw new m(32,\"No selector specified\");e=u(e);try{var n=c.querySelector(e)}catch(D){throw new m(32,\"An invalid or illegal selector was specified\");}if(e=\nn&&1==n.nodeType?n:null)d=V(e),b||\"default\"==a.shape.toLowerCase()||(a=Ra(a),b=Math.min(Math.max(a.a,0),d.width),n=Math.min(Math.max(a.b,0),d.height),d=new R(b+d.a,n+d.b,Math.min(a.width,d.width-b),Math.min(a.height,d.height-n)))}return{image:e,rect:d||new R(0,0,0,0)}}\nfunction Ra(a){var b=a.shape.toLowerCase();a=a.coords.split(\",\");if(\"rect\"==b&&4==a.length){b=a[0];var c=a[1];return new R(b,c,a[2]-b,a[3]-c)}if(\"circle\"==b&&3==a.length)return b=a[2],new R(a[0]-b,a[1]-b,2*b,2*b);if(\"poly\"==b&&2\u003Ca.length){b=a[0];c=a[1];for(var e=b,d=c,f=2;f+1\u003Ca.length;f+=2)b=Math.min(b,a[f]),e=Math.max(e,a[f]),c=Math.min(c,a[f+1]),d=Math.max(d,a[f+1]);return new R(b,c,e-b,d-c)}return new R(0,0,0,0)}function Qa(a){a=V(a);return new Q(a.b,a.a+a.width,a.b+a.height,a.a)}\nfunction Pa(a){if(Ia){if(\"relative\"==T(a,\"position\"))return 1;a=T(a,\"filter\");return(a=a.match(/^alpha\\(opacity=(\\d*)\\)/)||a.match(/^progid:DXImageTransform.Microsoft.Alpha\\(Opacity=(\\d*)\\)/))?Number(a[1])/100:1}return Sa(a)}function Sa(a){var b=1,c=T(a,\"opacity\");c&&(b=Number(c));(a=S(a))&&(b*=Sa(a));return b};function Ta(a,b){function c(e){if(P(e)&&\"none\"==T(e,\"display\"))return!1;var d;if((d=e.parentNode)&&d.shadowRoot&&void 0!==e.assignedSlot)d=e.assignedSlot?e.assignedSlot.parentNode:null;else if(e.getDestinationInsertionPoints){var f=e.getDestinationInsertionPoints();0\u003Cf.length&&(d=f[f.length-1])}if(La&&d instanceof ShadowRoot){if(d.host.shadowRoot&&d.host.shadowRoot!==d)return!1;d=d.host}return!d||9!=d.nodeType&&11!=d.nodeType?d&&P(d,\"DETAILS\")&&!d.open&&!P(e,\"SUMMARY\")?!1:!!d&&c(d):!0}return U(a,\n!!b,c)}var X=[\"_\"],Y=g;X[0]in Y||\"undefined\"==typeof Y.execScript||Y.execScript(\"var \"+X[0]);for(var Z;X.length&&(Z=X.shift());)X.length||void 0===Ta?Y[Z]&&Y[Z]!==Object.prototype[Z]?Y=Y[Z]:Y=Y[Z]={}:Y[Z]=Ta;; return this._.apply(null,arguments);}).apply({navigator:typeof window!='undefined'?window.navigator:null,document:typeof window!='undefined'?window.document:null}, arguments);}\n).apply(null, arguments);"
}
[1744521063.899][INFO]: Waiting for pending navigations...
[1744521063.903][INFO]: Done waiting for pending navigations. Status: ok
[1744521063.927][INFO]: Waiting for pending navigations...
[1744521063.943][INFO]: Done waiting for pending navigations. Status: ok
[1744521063.943][INFO]: [96366644e4e44a0331331087ddd55f7c] RESPONSE ExecuteScript true
[1744521063.950][INFO]: [96366644e4e44a0331331087ddd55f7c] COMMAND IsElementEnabled {
   "id": "f.FA7F9F0460E8C13CECE7AFB28C7D66DB.d.0636DC1A2D5965C557E90C4C736DBB89.e.524"
}
[1744521063.950][INFO]: Waiting for pending navigations...
[1744521063.953][INFO]: Done waiting for pending navigations. Status: ok
[1744521063.985][INFO]: Waiting for pending navigations...
[1744521063.987][INFO]: Done waiting for pending navigations. Status: ok
[1744521063.987][INFO]: [96366644e4e44a0331331087ddd55f7c] RESPONSE IsElementEnabled true
[1744521064.000][INFO]: [96366644e4e44a0331331087ddd55f7c] COMMAND ExecuteScript {
   "args": [ {
      "element-6066-11e4-a52e-4f735466cecf": "f.FA7F9F0460E8C13CECE7AFB28C7D66DB.d.0636DC1A2D5965C557E90C4C736DBB89.e.524"
   } ],
   "script": "/* isDisplayed */return (function(){return (function(){var g=this||self;\nfunction aa(a){var b=typeof a;if(\"object\"==b)if(a){if(a instanceof Array)return\"array\";if(a instanceof Object)return b;var c=Object.prototype.toString.call(a);if(\"[object Window]\"==c)return\"object\";if(\"[object Array]\"==c||\"number\"==typeof a.length&&\"undefined\"!=typeof a.splice&&\"undefined\"!=typeof a.propertyIsEnumerable&&!a.propertyIsEnumerable(\"splice\"))return\"array\";if(\"[object Function]\"==c||\"undefined\"!=typeof a.call&&\"undefined\"!=typeof a.propertyIsEnumerable&&!a.propertyIsEnumerable(\"call\"))return\"function\"}else return\"null\";else if(\"function\"==\nb&&\"undefined\"==typeof a.call)return\"object\";return b}function ca(a,b){function c(){}c.prototype=b.prototype;a.prototype=new c;a.prototype.constructor=a};var da=Array.prototype.indexOf?function(a,b){return Array.prototype.indexOf.call(a,b,void 0)}:function(a,b){if(\"string\"===typeof a)return\"string\"!==typeof b||1!=b.length?-1:a.indexOf(b,0);for(var c=0;c\u003Ca.length;c++)if(c in a&&a[c]===b)return c;return-1},ea=Array.prototype.some?function(a,b){return Array.prototype.some.call(a,b,void 0)}:function(a,b){for(var c=a.length,e=\"string\"===typeof a?a.split(\"\"):a,d=0;d\u003Cc;d++)if(d in e&&b.call(void 0,e[d],d,a))return!0;return!1},fa=Array.prototype.every?function(a,\nb){return Array.prototype.every.call(a,b,void 0)}:function(a,b){for(var c=a.length,e=\"string\"===typeof a?a.split(\"\"):a,d=0;d\u003Cc;d++)if(d in e&&!b.call(void 0,e[d],d,a))return!1;return!0};var ha={aliceblue:\"#f0f8ff\",antiquewhite:\"#faebd7\",aqua:\"#00ffff\",aquamarine:\"#7fffd4\",azure:\"#f0ffff\",beige:\"#f5f5dc\",bisque:\"#ffe4c4\",black:\"#000000\",blanchedalmond:\"#ffebcd\",blue:\"#0000ff\",blueviolet:\"#8a2be2\",brown:\"#a52a2a\",burlywood:\"#deb887\",cadetblue:\"#5f9ea0\",chartreuse:\"#7fff00\",chocolate:\"#d2691e\",coral:\"#ff7f50\",cornflowerblue:\"#6495ed\",cornsilk:\"#fff8dc\",crimson:\"#dc143c\",cyan:\"#00ffff\",darkblue:\"#00008b\",darkcyan:\"#008b8b\",darkgoldenrod:\"#b8860b\",darkgray:\"#a9a9a9\",darkgreen:\"#006400\",\ndarkgrey:\"#a9a9a9\",darkkhaki:\"#bdb76b\",darkmagenta:\"#8b008b\",darkolivegreen:\"#556b2f\",darkorange:\"#ff8c00\",darkorchid:\"#9932cc\",darkred:\"#8b0000\",darksalmon:\"#e9967a\",darkseagreen:\"#8fbc8f\",darkslateblue:\"#483d8b\",darkslategray:\"#2f4f4f\",darkslategrey:\"#2f4f4f\",darkturquoise:\"#00ced1\",darkviolet:\"#9400d3\",deeppink:\"#ff1493\",deepskyblue:\"#00bfff\",dimgray:\"#696969\",dimgrey:\"#696969\",dodgerblue:\"#1e90ff\",firebrick:\"#b22222\",floralwhite:\"#fffaf0\",forestgreen:\"#228b22\",fuchsia:\"#ff00ff\",gainsboro:\"#dcdcdc\",\nghostwhite:\"#f8f8ff\",gold:\"#ffd700\",goldenrod:\"#daa520\",gray:\"#808080\",green:\"#008000\",greenyellow:\"#adff2f\",grey:\"#808080\",honeydew:\"#f0fff0\",hotpink:\"#ff69b4\",indianred:\"#cd5c5c\",indigo:\"#4b0082\",ivory:\"#fffff0\",khaki:\"#f0e68c\",lavender:\"#e6e6fa\",lavenderblush:\"#fff0f5\",lawngreen:\"#7cfc00\",lemonchiffon:\"#fffacd\",lightblue:\"#add8e6\",lightcoral:\"#f08080\",lightcyan:\"#e0ffff\",lightgoldenrodyellow:\"#fafad2\",lightgray:\"#d3d3d3\",lightgreen:\"#90ee90\",lightgrey:\"#d3d3d3\",lightpink:\"#ffb6c1\",lightsalmon:\"#ffa07a\",\nlightseagreen:\"#20b2aa\",lightskyblue:\"#87cefa\",lightslategray:\"#778899\",lightslategrey:\"#778899\",lightsteelblue:\"#b0c4de\",lightyellow:\"#ffffe0\",lime:\"#00ff00\",limegreen:\"#32cd32\",linen:\"#faf0e6\",magenta:\"#ff00ff\",maroon:\"#800000\",mediumaquamarine:\"#66cdaa\",mediumblue:\"#0000cd\",mediumorchid:\"#ba55d3\",mediumpurple:\"#9370db\",mediumseagreen:\"#3cb371\",mediumslateblue:\"#7b68ee\",mediumspringgreen:\"#00fa9a\",mediumturquoise:\"#48d1cc\",mediumvioletred:\"#c71585\",midnightblue:\"#191970\",mintcream:\"#f5fffa\",mistyrose:\"#ffe4e1\",\nmoccasin:\"#ffe4b5\",navajowhite:\"#ffdead\",navy:\"#000080\",oldlace:\"#fdf5e6\",olive:\"#808000\",olivedrab:\"#6b8e23\",orange:\"#ffa500\",orangered:\"#ff4500\",orchid:\"#da70d6\",palegoldenrod:\"#eee8aa\",palegreen:\"#98fb98\",paleturquoise:\"#afeeee\",palevioletred:\"#db7093\",papayawhip:\"#ffefd5\",peachpuff:\"#ffdab9\",peru:\"#cd853f\",pink:\"#ffc0cb\",plum:\"#dda0dd\",powderblue:\"#b0e0e6\",purple:\"#800080\",red:\"#ff0000\",rosybrown:\"#bc8f8f\",royalblue:\"#4169e1\",saddlebrown:\"#8b4513\",salmon:\"#fa8072\",sandybrown:\"#f4a460\",seagreen:\"#2e8b57\",\nseashell:\"#fff5ee\",sienna:\"#a0522d\",silver:\"#c0c0c0\",skyblue:\"#87ceeb\",slateblue:\"#6a5acd\",slategray:\"#708090\",slategrey:\"#708090\",snow:\"#fffafa\",springgreen:\"#00ff7f\",steelblue:\"#4682b4\",tan:\"#d2b48c\",teal:\"#008080\",thistle:\"#d8bfd8\",tomato:\"#ff6347\",turquoise:\"#40e0d0\",violet:\"#ee82ee\",wheat:\"#f5deb3\",white:\"#ffffff\",whitesmoke:\"#f5f5f5\",yellow:\"#ffff00\",yellowgreen:\"#9acd32\"};var ia=\"backgroundColor borderTopColor borderRightColor borderBottomColor borderLeftColor color outlineColor\".split(\" \"),ja=/#([0-9a-fA-F])([0-9a-fA-F])([0-9a-fA-F])/,ka=/^#(?:[0-9a-f]{3}){1,2}$/i,la=/^(?:rgba)?\\((\\d{1,3}),\\s?(\\d{1,3}),\\s?(\\d{1,3}),\\s?(0|1|0\\.\\d*)\\)$/i,ma=/^(?:rgb)?\\((0|[1-9]\\d{0,2}),\\s?(0|[1-9]\\d{0,2}),\\s?(0|[1-9]\\d{0,2})\\)$/i;function m(a,b){this.code=a;this.a=p[a]||r;this.message=b||\"\";a=this.a.replace(/((?:^|\\s+)[a-z])/g,function(c){return c.toUpperCase().replace(/^[\\s\\xa0]+/g,\"\")});b=a.length-5;if(0>b||a.indexOf(\"Error\",b)!=b)a+=\"Error\";this.name=a;a=Error(this.message);a.name=this.name;this.stack=a.stack||\"\"}ca(m,Error);var r=\"unknown error\",p={15:\"element not selectable\",11:\"element not visible\"};p[31]=r;p[30]=r;p[24]=\"invalid cookie domain\";p[29]=\"invalid element coordinates\";p[12]=\"invalid element state\";\np[32]=\"invalid selector\";p[51]=\"invalid selector\";p[52]=\"invalid selector\";p[17]=\"javascript error\";p[405]=\"unsupported operation\";p[34]=\"move target out of bounds\";p[27]=\"no such alert\";p[7]=\"no such element\";p[8]=\"no such frame\";p[23]=\"no such window\";p[28]=\"script timeout\";p[33]=\"session not created\";p[10]=\"stale element reference\";p[21]=\"timeout\";p[25]=\"unable to set cookie\";p[26]=\"unexpected alert open\";p[13]=r;p[9]=\"unknown command\";var u=String.prototype.trim?function(a){return a.trim()}:function(a){return/^[\\s\\xa0]*([\\s\\S]*?)[\\s\\xa0]*$/.exec(a)[1]};\nfunction na(a,b){var c=0;a=u(String(a)).split(\".\");b=u(String(b)).split(\".\");for(var e=Math.max(a.length,b.length),d=0;0==c&&d\u003Ce;d++){var f=a[d]||\"\",h=b[d]||\"\";do{f=/(\\d*)(\\D*)(.*)/.exec(f)||[\"\",\"\",\"\",\"\"];h=/(\\d*)(\\D*)(.*)/.exec(h)||[\"\",\"\",\"\",\"\"];if(0==f[0].length&&0==h[0].length)break;c=v(0==f[1].length?0:parseInt(f[1],10),0==h[1].length?0:parseInt(h[1],10))||v(0==f[2].length,0==h[2].length)||v(f[2],h[2]);f=f[3];h=h[3]}while(0==c)}return c}function v(a,b){return a\u003Cb?-1:a>b?1:0};var w;a:{var oa=g.navigator;if(oa){var sa=oa.userAgent;if(sa){w=sa;break a}}w=\"\"}function x(a){return-1!=w.indexOf(a)};function y(){return x(\"Firefox\")||x(\"FxiOS\")}function A(){return(x(\"Chrome\")||x(\"CriOS\"))&&!x(\"Edge\")};function ta(a){return String(a).replace(/\\-([a-z])/g,function(b,c){return c.toUpperCase()})};function B(){return x(\"iPhone\")&&!x(\"iPod\")&&!x(\"iPad\")};function ua(a,b){var c=va;return Object.prototype.hasOwnProperty.call(c,a)?c[a]:c[a]=b(a)};var wa=x(\"Opera\"),C=x(\"Trident\")||x(\"MSIE\"),xa=x(\"Edge\"),ya=x(\"Gecko\")&&!(-1!=w.toLowerCase().indexOf(\"webkit\")&&!x(\"Edge\"))&&!(x(\"Trident\")||x(\"MSIE\"))&&!x(\"Edge\"),za=-1!=w.toLowerCase().indexOf(\"webkit\")&&!x(\"Edge\");function Aa(){var a=g.document;return a?a.documentMode:void 0}var E;\na:{var F=\"\",G=function(){var a=w;if(ya)return/rv:([^\\);]+)(\\)|;)/.exec(a);if(xa)return/Edge\\/([\\d\\.]+)/.exec(a);if(C)return/\\b(?:MSIE|rv)[: ]([^\\);]+)(\\)|;)/.exec(a);if(za)return/WebKit\\/(\\S+)/.exec(a);if(wa)return/(?:Version)[ \\/]?(\\S+)/.exec(a)}();G&&(F=G?G[1]:\"\");if(C){var H=Aa();if(null!=H&&H>parseFloat(F)){E=String(H);break a}}E=F}var va={};function Ba(a){return ua(a,function(){return 0\u003C=na(E,a)})}var I;I=g.document&&C?Aa():void 0;var Ca=y(),Da=B()||x(\"iPod\"),Ea=x(\"iPad\"),Fa=x(\"Android\")&&!(A()||y()||x(\"Opera\")||x(\"Silk\")),Ga=A(),Ha=x(\"Safari\")&&!(A()||x(\"Coast\")||x(\"Opera\")||x(\"Edge\")||x(\"Edg/\")||x(\"OPR\")||y()||x(\"Silk\")||x(\"Android\"))&&!(B()||x(\"iPad\")||x(\"iPod\"));function J(a){return(a=a.exec(w))?a[1]:\"\"}(function(){if(Ca)return J(/Firefox\\/([0-9.]+)/);if(C||xa||wa)return E;if(Ga)return B()||x(\"iPad\")||x(\"iPod\")?J(/CriOS\\/([0-9.]+)/):J(/Chrome\\/([0-9.]+)/);if(Ha&&!(B()||x(\"iPad\")||x(\"iPod\")))return J(/Version\\/([0-9.]+)/);if(Da||Ea){var a=/Version\\/(\\S+).*Mobile\\/(\\S+)/.exec(w);if(a)return a[1]+\".\"+a[2]}else if(Fa)return(a=J(/Android\\s+([0-9.]+)/))?a:J(/Version\\/([0-9.]+)/);return\"\"})();var K;if(K=C)K=!(9\u003C=Number(I));var Ia=K;function L(a,b){this.x=void 0!==a?a:0;this.y=void 0!==b?b:0}L.prototype.ceil=function(){this.x=Math.ceil(this.x);this.y=Math.ceil(this.y);return this};L.prototype.floor=function(){this.x=Math.floor(this.x);this.y=Math.floor(this.y);return this};L.prototype.round=function(){this.x=Math.round(this.x);this.y=Math.round(this.y);return this};function M(a,b){this.width=a;this.height=b}M.prototype.aspectRatio=function(){return this.width/this.height};M.prototype.ceil=function(){this.width=Math.ceil(this.width);this.height=Math.ceil(this.height);return this};M.prototype.floor=function(){this.width=Math.floor(this.width);this.height=Math.floor(this.height);return this};M.prototype.round=function(){this.width=Math.round(this.width);this.height=Math.round(this.height);return this};function N(a){return 9==a.nodeType?a:a.ownerDocument||a.document}function Ja(a,b){a&&(a=a.parentNode);for(var c=0;a;){if(b(a))return a;a=a.parentNode;c++}return null}function Ka(a){this.a=a||g.document||document};function P(a,b){b&&\"string\"!==typeof b&&(b=b.toString());return!!a&&1==a.nodeType&&(!b||a.tagName.toUpperCase()==b)};function Q(a,b,c,e){this.f=a;this.a=b;this.b=c;this.c=e}Q.prototype.ceil=function(){this.f=Math.ceil(this.f);this.a=Math.ceil(this.a);this.b=Math.ceil(this.b);this.c=Math.ceil(this.c);return this};Q.prototype.floor=function(){this.f=Math.floor(this.f);this.a=Math.floor(this.a);this.b=Math.floor(this.b);this.c=Math.floor(this.c);return this};Q.prototype.round=function(){this.f=Math.round(this.f);this.a=Math.round(this.a);this.b=Math.round(this.b);this.c=Math.round(this.c);return this};function R(a,b,c,e){this.a=a;this.b=b;this.width=c;this.height=e}R.prototype.ceil=function(){this.a=Math.ceil(this.a);this.b=Math.ceil(this.b);this.width=Math.ceil(this.width);this.height=Math.ceil(this.height);return this};R.prototype.floor=function(){this.a=Math.floor(this.a);this.b=Math.floor(this.b);this.width=Math.floor(this.width);this.height=Math.floor(this.height);return this};\nR.prototype.round=function(){this.a=Math.round(this.a);this.b=Math.round(this.b);this.width=Math.round(this.width);this.height=Math.round(this.height);return this};var La=\"function\"===typeof ShadowRoot;function S(a){for(a=a.parentNode;a&&1!=a.nodeType&&9!=a.nodeType&&11!=a.nodeType;)a=a.parentNode;return P(a)?a:null}\nfunction T(a,b){b=ta(b);if(\"float\"==b||\"cssFloat\"==b||\"styleFloat\"==b)b=Ia?\"styleFloat\":\"cssFloat\";a:{var c=b;var e=N(a);if(e.defaultView&&e.defaultView.getComputedStyle&&(e=e.defaultView.getComputedStyle(a,null))){c=e[c]||e.getPropertyValue(c)||\"\";break a}c=\"\"}a=c||Ma(a,b);if(null===a)a=null;else if(0\u003C=da(ia,b)){b:{var d=a.match(la);if(d&&(b=Number(d[1]),c=Number(d[2]),e=Number(d[3]),d=Number(d[4]),0\u003C=b&&255>=b&&0\u003C=c&&255>=c&&0\u003C=e&&255>=e&&0\u003C=d&&1>=d)){b=[b,c,e,d];break b}b=null}if(!b)b:{if(e=a.match(ma))if(b=\nNumber(e[1]),c=Number(e[2]),e=Number(e[3]),0\u003C=b&&255>=b&&0\u003C=c&&255>=c&&0\u003C=e&&255>=e){b=[b,c,e,1];break b}b=null}if(!b)b:{b=a.toLowerCase();c=ha[b.toLowerCase()];if(!c&&(c=\"#\"==b.charAt(0)?b:\"#\"+b,4==c.length&&(c=c.replace(ja,\"#$1$1$2$2$3$3\")),!ka.test(c))){b=null;break b}b=[parseInt(c.substr(1,2),16),parseInt(c.substr(3,2),16),parseInt(c.substr(5,2),16),1]}a=b?\"rgba(\"+b.join(\", \")+\")\":a}return a}\nfunction Ma(a,b){var c=a.currentStyle||a.style,e=c[b];void 0===e&&\"function\"==aa(c.getPropertyValue)&&(e=c.getPropertyValue(b));return\"inherit\"!=e?void 0!==e?e:null:(a=S(a))?Ma(a,b):null}\nfunction U(a,b,c){function e(h){var n=V(h);return 0\u003Cn.height&&0\u003Cn.width?!0:P(h,\"PATH\")&&(0\u003Cn.height||0\u003Cn.width)?(h=T(h,\"stroke-width\"),!!h&&0\u003CparseInt(h,10)):\"hidden\"!=T(h,\"overflow\")&&ea(h.childNodes,function(D){return 3==D.nodeType||P(D)&&e(D)})}function d(h){return Na(h)==W&&fa(h.childNodes,function(n){return!P(n)||d(n)||!e(n)})}if(!P(a))throw Error(\"Argument to isShown must be of type Element\");if(P(a,\"BODY\"))return!0;if(P(a,\"OPTION\")||P(a,\"OPTGROUP\"))return a=Ja(a,function(h){return P(h,\"SELECT\")}),\n!!a&&U(a,!0,c);var f=Oa(a);if(f)return!!f.image&&0\u003Cf.rect.width&&0\u003Cf.rect.height&&U(f.image,b,c);if(P(a,\"INPUT\")&&\"hidden\"==a.type.toLowerCase()||P(a,\"NOSCRIPT\"))return!1;f=T(a,\"visibility\");return\"collapse\"!=f&&\"hidden\"!=f&&c(a)&&(b||0!=Pa(a))&&e(a)?!d(a):!1}var W=\"hidden\";\nfunction Na(a){function b(k){function l(ba){if(ba==h)return!0;var pa=T(ba,\"display\");return 0==pa.lastIndexOf(\"inline\",0)||\"contents\"==pa||\"absolute\"==qa&&\"static\"==T(ba,\"position\")?!1:!0}var qa=T(k,\"position\");if(\"fixed\"==qa)return ra=!0,k==h?null:h;for(k=S(k);k&&!l(k);)k=S(k);return k}function c(k){var l=k;if(\"visible\"==D)if(k==h&&n)l=n;else if(k==n)return{x:\"visible\",y:\"visible\"};l={x:T(l,\"overflow-x\"),y:T(l,\"overflow-y\")};k==h&&(l.x=\"visible\"==l.x?\"auto\":l.x,l.y=\"visible\"==l.y?\"auto\":l.y);return l}\nfunction e(k){if(k==h){var l=(new Ka(f)).a;k=l.scrollingElement?l.scrollingElement:za||\"CSS1Compat\"!=l.compatMode?l.body||l.documentElement:l.documentElement;l=l.parentWindow||l.defaultView;k=C&&Ba(\"10\")&&l.pageYOffset!=k.scrollTop?new L(k.scrollLeft,k.scrollTop):new L(l.pageXOffset||k.scrollLeft,l.pageYOffset||k.scrollTop)}else k=new L(k.scrollLeft,k.scrollTop);return k}var d=Qa(a),f=N(a),h=f.documentElement,n=f.body,D=T(h,\"overflow\"),ra;for(a=b(a);a;a=b(a)){var q=c(a);if(\"visible\"!=q.x||\"visible\"!=\nq.y){var t=V(a);if(0==t.width||0==t.height)return W;var z=d.a\u003Ct.a,O=d.b\u003Ct.b;if(z&&\"hidden\"==q.x||O&&\"hidden\"==q.y)return W;if(z&&\"visible\"!=q.x||O&&\"visible\"!=q.y){z=e(a);O=d.b\u003Ct.b-z.y;if(d.a\u003Ct.a-z.x&&\"visible\"!=q.x||O&&\"visible\"!=q.x)return W;d=Na(a);return d==W?W:\"scroll\"}z=d.c>=t.a+t.width;t=d.f>=t.b+t.height;if(z&&\"hidden\"==q.x||t&&\"hidden\"==q.y)return W;if(z&&\"visible\"!=q.x||t&&\"visible\"!=q.y){if(ra&&(q=e(a),d.c>=h.scrollWidth-q.x||d.a>=h.scrollHeight-q.y))return W;d=Na(a);return d==W?W:\"scroll\"}}}return\"none\"}\nfunction V(a){var b=Oa(a);if(b)return b.rect;if(P(a,\"HTML\"))return a=N(a),a=((a?a.parentWindow||a.defaultView:window)||window).document,a=\"CSS1Compat\"==a.compatMode?a.documentElement:a.body,a=new M(a.clientWidth,a.clientHeight),new R(0,0,a.width,a.height);try{var c=a.getBoundingClientRect()}catch(e){return new R(0,0,0,0)}b=new R(c.left,c.top,c.right-c.left,c.bottom-c.top);C&&a.ownerDocument.body&&(a=N(a),b.a-=a.documentElement.clientLeft+a.body.clientLeft,b.b-=a.documentElement.clientTop+a.body.clientTop);\nreturn b}\nfunction Oa(a){var b=P(a,\"MAP\");if(!b&&!P(a,\"AREA\"))return null;var c=b?a:P(a.parentNode,\"MAP\")?a.parentNode:null,e=null,d=null;if(c&&c.name){e='*[usemap=\"#'+c.name+'\"]';c=N(c);var f;if(f=\"function\"!=aa(c.querySelector)&&C&&(C?0\u003C=na(I,8):Ba(8))){f=c.querySelector;var h=typeof f;f=!(\"object\"==h&&null!=f||\"function\"==h)}if(f)throw Error(\"CSS selection is not supported\");if(!e)throw new m(32,\"No selector specified\");e=u(e);try{var n=c.querySelector(e)}catch(D){throw new m(32,\"An invalid or illegal selector was specified\");}if(e=\nn&&1==n.nodeType?n:null)d=V(e),b||\"default\"==a.shape.toLowerCase()||(a=Ra(a),b=Math.min(Math.max(a.a,0),d.width),n=Math.min(Math.max(a.b,0),d.height),d=new R(b+d.a,n+d.b,Math.min(a.width,d.width-b),Math.min(a.height,d.height-n)))}return{image:e,rect:d||new R(0,0,0,0)}}\nfunction Ra(a){var b=a.shape.toLowerCase();a=a.coords.split(\",\");if(\"rect\"==b&&4==a.length){b=a[0];var c=a[1];return new R(b,c,a[2]-b,a[3]-c)}if(\"circle\"==b&&3==a.length)return b=a[2],new R(a[0]-b,a[1]-b,2*b,2*b);if(\"poly\"==b&&2\u003Ca.length){b=a[0];c=a[1];for(var e=b,d=c,f=2;f+1\u003Ca.length;f+=2)b=Math.min(b,a[f]),e=Math.max(e,a[f]),c=Math.min(c,a[f+1]),d=Math.max(d,a[f+1]);return new R(b,c,e-b,d-c)}return new R(0,0,0,0)}function Qa(a){a=V(a);return new Q(a.b,a.a+a.width,a.b+a.height,a.a)}\nfunction Pa(a){if(Ia){if(\"relative\"==T(a,\"position\"))return 1;a=T(a,\"filter\");return(a=a.match(/^alpha\\(opacity=(\\d*)\\)/)||a.match(/^progid:DXImageTransform.Microsoft.Alpha\\(Opacity=(\\d*)\\)/))?Number(a[1])/100:1}return Sa(a)}function Sa(a){var b=1,c=T(a,\"opacity\");c&&(b=Number(c));(a=S(a))&&(b*=Sa(a));return b};function Ta(a,b){function c(e){if(P(e)&&\"none\"==T(e,\"display\"))return!1;var d;if((d=e.parentNode)&&d.shadowRoot&&void 0!==e.assignedSlot)d=e.assignedSlot?e.assignedSlot.parentNode:null;else if(e.getDestinationInsertionPoints){var f=e.getDestinationInsertionPoints();0\u003Cf.length&&(d=f[f.length-1])}if(La&&d instanceof ShadowRoot){if(d.host.shadowRoot&&d.host.shadowRoot!==d)return!1;d=d.host}return!d||9!=d.nodeType&&11!=d.nodeType?d&&P(d,\"DETAILS\")&&!d.open&&!P(e,\"SUMMARY\")?!1:!!d&&c(d):!0}return U(a,\n!!b,c)}var X=[\"_\"],Y=g;X[0]in Y||\"undefined\"==typeof Y.execScript||Y.execScript(\"var \"+X[0]);for(var Z;X.length&&(Z=X.shift());)X.length||void 0===Ta?Y[Z]&&Y[Z]!==Object.prototype[Z]?Y=Y[Z]:Y=Y[Z]={}:Y[Z]=Ta;; return this._.apply(null,arguments);}).apply({navigator:typeof window!='undefined'?window.navigator:null,document:typeof window!='undefined'?window.document:null}, arguments);}\n).apply(null, arguments);"
}
[1744521064.000][INFO]: Waiting for pending navigations...
[1744521064.002][INFO]: Done waiting for pending navigations. Status: ok
[1744521064.034][INFO]: Waiting for pending navigations...
[1744521064.036][INFO]: Done waiting for pending navigations. Status: ok
[1744521064.036][INFO]: [96366644e4e44a0331331087ddd55f7c] RESPONSE ExecuteScript true
[1744521064.046][INFO]: [96366644e4e44a0331331087ddd55f7c] COMMAND ClearElement {
   "id": "f.FA7F9F0460E8C13CECE7AFB28C7D66DB.d.0636DC1A2D5965C557E90C4C736DBB89.e.524"
}
[1744521064.046][INFO]: Waiting for pending navigations...
[1744521064.049][INFO]: Done waiting for pending navigations. Status: ok
[1744521064.169][INFO]: Waiting for pending navigations...
[1744521064.171][INFO]: Done waiting for pending navigations. Status: ok
[1744521064.171][INFO]: [96366644e4e44a0331331087ddd55f7c] RESPONSE ClearElement
[1744521064.181][INFO]: [96366644e4e44a0331331087ddd55f7c] COMMAND TypeElement {
   "id": "f.FA7F9F0460E8C13CECE7AFB28C7D66DB.d.0636DC1A2D5965C557E90C4C736DBB89.e.524",
   "text": "iPhone",
   "value": [ "i", "P", "h", "o", "n", "e" ]
}
[1744521064.181][INFO]: Waiting for pending navigations...
[1744521064.187][INFO]: Done waiting for pending navigations. Status: ok
[1744521064.420][INFO]: Waiting for pending navigations...
[1744521064.430][INFO]: Done waiting for pending navigations. Status: ok
[1744521064.430][INFO]: [96366644e4e44a0331331087ddd55f7c] RESPONSE TypeElement
[1744521064.434][INFO]: [96366644e4e44a0331331087ddd55f7c] COMMAND FindElement {
   "using": "xpath",
   "value": "//button[@type='submit']"
}
[1744521064.434][INFO]: Waiting for pending navigations...
[1744521064.435][INFO]: Done waiting for pending navigations. Status: ok
[1744521064.451][INFO]: Waiting for pending navigations...
[1744521064.452][INFO]: Done waiting for pending navigations. Status: ok
[1744521064.452][INFO]: [96366644e4e44a0331331087ddd55f7c] RESPONSE FindElement {
   "element-6066-11e4-a52e-4f735466cecf": "f.FA7F9F0460E8C13CECE7AFB28C7D66DB.d.0636DC1A2D5965C557E90C4C736DBB89.e.559"
}
[1744521064.461][INFO]: [96366644e4e44a0331331087ddd55f7c] COMMAND ClickElement {
   "id": "f.FA7F9F0460E8C13CECE7AFB28C7D66DB.d.0636DC1A2D5965C557E90C4C736DBB89.e.559"
}
[1744521064.461][INFO]: Waiting for pending navigations...
[1744521064.464][INFO]: Done waiting for pending navigations. Status: ok
[1744521064.595][INFO]: Waiting for pending navigations...
[1744521066.718][INFO]: Done waiting for pending navigations. Status: ok
[1744521066.718][INFO]: [96366644e4e44a0331331087ddd55f7c] RESPONSE ClickElement
[1744521068.730][INFO]: [96366644e4e44a0331331087ddd55f7c] COMMAND ExecuteScript {
   "args": [  ],
   "script": "window.scrollBy(0,1000)"
}
[1744521068.730][INFO]: Waiting for pending navigations...
[1744521068.735][INFO]: Done waiting for pending navigations. Status: ok
[1744521068.754][INFO]: Waiting for pending navigations...
[1744521068.787][INFO]: Done waiting for pending navigations. Status: ok
[1744521068.787][INFO]: [96366644e4e44a0331331087ddd55f7c] RESPONSE ExecuteScript null
[1744521068.795][INFO]: [96366644e4e44a0331331087ddd55f7c] COMMAND FindElements {
   "using": "xpath",
   "value": "//div[@class='yKfJKb row']"
}
[1744521068.795][INFO]: Waiting for pending navigations...
[1744521068.802][INFO]: Done waiting for pending navigations. Status: ok
[1744521068.849][INFO]: Waiting for pending navigations...
[1744521068.856][INFO]: Done waiting for pending navigations. Status: ok
[1744521068.856][INFO]: [96366644e4e44a0331331087ddd55f7c] RESPONSE FindElements [ {
   "element-6066-11e4-a52e-4f735466cecf": "f.FA7F9F0460E8C13CECE7AFB28C7D66DB.d.F32320157E5B0CEF4ABFC456438912E6.e.784"
}, {
   "element-6066-11e4-a52e-4f735466cecf": "f.FA7F9F0460E8C13CECE7AFB28C7D66DB.d.F32320157E5B0CEF4ABFC456438912E6.e.785"
}, {
   "element-6066-11e4-a52e-4f735466cecf": "f.FA7F9F0460E8C13CECE7AFB28C7D66DB.d.F32320157E5B0CEF4ABFC456438912E6.e.786"
}, {
   "element-6066-11e4-a52e-4f735466cecf": "f.FA7F9F0460E8C13CECE7AFB28C7D66DB.d.F32320157E5B0CEF4ABFC456438912E6.e.787"
}, {
   "element-6066-11e4-a52e-4f735466cecf": "f.FA7F9F0460E8C13CECE7AFB28C7D66DB.d.F32320157E5B0CEF4ABFC456438912E6.e.788"
}, {
   "element-6066-11e4-a52e-4f735466cecf": "f.FA7F9F0460E8C13CECE7AFB28C7D66DB.d.F32320157E5B0CEF4ABFC456438912E6.e.789"
}, {
   "element-6066-11e4-a52e-4f735466cecf": "f.FA7F9F0460E8C13CECE7AFB28C7D66DB.d.F32320157E5B0CEF4ABFC456438912E6.e.790"
}, {
   "element-6066-11e4-a52e-4f735466cecf": "f.FA7F9F0460E8C13CECE7AFB28C7D66DB.d.F32320157E5B0CEF4ABFC456438912E6.e.791"
}, {
   "element-6066-11e4-a52e-4f735466cecf": "f.FA7F9F0460E8C13CECE7AFB28C7D66DB.d.F32320157E5B0CEF4ABFC456438912E6.e.792"
}, {
   "element-6066-11e4-a52e-4f735466cecf": "f.FA7F9F0460E8C13CECE7AFB28C7D66DB.d.F32320157E5B0CEF4ABFC456438912E6.e.793"
}, {
   "element-6066-11e4-a52e-4f735466cecf": "f.FA7F9F0460E8C13CECE7AFB28C7D66DB.d.F32320157E5B0CEF4ABFC456438912E6.e.794"
}, {
   "element-6066-11e4-a52e-4f735466cecf": "f.FA7F9F0460E8C13CECE7AFB28C7D66DB.d.F32320157E5B0CEF4ABFC456438912E6.e.795"
}, {
   "element-6066-11e4-a52e-4f735466cecf": "f.FA7F9F0460E8C13CECE7AFB28C7D66DB.d.F32320157E5B0CEF4ABFC456438912E6.e.796"
}, {
   "element-6066-11e4-a52e-4f735466cecf": "f.FA7F9F0460E8C13CECE7AFB28C7D66DB.d.F32320157E5B0CEF4ABFC456438912E6.e.797"
}, {
   "element-6066-11e4-a52e-4f735466cecf": "f.FA7F9F0460E8C13CECE7AFB28C7D66DB.d.F32320157E5B0CEF4ABFC456438912E6.e.798"
}, {
   "element-6066-11e4-a52e-4f735466cecf": "f.FA7F9F0460E8C13CECE7AFB28C7D66DB.d.F32320157E5B0CEF4ABFC456438912E6.e.799"
}, {
   "element-6066-11e4-a52e-4f735466cecf": "f.FA7F9F0460E8C13CECE7AFB28C7D66DB.d.F32320157E5B0CEF4ABFC456438912E6.e.800"
}, {
   "element-6066-11e4-a52e-4f735466cecf": "f.FA7F9F0460E8C13CECE7AFB28C7D66DB.d.F32320157E5B0CEF4ABFC456438912E6.e.801"
}, {
   "element-6066-11e4-a52e-4f735466cecf": "f.FA7F9F0460E8C13CECE7AFB28C7D66DB.d.F32320157E5B0CEF4ABFC456438912E6.e.802"
}, "..." ]
[1744521068.869][INFO]: [96366644e4e44a0331331087ddd55f7c] COMMAND FindChildElements {
   "id": "f.FA7F9F0460E8C13CECE7AFB28C7D66DB.d.F32320157E5B0CEF4ABFC456438912E6.e.784",
   "using": "xpath",
   "value": ".//div[contains(@class,'KzDlHZ') or contains(@class,'IRpwTa') or contains(@class,'s1Q9rs')]"
}
[1744521068.869][INFO]: Waiting for pending navigations...
[1744521068.872][INFO]: Done waiting for pending navigations. Status: ok
[1744521068.922][INFO]: Waiting for pending navigations...
[1744521068.929][INFO]: Done waiting for pending navigations. Status: ok
[1744521068.929][INFO]: [96366644e4e44a0331331087ddd55f7c] RESPONSE FindChildElements [ {
   "element-6066-11e4-a52e-4f735466cecf": "f.FA7F9F0460E8C13CECE7AFB28C7D66DB.d.F32320157E5B0CEF4ABFC456438912E6.e.808"
} ]
[1744521068.935][INFO]: [96366644e4e44a0331331087ddd55f7c] COMMAND GetElementText {
   "id": "f.FA7F9F0460E8C13CECE7AFB28C7D66DB.d.F32320157E5B0CEF4ABFC456438912E6.e.808"
}
[1744521068.935][INFO]: Waiting for pending navigations...
[1744521068.938][INFO]: Done waiting for pending navigations. Status: ok
[1744521068.957][INFO]: Waiting for pending navigations...
[1744521068.959][INFO]: Done waiting for pending navigations. Status: ok
[1744521068.959][INFO]: [96366644e4e44a0331331087ddd55f7c] RESPONSE GetElementText "Apple iPhone 13 (Blue, 128 GB)"
[1744521068.966][INFO]: [96366644e4e44a0331331087ddd55f7c] COMMAND FindChildElements {
   "id": "f.FA7F9F0460E8C13CECE7AFB28C7D66DB.d.F32320157E5B0CEF4ABFC456438912E6.e.784",
   "using": "xpath",
   "value": ".//*[contains(text(),'% off')]"
}
[1744521068.966][INFO]: Waiting for pending navigations...
[1744521068.968][INFO]: Done waiting for pending navigations. Status: ok
[1744521069.001][INFO]: Waiting for pending navigations...
[1744521069.006][INFO]: Done waiting for pending navigations. Status: ok
[1744521069.006][INFO]: [96366644e4e44a0331331087ddd55f7c] RESPONSE FindChildElements [ {
   "element-6066-11e4-a52e-4f735466cecf": "f.FA7F9F0460E8C13CECE7AFB28C7D66DB.d.F32320157E5B0CEF4ABFC456438912E6.e.809"
} ]
[1744521069.012][INFO]: [96366644e4e44a0331331087ddd55f7c] COMMAND GetElementText {
   "id": "f.FA7F9F0460E8C13CECE7AFB28C7D66DB.d.F32320157E5B0CEF4ABFC456438912E6.e.809"
}
[1744521069.012][INFO]: Waiting for pending navigations...
[1744521069.019][INFO]: Done waiting for pending navigations. Status: ok
[1744521069.040][INFO]: Waiting for pending navigations...
[1744521069.042][INFO]: Done waiting for pending navigations. Status: ok
[1744521069.042][INFO]: [96366644e4e44a0331331087ddd55f7c] RESPONSE GetElementText "9% off"
[1744521069.049][INFO]: [96366644e4e44a0331331087ddd55f7c] COMMAND FindChildElements {
   "id": "f.FA7F9F0460E8C13CECE7AFB28C7D66DB.d.F32320157E5B0CEF4ABFC456438912E6.e.785",
   "using": "xpath",
   "value": ".//div[contains(@class,'KzDlHZ') or contains(@class,'IRpwTa') or contains(@class,'s1Q9rs')]"
}
[1744521069.049][INFO]: Waiting for pending navigations...
[1744521069.052][INFO]: Done waiting for pending navigations. Status: ok
[1744521069.074][INFO]: Waiting for pending navigations...
[1744521069.076][INFO]: Done waiting for pending navigations. Status: ok
[1744521069.076][INFO]: [96366644e4e44a0331331087ddd55f7c] RESPONSE FindChildElements [ {
   "element-6066-11e4-a52e-4f735466cecf": "f.FA7F9F0460E8C13CECE7AFB28C7D66DB.d.F32320157E5B0CEF4ABFC456438912E6.e.810"
} ]
[1744521069.084][INFO]: [96366644e4e44a0331331087ddd55f7c] COMMAND GetElementText {
   "id": "f.FA7F9F0460E8C13CECE7AFB28C7D66DB.d.F32320157E5B0CEF4ABFC456438912E6.e.810"
}
[1744521069.084][INFO]: Waiting for pending navigations...
[1744521069.086][INFO]: Done waiting for pending navigations. Status: ok
[1744521069.105][INFO]: Waiting for pending navigations...
[1744521069.107][INFO]: Done waiting for pending navigations. Status: ok
[1744521069.107][INFO]: [96366644e4e44a0331331087ddd55f7c] RESPONSE GetElementText "Apple iPhone 16 (Black, 128 GB)"
[1744521069.115][INFO]: [96366644e4e44a0331331087ddd55f7c] COMMAND FindChildElements {
   "id": "f.FA7F9F0460E8C13CECE7AFB28C7D66DB.d.F32320157E5B0CEF4ABFC456438912E6.e.785",
   "using": "xpath",
   "value": ".//*[contains(text(),'% off')]"
}
[1744521069.115][INFO]: Waiting for pending navigations...
[1744521069.117][INFO]: Done waiting for pending navigations. Status: ok
[1744521069.139][INFO]: Waiting for pending navigations...
[1744521069.141][INFO]: Done waiting for pending navigations. Status: ok
[1744521069.141][INFO]: [96366644e4e44a0331331087ddd55f7c] RESPONSE FindChildElements [ {
   "element-6066-11e4-a52e-4f735466cecf": "f.FA7F9F0460E8C13CECE7AFB28C7D66DB.d.F32320157E5B0CEF4ABFC456438912E6.e.811"
} ]
[1744521069.148][INFO]: [96366644e4e44a0331331087ddd55f7c] COMMAND GetElementText {
   "id": "f.FA7F9F0460E8C13CECE7AFB28C7D66DB.d.F32320157E5B0CEF4ABFC456438912E6.e.811"
}
[1744521069.148][INFO]: Waiting for pending navigations...
[1744521069.154][INFO]: Done waiting for pending navigations. Status: ok
[1744521069.172][INFO]: Waiting for pending navigations...
[1744521069.174][INFO]: Done waiting for pending navigations. Status: ok
[1744521069.174][INFO]: [96366644e4e44a0331331087ddd55f7c] RESPONSE GetElementText "6% off"
[1744521069.183][INFO]: [96366644e4e44a0331331087ddd55f7c] COMMAND FindChildElements {
   "id": "f.FA7F9F0460E8C13CECE7AFB28C7D66DB.d.F32320157E5B0CEF4ABFC456438912E6.e.786",
   "using": "xpath",
   "value": ".//div[contains(@class,'KzDlHZ') or contains(@class,'IRpwTa') or contains(@class,'s1Q9rs')]"
}
[1744521069.183][INFO]: Waiting for pending navigations...
[1744521069.185][INFO]: Done waiting for pending navigations. Status: ok
[1744521069.207][INFO]: Waiting for pending navigations...
[1744521069.208][INFO]: Done waiting for pending navigations. Status: ok
[1744521069.208][INFO]: [96366644e4e44a0331331087ddd55f7c] RESPONSE FindChildElements [ {
   "element-6066-11e4-a52e-4f735466cecf": "f.FA7F9F0460E8C13CECE7AFB28C7D66DB.d.F32320157E5B0CEF4ABFC456438912E6.e.812"
} ]
[1744521069.214][INFO]: [96366644e4e44a0331331087ddd55f7c] COMMAND GetElementText {
   "id": "f.FA7F9F0460E8C13CECE7AFB28C7D66DB.d.F32320157E5B0CEF4ABFC456438912E6.e.812"
}
[1744521069.214][INFO]: Waiting for pending navigations...
[1744521069.218][INFO]: Done waiting for pending navigations. Status: ok
[1744521069.239][INFO]: Waiting for pending navigations...
[1744521069.240][INFO]: Done waiting for pending navigations. Status: ok
[1744521069.240][INFO]: [96366644e4e44a0331331087ddd55f7c] RESPONSE GetElementText "Apple iPhone 13 (Midnight, 128 GB)"
[1744521069.247][INFO]: [96366644e4e44a0331331087ddd55f7c] COMMAND FindChildElements {
   "id": "f.FA7F9F0460E8C13CECE7AFB28C7D66DB.d.F32320157E5B0CEF4ABFC456438912E6.e.786",
   "using": "xpath",
   "value": ".//*[contains(text(),'% off')]"
}
[1744521069.247][INFO]: Waiting for pending navigations...
[1744521069.251][INFO]: Done waiting for pending navigations. Status: ok
[1744521069.278][INFO]: Waiting for pending navigations...
[1744521069.286][INFO]: Done waiting for pending navigations. Status: ok
[1744521069.286][INFO]: [96366644e4e44a0331331087ddd55f7c] RESPONSE FindChildElements [ {
   "element-6066-11e4-a52e-4f735466cecf": "f.FA7F9F0460E8C13CECE7AFB28C7D66DB.d.F32320157E5B0CEF4ABFC456438912E6.e.813"
} ]
[1744521069.290][INFO]: [96366644e4e44a0331331087ddd55f7c] COMMAND GetElementText {
   "id": "f.FA7F9F0460E8C13CECE7AFB28C7D66DB.d.F32320157E5B0CEF4ABFC456438912E6.e.813"
}
[1744521069.291][INFO]: Waiting for pending navigations...
[1744521069.292][INFO]: Done waiting for pending navigations. Status: ok
[1744521069.317][INFO]: Waiting for pending navigations...
[1744521069.320][INFO]: Done waiting for pending navigations. Status: ok
[1744521069.320][INFO]: [96366644e4e44a0331331087ddd55f7c] RESPONSE GetElementText "9% off"
[1744521069.326][INFO]: [96366644e4e44a0331331087ddd55f7c] COMMAND FindChildElements {
   "id": "f.FA7F9F0460E8C13CECE7AFB28C7D66DB.d.F32320157E5B0CEF4ABFC456438912E6.e.787",
   "using": "xpath",
   "value": ".//div[contains(@class,'KzDlHZ') or contains(@class,'IRpwTa') or contains(@class,'s1Q9rs')]"
}
[1744521069.326][INFO]: Waiting for pending navigations...
[1744521069.328][INFO]: Done waiting for pending navigations. Status: ok
[1744521069.350][INFO]: Waiting for pending navigations...
[1744521069.353][INFO]: Done waiting for pending navigations. Status: ok
[1744521069.353][INFO]: [96366644e4e44a0331331087ddd55f7c] RESPONSE FindChildElements [ {
   "element-6066-11e4-a52e-4f735466cecf": "f.FA7F9F0460E8C13CECE7AFB28C7D66DB.d.F32320157E5B0CEF4ABFC456438912E6.e.814"
} ]
[1744521069.358][INFO]: [96366644e4e44a0331331087ddd55f7c] COMMAND GetElementText {
   "id": "f.FA7F9F0460E8C13CECE7AFB28C7D66DB.d.F32320157E5B0CEF4ABFC456438912E6.e.814"
}
[1744521069.358][INFO]: Waiting for pending navigations...
[1744521069.360][INFO]: Done waiting for pending navigations. Status: ok
[1744521069.381][INFO]: Waiting for pending navigations...
[1744521069.384][INFO]: Done waiting for pending navigations. Status: ok
[1744521069.384][INFO]: [96366644e4e44a0331331087ddd55f7c] RESPONSE GetElementText "Apple iPhone 16 (Ultramarine, 128 GB)"
[1744521069.390][INFO]: [96366644e4e44a0331331087ddd55f7c] COMMAND FindChildElements {
   "id": "f.FA7F9F0460E8C13CECE7AFB28C7D66DB.d.F32320157E5B0CEF4ABFC456438912E6.e.787",
   "using": "xpath",
   "value": ".//*[contains(text(),'% off')]"
}
[1744521069.390][INFO]: Waiting for pending navigations...
[1744521069.392][INFO]: Done waiting for pending navigations. Status: ok
[1744521069.414][INFO]: Waiting for pending navigations...
[1744521069.419][INFO]: Done waiting for pending navigations. Status: ok
[1744521069.419][INFO]: [96366644e4e44a0331331087ddd55f7c] RESPONSE FindChildElements [ {
   "element-6066-11e4-a52e-4f735466cecf": "f.FA7F9F0460E8C13CECE7AFB28C7D66DB.d.F32320157E5B0CEF4ABFC456438912E6.e.815"
} ]
[1744521069.424][INFO]: [96366644e4e44a0331331087ddd55f7c] COMMAND GetElementText {
   "id": "f.FA7F9F0460E8C13CECE7AFB28C7D66DB.d.F32320157E5B0CEF4ABFC456438912E6.e.815"
}
[1744521069.424][INFO]: Waiting for pending navigations...
[1744521069.426][INFO]: Done waiting for pending navigations. Status: ok
[1744521069.450][INFO]: Waiting for pending navigations...
[1744521069.453][INFO]: Done waiting for pending navigations. Status: ok
[1744521069.454][INFO]: [96366644e4e44a0331331087ddd55f7c] RESPONSE GetElementText "6% off"
[1744521069.459][INFO]: [96366644e4e44a0331331087ddd55f7c] COMMAND FindChildElements {
   "id": "f.FA7F9F0460E8C13CECE7AFB28C7D66DB.d.F32320157E5B0CEF4ABFC456438912E6.e.788",
   "using": "xpath",
   "value": ".//div[contains(@class,'KzDlHZ') or contains(@class,'IRpwTa') or contains(@class,'s1Q9rs')]"
}
[1744521069.460][INFO]: Waiting for pending navigations...
[1744521069.462][INFO]: Done waiting for pending navigations. Status: ok
[1744521069.484][INFO]: Waiting for pending navigations...
[1744521069.489][INFO]: Done waiting for pending navigations. Status: ok
[1744521069.489][INFO]: [96366644e4e44a0331331087ddd55f7c] RESPONSE FindChildElements [ {
   "element-6066-11e4-a52e-4f735466cecf": "f.FA7F9F0460E8C13CECE7AFB28C7D66DB.d.F32320157E5B0CEF4ABFC456438912E6.e.816"
} ]
[1744521069.496][INFO]: [96366644e4e44a0331331087ddd55f7c] COMMAND GetElementText {
   "id": "f.FA7F9F0460E8C13CECE7AFB28C7D66DB.d.F32320157E5B0CEF4ABFC456438912E6.e.816"
}
[1744521069.496][INFO]: Waiting for pending navigations...
[1744521069.501][INFO]: Done waiting for pending navigations. Status: ok
[1744521069.524][INFO]: Waiting for pending navigations...
[1744521069.526][INFO]: Done waiting for pending navigations. Status: ok
[1744521069.526][INFO]: [96366644e4e44a0331331087ddd55f7c] RESPONSE GetElementText "Apple iPhone 16 (Pink, 128 GB)"
[1744521069.533][INFO]: [96366644e4e44a0331331087ddd55f7c] COMMAND FindChildElements {
   "id": "f.FA7F9F0460E8C13CECE7AFB28C7D66DB.d.F32320157E5B0CEF4ABFC456438912E6.e.788",
   "using": "xpath",
   "value": ".//*[contains(text(),'% off')]"
}
[1744521069.533][INFO]: Waiting for pending navigations...
[1744521069.535][INFO]: Done waiting for pending navigations. Status: ok
[1744521069.555][INFO]: Waiting for pending navigations...
[1744521069.557][INFO]: Done waiting for pending navigations. Status: ok
[1744521069.557][INFO]: [96366644e4e44a0331331087ddd55f7c] RESPONSE FindChildElements [ {
   "element-6066-11e4-a52e-4f735466cecf": "f.FA7F9F0460E8C13CECE7AFB28C7D66DB.d.F32320157E5B0CEF4ABFC456438912E6.e.819"
} ]
[1744521069.562][INFO]: [96366644e4e44a0331331087ddd55f7c] COMMAND GetElementText {
   "id": "f.FA7F9F0460E8C13CECE7AFB28C7D66DB.d.F32320157E5B0CEF4ABFC456438912E6.e.819"
}
[1744521069.562][INFO]: Waiting for pending navigations...
[1744521069.568][INFO]: Done waiting for pending navigations. Status: ok
[1744521069.589][INFO]: Waiting for pending navigations...
[1744521069.590][INFO]: Done waiting for pending navigations. Status: ok
[1744521069.590][INFO]: [96366644e4e44a0331331087ddd55f7c] RESPONSE GetElementText "6% off"
[1744521069.598][INFO]: [96366644e4e44a0331331087ddd55f7c] COMMAND FindChildElements {
   "id": "f.FA7F9F0460E8C13CECE7AFB28C7D66DB.d.F32320157E5B0CEF4ABFC456438912E6.e.789",
   "using": "xpath",
   "value": ".//div[contains(@class,'KzDlHZ') or contains(@class,'IRpwTa') or contains(@class,'s1Q9rs')]"
}
[1744521069.598][INFO]: Waiting for pending navigations...
[1744521069.601][INFO]: Done waiting for pending navigations. Status: ok
[1744521069.623][INFO]: Waiting for pending navigations...
[1744521069.625][INFO]: Done waiting for pending navigations. Status: ok
[1744521069.625][INFO]: [96366644e4e44a0331331087ddd55f7c] RESPONSE FindChildElements [ {
   "element-6066-11e4-a52e-4f735466cecf": "f.FA7F9F0460E8C13CECE7AFB28C7D66DB.d.F32320157E5B0CEF4ABFC456438912E6.e.820"
} ]
[1744521069.631][INFO]: [96366644e4e44a0331331087ddd55f7c] COMMAND GetElementText {
   "id": "f.FA7F9F0460E8C13CECE7AFB28C7D66DB.d.F32320157E5B0CEF4ABFC456438912E6.e.820"
}
[1744521069.631][INFO]: Waiting for pending navigations...
[1744521069.635][INFO]: Done waiting for pending navigations. Status: ok
[1744521069.655][INFO]: Waiting for pending navigations...
[1744521069.657][INFO]: Done waiting for pending navigations. Status: ok
[1744521069.657][INFO]: [96366644e4e44a0331331087ddd55f7c] RESPONSE GetElementText "Apple iPhone 15 (Black, 128 GB)"
[1744521069.664][INFO]: [96366644e4e44a0331331087ddd55f7c] COMMAND FindChildElements {
   "id": "f.FA7F9F0460E8C13CECE7AFB28C7D66DB.d.F32320157E5B0CEF4ABFC456438912E6.e.789",
   "using": "xpath",
   "value": ".//*[contains(text(),'% off')]"
}
[1744521069.664][INFO]: Waiting for pending navigations...
[1744521069.669][INFO]: Done waiting for pending navigations. Status: ok
[1744521069.690][INFO]: Waiting for pending navigations...
[1744521069.692][INFO]: Done waiting for pending navigations. Status: ok
[1744521069.692][INFO]: [96366644e4e44a0331331087ddd55f7c] RESPONSE FindChildElements [ {
   "element-6066-11e4-a52e-4f735466cecf": "f.FA7F9F0460E8C13CECE7AFB28C7D66DB.d.F32320157E5B0CEF4ABFC456438912E6.e.821"
} ]
[1744521069.697][INFO]: [96366644e4e44a0331331087ddd55f7c] COMMAND GetElementText {
   "id": "f.FA7F9F0460E8C13CECE7AFB28C7D66DB.d.F32320157E5B0CEF4ABFC456438912E6.e.821"
}
[1744521069.697][INFO]: Waiting for pending navigations...
[1744521069.702][INFO]: Done waiting for pending navigations. Status: ok
[1744521069.723][INFO]: Waiting for pending navigations...
[1744521069.725][INFO]: Done waiting for pending navigations. Status: ok
[1744521069.725][INFO]: [96366644e4e44a0331331087ddd55f7c] RESPONSE GetElementText "7% off"
[1744521069.731][INFO]: [96366644e4e44a0331331087ddd55f7c] COMMAND FindChildElements {
   "id": "f.FA7F9F0460E8C13CECE7AFB28C7D66DB.d.F32320157E5B0CEF4ABFC456438912E6.e.790",
   "using": "xpath",
   "value": ".//div[contains(@class,'KzDlHZ') or contains(@class,'IRpwTa') or contains(@class,'s1Q9rs')]"
}
[1744521069.731][INFO]: Waiting for pending navigations...
[1744521069.734][INFO]: Done waiting for pending navigations. Status: ok
[1744521069.755][INFO]: Waiting for pending navigations...
[1744521069.757][INFO]: Done waiting for pending navigations. Status: ok
[1744521069.757][INFO]: [96366644e4e44a0331331087ddd55f7c] RESPONSE FindChildElements [ {
   "element-6066-11e4-a52e-4f735466cecf": "f.FA7F9F0460E8C13CECE7AFB28C7D66DB.d.F32320157E5B0CEF4ABFC456438912E6.e.822"
} ]
[1744521069.762][INFO]: [96366644e4e44a0331331087ddd55f7c] COMMAND GetElementText {
   "id": "f.FA7F9F0460E8C13CECE7AFB28C7D66DB.d.F32320157E5B0CEF4ABFC456438912E6.e.822"
}
[1744521069.762][INFO]: Waiting for pending navigations...
[1744521069.769][INFO]: Done waiting for pending navigations. Status: ok
[1744521069.792][INFO]: Waiting for pending navigations...
[1744521069.793][INFO]: Done waiting for pending navigations. Status: ok
[1744521069.793][INFO]: [96366644e4e44a0331331087ddd55f7c] RESPONSE GetElementText "Apple iPhone 16 (White, 128 GB)"
[1744521069.801][INFO]: [96366644e4e44a0331331087ddd55f7c] COMMAND FindChildElements {
   "id": "f.FA7F9F0460E8C13CECE7AFB28C7D66DB.d.F32320157E5B0CEF4ABFC456438912E6.e.790",
   "using": "xpath",
   "value": ".//*[contains(text(),'% off')]"
}
[1744521069.801][INFO]: Waiting for pending navigations...
[1744521069.804][INFO]: Done waiting for pending navigations. Status: ok
[1744521069.823][INFO]: Waiting for pending navigations...
[1744521069.824][INFO]: Done waiting for pending navigations. Status: ok
[1744521069.824][INFO]: [96366644e4e44a0331331087ddd55f7c] RESPONSE FindChildElements [ {
   "element-6066-11e4-a52e-4f735466cecf": "f.FA7F9F0460E8C13CECE7AFB28C7D66DB.d.F32320157E5B0CEF4ABFC456438912E6.e.824"
} ]
[1744521069.851][INFO]: [96366644e4e44a0331331087ddd55f7c] COMMAND GetElementText {
   "id": "f.FA7F9F0460E8C13CECE7AFB28C7D66DB.d.F32320157E5B0CEF4ABFC456438912E6.e.824"
}
[1744521069.851][INFO]: Waiting for pending navigations...
[1744521069.853][INFO]: Done waiting for pending navigations. Status: ok
[1744521069.874][INFO]: Waiting for pending navigations...
[1744521069.875][INFO]: Done waiting for pending navigations. Status: ok
[1744521069.875][INFO]: [96366644e4e44a0331331087ddd55f7c] RESPONSE GetElementText "6% off"
[1744521069.882][INFO]: [96366644e4e44a0331331087ddd55f7c] COMMAND FindChildElements {
   "id": "f.FA7F9F0460E8C13CECE7AFB28C7D66DB.d.F32320157E5B0CEF4ABFC456438912E6.e.791",
   "using": "xpath",
   "value": ".//div[contains(@class,'KzDlHZ') or contains(@class,'IRpwTa') or contains(@class,'s1Q9rs')]"
}
[1744521069.882][INFO]: Waiting for pending navigations...
[1744521069.885][INFO]: Done waiting for pending navigations. Status: ok
[1744521069.906][INFO]: Waiting for pending navigations...
[1744521069.908][INFO]: Done waiting for pending navigations. Status: ok
[1744521069.908][INFO]: [96366644e4e44a0331331087ddd55f7c] RESPONSE FindChildElements [ {
   "element-6066-11e4-a52e-4f735466cecf": "f.FA7F9F0460E8C13CECE7AFB28C7D66DB.d.F32320157E5B0CEF4ABFC456438912E6.e.825"
} ]
[1744521069.915][INFO]: [96366644e4e44a0331331087ddd55f7c] COMMAND GetElementText {
   "id": "f.FA7F9F0460E8C13CECE7AFB28C7D66DB.d.F32320157E5B0CEF4ABFC456438912E6.e.825"
}
[1744521069.915][INFO]: Waiting for pending navigations...
[1744521069.917][INFO]: Done waiting for pending navigations. Status: ok
[1744521069.940][INFO]: Waiting for pending navigations...
[1744521069.942][INFO]: Done waiting for pending navigations. Status: ok
[1744521069.942][INFO]: [96366644e4e44a0331331087ddd55f7c] RESPONSE GetElementText "Apple iPhone 16e (Black, 128 GB)"
[1744521069.950][INFO]: [96366644e4e44a0331331087ddd55f7c] COMMAND FindChildElements {
   "id": "f.FA7F9F0460E8C13CECE7AFB28C7D66DB.d.F32320157E5B0CEF4ABFC456438912E6.e.791",
   "using": "xpath",
   "value": ".//*[contains(text(),'% off')]"
}
[1744521069.950][INFO]: Waiting for pending navigations...
[1744521069.955][INFO]: Done waiting for pending navigations. Status: ok
[1744521079.957][INFO]: Waiting for pending navigations...
[1744521079.959][INFO]: Done waiting for pending navigations. Status: ok
[1744521079.959][INFO]: [96366644e4e44a0331331087ddd55f7c] RESPONSE FindChildElements [  ]
[1744521079.966][INFO]: [96366644e4e44a0331331087ddd55f7c] COMMAND FindChildElements {
   "id": "f.FA7F9F0460E8C13CECE7AFB28C7D66DB.d.F32320157E5B0CEF4ABFC456438912E6.e.792",
   "using": "xpath",
   "value": ".//div[contains(@class,'KzDlHZ') or contains(@class,'IRpwTa') or contains(@class,'s1Q9rs')]"
}
[1744521079.966][INFO]: Waiting for pending navigations...
[1744521079.967][INFO]: Done waiting for pending navigations. Status: ok
[1744521079.985][INFO]: Waiting for pending navigations...
[1744521079.986][INFO]: Done waiting for pending navigations. Status: ok
[1744521079.987][INFO]: [96366644e4e44a0331331087ddd55f7c] RESPONSE FindChildElements [ {
   "element-6066-11e4-a52e-4f735466cecf": "f.FA7F9F0460E8C13CECE7AFB28C7D66DB.d.F32320157E5B0CEF4ABFC456438912E6.e.826"
} ]
[1744521079.991][INFO]: [96366644e4e44a0331331087ddd55f7c] COMMAND GetElementText {
   "id": "f.FA7F9F0460E8C13CECE7AFB28C7D66DB.d.F32320157E5B0CEF4ABFC456438912E6.e.826"
}
[1744521079.991][INFO]: Waiting for pending navigations...
[1744521079.993][INFO]: Done waiting for pending navigations. Status: ok
[1744521080.010][INFO]: Waiting for pending navigations...
[1744521080.017][INFO]: Done waiting for pending navigations. Status: ok
[1744521080.017][INFO]: [96366644e4e44a0331331087ddd55f7c] RESPONSE GetElementText "Apple iPhone 16 Plus (Black, 256 GB)"
[1744521080.026][INFO]: [96366644e4e44a0331331087ddd55f7c] COMMAND FindChildElements {
   "id": "f.FA7F9F0460E8C13CECE7AFB28C7D66DB.d.F32320157E5B0CEF4ABFC456438912E6.e.792",
   "using": "xpath",
   "value": ".//*[contains(text(),'% off')]"
}
[1744521080.026][INFO]: Waiting for pending navigations...
[1744521080.028][INFO]: Done waiting for pending navigations. Status: ok
[1744521080.045][INFO]: Waiting for pending navigations...
[1744521080.046][INFO]: Done waiting for pending navigations. Status: ok
[1744521080.046][INFO]: [96366644e4e44a0331331087ddd55f7c] RESPONSE FindChildElements [ {
   "element-6066-11e4-a52e-4f735466cecf": "f.FA7F9F0460E8C13CECE7AFB28C7D66DB.d.F32320157E5B0CEF4ABFC456438912E6.e.827"
} ]
[1744521080.051][INFO]: [96366644e4e44a0331331087ddd55f7c] COMMAND GetElementText {
   "id": "f.FA7F9F0460E8C13CECE7AFB28C7D66DB.d.F32320157E5B0CEF4ABFC456438912E6.e.827"
}
[1744521080.051][INFO]: Waiting for pending navigations...
[1744521080.053][INFO]: Done waiting for pending navigations. Status: ok
[1744521080.069][INFO]: Waiting for pending navigations...
[1744521080.071][INFO]: Done waiting for pending navigations. Status: ok
[1744521080.071][INFO]: [96366644e4e44a0331331087ddd55f7c] RESPONSE GetElementText "5% off"
[1744521080.078][INFO]: [96366644e4e44a0331331087ddd55f7c] COMMAND FindChildElements {
   "id": "f.FA7F9F0460E8C13CECE7AFB28C7D66DB.d.F32320157E5B0CEF4ABFC456438912E6.e.793",
   "using": "xpath",
   "value": ".//div[contains(@class,'KzDlHZ') or contains(@class,'IRpwTa') or contains(@class,'s1Q9rs')]"
}
[1744521080.078][INFO]: Waiting for pending navigations...
[1744521080.080][INFO]: Done waiting for pending navigations. Status: ok
[1744521080.097][INFO]: Waiting for pending navigations...
[1744521080.098][INFO]: Done waiting for pending navigations. Status: ok
[1744521080.098][INFO]: [96366644e4e44a0331331087ddd55f7c] RESPONSE FindChildElements [ {
   "element-6066-11e4-a52e-4f735466cecf": "f.FA7F9F0460E8C13CECE7AFB28C7D66DB.d.F32320157E5B0CEF4ABFC456438912E6.e.828"
} ]
[1744521080.103][INFO]: [96366644e4e44a0331331087ddd55f7c] COMMAND GetElementText {
   "id": "f.FA7F9F0460E8C13CECE7AFB28C7D66DB.d.F32320157E5B0CEF4ABFC456438912E6.e.828"
}
[1744521080.103][INFO]: Waiting for pending navigations...
[1744521080.105][INFO]: Done waiting for pending navigations. Status: ok
[1744521080.121][INFO]: Waiting for pending navigations...
[1744521080.123][INFO]: Done waiting for pending navigations. Status: ok
[1744521080.123][INFO]: [96366644e4e44a0331331087ddd55f7c] RESPONSE GetElementText "Apple iPhone 14 (Starlight, 256 GB)"
[1744521080.129][INFO]: [96366644e4e44a0331331087ddd55f7c] COMMAND FindChildElements {
   "id": "f.FA7F9F0460E8C13CECE7AFB28C7D66DB.d.F32320157E5B0CEF4ABFC456438912E6.e.793",
   "using": "xpath",
   "value": ".//*[contains(text(),'% off')]"
}
[1744521080.130][INFO]: Waiting for pending navigations...
[1744521080.131][INFO]: Done waiting for pending navigations. Status: ok
[1744521080.148][INFO]: Waiting for pending navigations...
[1744521080.150][INFO]: Done waiting for pending navigations. Status: ok
[1744521080.150][INFO]: [96366644e4e44a0331331087ddd55f7c] RESPONSE FindChildElements [ {
   "element-6066-11e4-a52e-4f735466cecf": "f.FA7F9F0460E8C13CECE7AFB28C7D66DB.d.F32320157E5B0CEF4ABFC456438912E6.e.829"
} ]
[1744521080.156][INFO]: [96366644e4e44a0331331087ddd55f7c] COMMAND GetElementText {
   "id": "f.FA7F9F0460E8C13CECE7AFB28C7D66DB.d.F32320157E5B0CEF4ABFC456438912E6.e.829"
}
[1744521080.156][INFO]: Waiting for pending navigations...
[1744521080.157][INFO]: Done waiting for pending navigations. Status: ok
[1744521080.174][INFO]: Waiting for pending navigations...
[1744521080.176][INFO]: Done waiting for pending navigations. Status: ok
[1744521080.176][INFO]: [96366644e4e44a0331331087ddd55f7c] RESPONSE GetElementText "7% off"
[1744521080.182][INFO]: [96366644e4e44a0331331087ddd55f7c] COMMAND FindChildElements {
   "id": "f.FA7F9F0460E8C13CECE7AFB28C7D66DB.d.F32320157E5B0CEF4ABFC456438912E6.e.794",
   "using": "xpath",
   "value": ".//div[contains(@class,'KzDlHZ') or contains(@class,'IRpwTa') or contains(@class,'s1Q9rs')]"
}
[1744521080.182][INFO]: Waiting for pending navigations...
[1744521080.184][INFO]: Done waiting for pending navigations. Status: ok
[1744521080.201][INFO]: Waiting for pending navigations...
[1744521080.202][INFO]: Done waiting for pending navigations. Status: ok
[1744521080.202][INFO]: [96366644e4e44a0331331087ddd55f7c] RESPONSE FindChildElements [ {
   "element-6066-11e4-a52e-4f735466cecf": "f.FA7F9F0460E8C13CECE7AFB28C7D66DB.d.F32320157E5B0CEF4ABFC456438912E6.e.830"
} ]
[1744521080.208][INFO]: [96366644e4e44a0331331087ddd55f7c] COMMAND GetElementText {
   "id": "f.FA7F9F0460E8C13CECE7AFB28C7D66DB.d.F32320157E5B0CEF4ABFC456438912E6.e.830"
}
[1744521080.208][INFO]: Waiting for pending navigations...
[1744521080.210][INFO]: Done waiting for pending navigations. Status: ok
[1744521080.227][INFO]: Waiting for pending navigations...
[1744521080.228][INFO]: Done waiting for pending navigations. Status: ok
[1744521080.228][INFO]: [96366644e4e44a0331331087ddd55f7c] RESPONSE GetElementText "Apple iPhone 16 Plus (Teal, 128 GB)"
[1744521080.235][INFO]: [96366644e4e44a0331331087ddd55f7c] COMMAND FindChildElements {
   "id": "f.FA7F9F0460E8C13CECE7AFB28C7D66DB.d.F32320157E5B0CEF4ABFC456438912E6.e.794",
   "using": "xpath",
   "value": ".//*[contains(text(),'% off')]"
}
[1744521080.235][INFO]: Waiting for pending navigations...
[1744521080.237][INFO]: Done waiting for pending navigations. Status: ok
[1744521080.254][INFO]: Waiting for pending navigations...
[1744521080.283][INFO]: Done waiting for pending navigations. Status: ok
[1744521080.283][INFO]: [96366644e4e44a0331331087ddd55f7c] RESPONSE FindChildElements [ {
   "element-6066-11e4-a52e-4f735466cecf": "f.FA7F9F0460E8C13CECE7AFB28C7D66DB.d.F32320157E5B0CEF4ABFC456438912E6.e.831"
} ]
[1744521080.329][INFO]: [96366644e4e44a0331331087ddd55f7c] COMMAND GetElementText {
   "id": "f.FA7F9F0460E8C13CECE7AFB28C7D66DB.d.F32320157E5B0CEF4ABFC456438912E6.e.831"
}
[1744521080.329][INFO]: Waiting for pending navigations...
[1744521080.353][INFO]: Done waiting for pending navigations. Status: ok
[1744521080.390][INFO]: Waiting for pending navigations...
[1744521080.395][INFO]: Done waiting for pending navigations. Status: ok
[1744521080.395][INFO]: [96366644e4e44a0331331087ddd55f7c] RESPONSE GetElementText "5% off"
[1744521080.401][INFO]: [96366644e4e44a0331331087ddd55f7c] COMMAND FindChildElements {
   "id": "f.FA7F9F0460E8C13CECE7AFB28C7D66DB.d.F32320157E5B0CEF4ABFC456438912E6.e.795",
   "using": "xpath",
   "value": ".//div[contains(@class,'KzDlHZ') or contains(@class,'IRpwTa') or contains(@class,'s1Q9rs')]"
}
[1744521080.401][INFO]: Waiting for pending navigations...
[1744521080.407][INFO]: Done waiting for pending navigations. Status: ok
[1744521080.443][INFO]: Waiting for pending navigations...
[1744521080.445][INFO]: Done waiting for pending navigations. Status: ok
[1744521080.445][INFO]: [96366644e4e44a0331331087ddd55f7c] RESPONSE FindChildElements [ {
   "element-6066-11e4-a52e-4f735466cecf": "f.FA7F9F0460E8C13CECE7AFB28C7D66DB.d.F32320157E5B0CEF4ABFC456438912E6.e.832"
} ]
[1744521080.451][INFO]: [96366644e4e44a0331331087ddd55f7c] COMMAND GetElementText {
   "id": "f.FA7F9F0460E8C13CECE7AFB28C7D66DB.d.F32320157E5B0CEF4ABFC456438912E6.e.832"
}
[1744521080.451][INFO]: Waiting for pending navigations...
[1744521080.453][INFO]: Done waiting for pending navigations. Status: ok
[1744521080.469][INFO]: Waiting for pending navigations...
[1744521080.471][INFO]: Done waiting for pending navigations. Status: ok
[1744521080.471][INFO]: [96366644e4e44a0331331087ddd55f7c] RESPONSE GetElementText "Apple iPhone 16 (Teal, 128 GB)"
[1744521080.477][INFO]: [96366644e4e44a0331331087ddd55f7c] COMMAND FindChildElements {
   "id": "f.FA7F9F0460E8C13CECE7AFB28C7D66DB.d.F32320157E5B0CEF4ABFC456438912E6.e.795",
   "using": "xpath",
   "value": ".//*[contains(text(),'% off')]"
}
[1744521080.477][INFO]: Waiting for pending navigations...
[1744521080.479][INFO]: Done waiting for pending navigations. Status: ok
[1744521080.496][INFO]: Waiting for pending navigations...
[1744521080.498][INFO]: Done waiting for pending navigations. Status: ok
[1744521080.498][INFO]: [96366644e4e44a0331331087ddd55f7c] RESPONSE FindChildElements [ {
   "element-6066-11e4-a52e-4f735466cecf": "f.FA7F9F0460E8C13CECE7AFB28C7D66DB.d.F32320157E5B0CEF4ABFC456438912E6.e.833"
} ]
[1744521080.503][INFO]: [96366644e4e44a0331331087ddd55f7c] COMMAND GetElementText {
   "id": "f.FA7F9F0460E8C13CECE7AFB28C7D66DB.d.F32320157E5B0CEF4ABFC456438912E6.e.833"
}
[1744521080.503][INFO]: Waiting for pending navigations...
[1744521080.505][INFO]: Done waiting for pending navigations. Status: ok
[1744521080.522][INFO]: Waiting for pending navigations...
[1744521080.524][INFO]: Done waiting for pending navigations. Status: ok
[1744521080.524][INFO]: [96366644e4e44a0331331087ddd55f7c] RESPONSE GetElementText "6% off"
[1744521080.532][INFO]: [96366644e4e44a0331331087ddd55f7c] COMMAND FindChildElements {
   "id": "f.FA7F9F0460E8C13CECE7AFB28C7D66DB.d.F32320157E5B0CEF4ABFC456438912E6.e.796",
   "using": "xpath",
   "value": ".//div[contains(@class,'KzDlHZ') or contains(@class,'IRpwTa') or contains(@class,'s1Q9rs')]"
}
[1744521080.532][INFO]: Waiting for pending navigations...
[1744521080.534][INFO]: Done waiting for pending navigations. Status: ok
[1744521080.551][INFO]: Waiting for pending navigations...
[1744521080.553][INFO]: Done waiting for pending navigations. Status: ok
[1744521080.553][INFO]: [96366644e4e44a0331331087ddd55f7c] RESPONSE FindChildElements [ {
   "element-6066-11e4-a52e-4f735466cecf": "f.FA7F9F0460E8C13CECE7AFB28C7D66DB.d.F32320157E5B0CEF4ABFC456438912E6.e.834"
} ]
[1744521080.559][INFO]: [96366644e4e44a0331331087ddd55f7c] COMMAND GetElementText {
   "id": "f.FA7F9F0460E8C13CECE7AFB28C7D66DB.d.F32320157E5B0CEF4ABFC456438912E6.e.834"
}
[1744521080.559][INFO]: Waiting for pending navigations...
[1744521080.561][INFO]: Done waiting for pending navigations. Status: ok
[1744521080.577][INFO]: Waiting for pending navigations...
[1744521080.579][INFO]: Done waiting for pending navigations. Status: ok
[1744521080.579][INFO]: [96366644e4e44a0331331087ddd55f7c] RESPONSE GetElementText "Apple iPhone 16 (Teal, 256 GB)"
[1744521080.586][INFO]: [96366644e4e44a0331331087ddd55f7c] COMMAND FindChildElements {
   "id": "f.FA7F9F0460E8C13CECE7AFB28C7D66DB.d.F32320157E5B0CEF4ABFC456438912E6.e.796",
   "using": "xpath",
   "value": ".//*[contains(text(),'% off')]"
}
[1744521080.586][INFO]: Waiting for pending navigations...
[1744521080.588][INFO]: Done waiting for pending navigations. Status: ok
[1744521080.606][INFO]: Waiting for pending navigations...
[1744521080.607][INFO]: Done waiting for pending navigations. Status: ok
[1744521080.607][INFO]: [96366644e4e44a0331331087ddd55f7c] RESPONSE FindChildElements [ {
   "element-6066-11e4-a52e-4f735466cecf": "f.FA7F9F0460E8C13CECE7AFB28C7D66DB.d.F32320157E5B0CEF4ABFC456438912E6.e.835"
} ]
[1744521080.614][INFO]: [96366644e4e44a0331331087ddd55f7c] COMMAND GetElementText {
   "id": "f.FA7F9F0460E8C13CECE7AFB28C7D66DB.d.F32320157E5B0CEF4ABFC456438912E6.e.835"
}
[1744521080.614][INFO]: Waiting for pending navigations...
[1744521080.615][INFO]: Done waiting for pending navigations. Status: ok
[1744521080.632][INFO]: Waiting for pending navigations...
[1744521080.633][INFO]: Done waiting for pending navigations. Status: ok
[1744521080.633][INFO]: [96366644e4e44a0331331087ddd55f7c] RESPONSE GetElementText "5% off"
[1744521080.640][INFO]: [96366644e4e44a0331331087ddd55f7c] COMMAND FindChildElements {
   "id": "f.FA7F9F0460E8C13CECE7AFB28C7D66DB.d.F32320157E5B0CEF4ABFC456438912E6.e.797",
   "using": "xpath",
   "value": ".//div[contains(@class,'KzDlHZ') or contains(@class,'IRpwTa') or contains(@class,'s1Q9rs')]"
}
[1744521080.640][INFO]: Waiting for pending navigations...
[1744521080.642][INFO]: Done waiting for pending navigations. Status: ok
[1744521080.659][INFO]: Waiting for pending navigations...
[1744521080.660][INFO]: Done waiting for pending navigations. Status: ok
[1744521080.661][INFO]: [96366644e4e44a0331331087ddd55f7c] RESPONSE FindChildElements [ {
   "element-6066-11e4-a52e-4f735466cecf": "f.FA7F9F0460E8C13CECE7AFB28C7D66DB.d.F32320157E5B0CEF4ABFC456438912E6.e.836"
} ]
[1744521080.665][INFO]: [96366644e4e44a0331331087ddd55f7c] COMMAND GetElementText {
   "id": "f.FA7F9F0460E8C13CECE7AFB28C7D66DB.d.F32320157E5B0CEF4ABFC456438912E6.e.836"
}
[1744521080.666][INFO]: Waiting for pending navigations...
[1744521080.667][INFO]: Done waiting for pending navigations. Status: ok
[1744521080.684][INFO]: Waiting for pending navigations...
[1744521080.686][INFO]: Done waiting for pending navigations. Status: ok
[1744521080.686][INFO]: [96366644e4e44a0331331087ddd55f7c] RESPONSE GetElementText "Apple iPhone 15 Plus (Black, 128 GB)"
[1744521080.692][INFO]: [96366644e4e44a0331331087ddd55f7c] COMMAND FindChildElements {
   "id": "f.FA7F9F0460E8C13CECE7AFB28C7D66DB.d.F32320157E5B0CEF4ABFC456438912E6.e.797",
   "using": "xpath",
   "value": ".//*[contains(text(),'% off')]"
}
[1744521080.692][INFO]: Waiting for pending navigations...
[1744521080.694][INFO]: Done waiting for pending navigations. Status: ok
[1744521080.710][INFO]: Waiting for pending navigations...
[1744521080.711][INFO]: Done waiting for pending navigations. Status: ok
[1744521080.711][INFO]: [96366644e4e44a0331331087ddd55f7c] RESPONSE FindChildElements [ {
   "element-6066-11e4-a52e-4f735466cecf": "f.FA7F9F0460E8C13CECE7AFB28C7D66DB.d.F32320157E5B0CEF4ABFC456438912E6.e.837"
} ]
[1744521080.716][INFO]: [96366644e4e44a0331331087ddd55f7c] COMMAND GetElementText {
   "id": "f.FA7F9F0460E8C13CECE7AFB28C7D66DB.d.F32320157E5B0CEF4ABFC456438912E6.e.837"
}
[1744521080.717][INFO]: Waiting for pending navigations...
[1744521080.718][INFO]: Done waiting for pending navigations. Status: ok
[1744521080.735][INFO]: Waiting for pending navigations...
[1744521080.737][INFO]: Done waiting for pending navigations. Status: ok
[1744521080.737][INFO]: [96366644e4e44a0331331087ddd55f7c] RESPONSE GetElementText "6% off"
[1744521080.743][INFO]: [96366644e4e44a0331331087ddd55f7c] COMMAND FindChildElements {
   "id": "f.FA7F9F0460E8C13CECE7AFB28C7D66DB.d.F32320157E5B0CEF4ABFC456438912E6.e.798",
   "using": "xpath",
   "value": ".//div[contains(@class,'KzDlHZ') or contains(@class,'IRpwTa') or contains(@class,'s1Q9rs')]"
}
[1744521080.743][INFO]: Waiting for pending navigations...
[1744521080.745][INFO]: Done waiting for pending navigations. Status: ok
[1744521080.761][INFO]: Waiting for pending navigations...
[1744521080.763][INFO]: Done waiting for pending navigations. Status: ok
[1744521080.763][INFO]: [96366644e4e44a0331331087ddd55f7c] RESPONSE FindChildElements [ {
   "element-6066-11e4-a52e-4f735466cecf": "f.FA7F9F0460E8C13CECE7AFB28C7D66DB.d.F32320157E5B0CEF4ABFC456438912E6.e.838"
} ]
[1744521080.766][INFO]: [96366644e4e44a0331331087ddd55f7c] COMMAND GetElementText {
   "id": "f.FA7F9F0460E8C13CECE7AFB28C7D66DB.d.F32320157E5B0CEF4ABFC456438912E6.e.838"
}
[1744521080.766][INFO]: Waiting for pending navigations...
[1744521080.768][INFO]: Done waiting for pending navigations. Status: ok
[1744521080.779][INFO]: Waiting for pending navigations...
[1744521080.780][INFO]: Done waiting for pending navigations. Status: ok
[1744521080.780][INFO]: [96366644e4e44a0331331087ddd55f7c] RESPONSE GetElementText "Apple iPhone 16 Plus (Teal, 256 GB)"
[1744521080.784][INFO]: [96366644e4e44a0331331087ddd55f7c] COMMAND FindChildElements {
   "id": "f.FA7F9F0460E8C13CECE7AFB28C7D66DB.d.F32320157E5B0CEF4ABFC456438912E6.e.798",
   "using": "xpath",
   "value": ".//*[contains(text(),'% off')]"
}
[1744521080.784][INFO]: Waiting for pending navigations...
[1744521080.785][INFO]: Done waiting for pending navigations. Status: ok
[1744521080.795][INFO]: Waiting for pending navigations...
[1744521080.796][INFO]: Done waiting for pending navigations. Status: ok
[1744521080.796][INFO]: [96366644e4e44a0331331087ddd55f7c] RESPONSE FindChildElements [ {
   "element-6066-11e4-a52e-4f735466cecf": "f.FA7F9F0460E8C13CECE7AFB28C7D66DB.d.F32320157E5B0CEF4ABFC456438912E6.e.839"
} ]
[1744521080.799][INFO]: [96366644e4e44a0331331087ddd55f7c] COMMAND GetElementText {
   "id": "f.FA7F9F0460E8C13CECE7AFB28C7D66DB.d.F32320157E5B0CEF4ABFC456438912E6.e.839"
}
[1744521080.799][INFO]: Waiting for pending navigations...
[1744521080.800][INFO]: Done waiting for pending navigations. Status: ok
[1744521080.810][INFO]: Waiting for pending navigations...
[1744521080.811][INFO]: Done waiting for pending navigations. Status: ok
[1744521080.811][INFO]: [96366644e4e44a0331331087ddd55f7c] RESPONSE GetElementText "5% off"
[1744521080.815][INFO]: [96366644e4e44a0331331087ddd55f7c] COMMAND FindChildElements {
   "id": "f.FA7F9F0460E8C13CECE7AFB28C7D66DB.d.F32320157E5B0CEF4ABFC456438912E6.e.799",
   "using": "xpath",
   "value": ".//div[contains(@class,'KzDlHZ') or contains(@class,'IRpwTa') or contains(@class,'s1Q9rs')]"
}
[1744521080.815][INFO]: Waiting for pending navigations...
[1744521080.816][INFO]: Done waiting for pending navigations. Status: ok
[1744521080.826][INFO]: Waiting for pending navigations...
[1744521080.827][INFO]: Done waiting for pending navigations. Status: ok
[1744521080.827][INFO]: [96366644e4e44a0331331087ddd55f7c] RESPONSE FindChildElements [ {
   "element-6066-11e4-a52e-4f735466cecf": "f.FA7F9F0460E8C13CECE7AFB28C7D66DB.d.F32320157E5B0CEF4ABFC456438912E6.e.840"
} ]
[1744521080.831][INFO]: [96366644e4e44a0331331087ddd55f7c] COMMAND GetElementText {
   "id": "f.FA7F9F0460E8C13CECE7AFB28C7D66DB.d.F32320157E5B0CEF4ABFC456438912E6.e.840"
}
[1744521080.831][INFO]: Waiting for pending navigations...
[1744521080.832][INFO]: Done waiting for pending navigations. Status: ok
[1744521080.842][INFO]: Waiting for pending navigations...
[1744521080.842][INFO]: Done waiting for pending navigations. Status: ok
[1744521080.842][INFO]: [96366644e4e44a0331331087ddd55f7c] RESPONSE GetElementText "Apple iPhone 16 (Ultramarine, 256 GB)"
[1744521080.847][INFO]: [96366644e4e44a0331331087ddd55f7c] COMMAND FindChildElements {
   "id": "f.FA7F9F0460E8C13CECE7AFB28C7D66DB.d.F32320157E5B0CEF4ABFC456438912E6.e.799",
   "using": "xpath",
   "value": ".//*[contains(text(),'% off')]"
}
[1744521080.847][INFO]: Waiting for pending navigations...
[1744521080.848][INFO]: Done waiting for pending navigations. Status: ok
[1744521080.857][INFO]: Waiting for pending navigations...
[1744521080.858][INFO]: Done waiting for pending navigations. Status: ok
[1744521080.858][INFO]: [96366644e4e44a0331331087ddd55f7c] RESPONSE FindChildElements [ {
   "element-6066-11e4-a52e-4f735466cecf": "f.FA7F9F0460E8C13CECE7AFB28C7D66DB.d.F32320157E5B0CEF4ABFC456438912E6.e.841"
} ]
[1744521080.861][INFO]: [96366644e4e44a0331331087ddd55f7c] COMMAND GetElementText {
   "id": "f.FA7F9F0460E8C13CECE7AFB28C7D66DB.d.F32320157E5B0CEF4ABFC456438912E6.e.841"
}
[1744521080.861][INFO]: Waiting for pending navigations...
[1744521080.862][INFO]: Done waiting for pending navigations. Status: ok
[1744521080.871][INFO]: Waiting for pending navigations...
[1744521080.872][INFO]: Done waiting for pending navigations. Status: ok
[1744521080.872][INFO]: [96366644e4e44a0331331087ddd55f7c] RESPONSE GetElementText "5% off"
[1744521080.877][INFO]: [96366644e4e44a0331331087ddd55f7c] COMMAND FindChildElements {
   "id": "f.FA7F9F0460E8C13CECE7AFB28C7D66DB.d.F32320157E5B0CEF4ABFC456438912E6.e.800",
   "using": "xpath",
   "value": ".//div[contains(@class,'KzDlHZ') or contains(@class,'IRpwTa') or contains(@class,'s1Q9rs')]"
}
[1744521080.877][INFO]: Waiting for pending navigations...
[1744521080.878][INFO]: Done waiting for pending navigations. Status: ok
[1744521080.889][INFO]: Waiting for pending navigations...
[1744521080.890][INFO]: Done waiting for pending navigations. Status: ok
[1744521080.890][INFO]: [96366644e4e44a0331331087ddd55f7c] RESPONSE FindChildElements [ {
   "element-6066-11e4-a52e-4f735466cecf": "f.FA7F9F0460E8C13CECE7AFB28C7D66DB.d.F32320157E5B0CEF4ABFC456438912E6.e.842"
} ]
[1744521080.892][INFO]: [96366644e4e44a0331331087ddd55f7c] COMMAND GetElementText {
   "id": "f.FA7F9F0460E8C13CECE7AFB28C7D66DB.d.F32320157E5B0CEF4ABFC456438912E6.e.842"
}
[1744521080.892][INFO]: Waiting for pending navigations...
[1744521080.894][INFO]: Done waiting for pending navigations. Status: ok
[1744521080.904][INFO]: Waiting for pending navigations...
[1744521080.904][INFO]: Done waiting for pending navigations. Status: ok
[1744521080.904][INFO]: [96366644e4e44a0331331087ddd55f7c] RESPONSE GetElementText "Apple iPhone 15 Plus (Pink, 256 GB)"
[1744521080.908][INFO]: [96366644e4e44a0331331087ddd55f7c] COMMAND FindChildElements {
   "id": "f.FA7F9F0460E8C13CECE7AFB28C7D66DB.d.F32320157E5B0CEF4ABFC456438912E6.e.800",
   "using": "xpath",
   "value": ".//*[contains(text(),'% off')]"
}
[1744521080.908][INFO]: Waiting for pending navigations...
[1744521080.909][INFO]: Done waiting for pending navigations. Status: ok
[1744521080.919][INFO]: Waiting for pending navigations...
[1744521080.920][INFO]: Done waiting for pending navigations. Status: ok
[1744521080.920][INFO]: [96366644e4e44a0331331087ddd55f7c] RESPONSE FindChildElements [ {
   "element-6066-11e4-a52e-4f735466cecf": "f.FA7F9F0460E8C13CECE7AFB28C7D66DB.d.F32320157E5B0CEF4ABFC456438912E6.e.843"
} ]
[1744521080.923][INFO]: [96366644e4e44a0331331087ddd55f7c] COMMAND GetElementText {
   "id": "f.FA7F9F0460E8C13CECE7AFB28C7D66DB.d.F32320157E5B0CEF4ABFC456438912E6.e.843"
}
[1744521080.923][INFO]: Waiting for pending navigations...
[1744521080.924][INFO]: Done waiting for pending navigations. Status: ok
[1744521080.932][INFO]: Waiting for pending navigations...
[1744521080.933][INFO]: Done waiting for pending navigations. Status: ok
[1744521080.933][INFO]: [96366644e4e44a0331331087ddd55f7c] RESPONSE GetElementText "5% off"
[1744521080.936][INFO]: [96366644e4e44a0331331087ddd55f7c] COMMAND FindChildElements {
   "id": "f.FA7F9F0460E8C13CECE7AFB28C7D66DB.d.F32320157E5B0CEF4ABFC456438912E6.e.801",
   "using": "xpath",
   "value": ".//div[contains(@class,'KzDlHZ') or contains(@class,'IRpwTa') or contains(@class,'s1Q9rs')]"
}
[1744521080.936][INFO]: Waiting for pending navigations...
[1744521080.937][INFO]: Done waiting for pending navigations. Status: ok
[1744521080.945][INFO]: Waiting for pending navigations...
[1744521080.946][INFO]: Done waiting for pending navigations. Status: ok
[1744521080.946][INFO]: [96366644e4e44a0331331087ddd55f7c] RESPONSE FindChildElements [ {
   "element-6066-11e4-a52e-4f735466cecf": "f.FA7F9F0460E8C13CECE7AFB28C7D66DB.d.F32320157E5B0CEF4ABFC456438912E6.e.844"
} ]
[1744521080.948][INFO]: [96366644e4e44a0331331087ddd55f7c] COMMAND GetElementText {
   "id": "f.FA7F9F0460E8C13CECE7AFB28C7D66DB.d.F32320157E5B0CEF4ABFC456438912E6.e.844"
}
[1744521080.948][INFO]: Waiting for pending navigations...
[1744521080.949][INFO]: Done waiting for pending navigations. Status: ok
[1744521080.955][INFO]: Waiting for pending navigations...
[1744521080.956][INFO]: Done waiting for pending navigations. Status: ok
[1744521080.956][INFO]: [96366644e4e44a0331331087ddd55f7c] RESPONSE GetElementText "Apple iPhone 16 (White, 256 GB)"
[1744521080.958][INFO]: [96366644e4e44a0331331087ddd55f7c] COMMAND FindChildElements {
   "id": "f.FA7F9F0460E8C13CECE7AFB28C7D66DB.d.F32320157E5B0CEF4ABFC456438912E6.e.801",
   "using": "xpath",
   "value": ".//*[contains(text(),'% off')]"
}
[1744521080.959][INFO]: Waiting for pending navigations...
[1744521080.959][INFO]: Done waiting for pending navigations. Status: ok
[1744521080.965][INFO]: Waiting for pending navigations...
[1744521080.966][INFO]: Done waiting for pending navigations. Status: ok
[1744521080.966][INFO]: [96366644e4e44a0331331087ddd55f7c] RESPONSE FindChildElements [ {
   "element-6066-11e4-a52e-4f735466cecf": "f.FA7F9F0460E8C13CECE7AFB28C7D66DB.d.F32320157E5B0CEF4ABFC456438912E6.e.845"
} ]
[1744521080.968][INFO]: [96366644e4e44a0331331087ddd55f7c] COMMAND GetElementText {
   "id": "f.FA7F9F0460E8C13CECE7AFB28C7D66DB.d.F32320157E5B0CEF4ABFC456438912E6.e.845"
}
[1744521080.968][INFO]: Waiting for pending navigations...
[1744521080.968][INFO]: Done waiting for pending navigations. Status: ok
[1744521080.974][INFO]: Waiting for pending navigations...
[1744521080.975][INFO]: Done waiting for pending navigations. Status: ok
[1744521080.975][INFO]: [96366644e4e44a0331331087ddd55f7c] RESPONSE GetElementText "5% off"
[1744521080.978][INFO]: [96366644e4e44a0331331087ddd55f7c] COMMAND FindChildElements {
   "id": "f.FA7F9F0460E8C13CECE7AFB28C7D66DB.d.F32320157E5B0CEF4ABFC456438912E6.e.802",
   "using": "xpath",
   "value": ".//div[contains(@class,'KzDlHZ') or contains(@class,'IRpwTa') or contains(@class,'s1Q9rs')]"
}
[1744521080.978][INFO]: Waiting for pending navigations...
[1744521080.978][INFO]: Done waiting for pending navigations. Status: ok
[1744521080.985][INFO]: Waiting for pending navigations...
[1744521080.986][INFO]: Done waiting for pending navigations. Status: ok
[1744521080.986][INFO]: [96366644e4e44a0331331087ddd55f7c] RESPONSE FindChildElements [ {
   "element-6066-11e4-a52e-4f735466cecf": "f.FA7F9F0460E8C13CECE7AFB28C7D66DB.d.F32320157E5B0CEF4ABFC456438912E6.e.846"
} ]
[1744521080.988][INFO]: [96366644e4e44a0331331087ddd55f7c] COMMAND GetElementText {
   "id": "f.FA7F9F0460E8C13CECE7AFB28C7D66DB.d.F32320157E5B0CEF4ABFC456438912E6.e.846"
}
[1744521080.988][INFO]: Waiting for pending navigations...
[1744521080.989][INFO]: Done waiting for pending navigations. Status: ok
[1744521080.995][INFO]: Waiting for pending navigations...
[1744521080.996][INFO]: Done waiting for pending navigations. Status: ok
[1744521080.996][INFO]: [96366644e4e44a0331331087ddd55f7c] RESPONSE GetElementText "Apple iPhone 15 (Blue, 128 GB)"
[1744521080.998][INFO]: [96366644e4e44a0331331087ddd55f7c] COMMAND FindChildElements {
   "id": "f.FA7F9F0460E8C13CECE7AFB28C7D66DB.d.F32320157E5B0CEF4ABFC456438912E6.e.802",
   "using": "xpath",
   "value": ".//*[contains(text(),'% off')]"
}
[1744521080.998][INFO]: Waiting for pending navigations...
[1744521080.999][INFO]: Done waiting for pending navigations. Status: ok
[1744521081.006][INFO]: Waiting for pending navigations...
[1744521081.007][INFO]: Done waiting for pending navigations. Status: ok
[1744521081.007][INFO]: [96366644e4e44a0331331087ddd55f7c] RESPONSE FindChildElements [ {
   "element-6066-11e4-a52e-4f735466cecf": "f.FA7F9F0460E8C13CECE7AFB28C7D66DB.d.F32320157E5B0CEF4ABFC456438912E6.e.847"
} ]
[1744521081.009][INFO]: [96366644e4e44a0331331087ddd55f7c] COMMAND GetElementText {
   "id": "f.FA7F9F0460E8C13CECE7AFB28C7D66DB.d.F32320157E5B0CEF4ABFC456438912E6.e.847"
}
[1744521081.009][INFO]: Waiting for pending navigations...
[1744521081.010][INFO]: Done waiting for pending navigations. Status: ok
[1744521081.017][INFO]: Waiting for pending navigations...
[1744521081.017][INFO]: Done waiting for pending navigations. Status: ok
[1744521081.017][INFO]: [96366644e4e44a0331331087ddd55f7c] RESPONSE GetElementText "7% off"
[1744521081.019][INFO]: [96366644e4e44a0331331087ddd55f7c] COMMAND FindChildElements {
   "id": "f.FA7F9F0460E8C13CECE7AFB28C7D66DB.d.F32320157E5B0CEF4ABFC456438912E6.e.803",
   "using": "xpath",
   "value": ".//div[contains(@class,'KzDlHZ') or contains(@class,'IRpwTa') or contains(@class,'s1Q9rs')]"
}
[1744521081.019][INFO]: Waiting for pending navigations...
[1744521081.020][INFO]: Done waiting for pending navigations. Status: ok
[1744521081.027][INFO]: Waiting for pending navigations...
[1744521081.028][INFO]: Done waiting for pending navigations. Status: ok
[1744521081.028][INFO]: [96366644e4e44a0331331087ddd55f7c] RESPONSE FindChildElements [ {
   "element-6066-11e4-a52e-4f735466cecf": "f.FA7F9F0460E8C13CECE7AFB28C7D66DB.d.F32320157E5B0CEF4ABFC456438912E6.e.848"
} ]
[1744521081.029][INFO]: [96366644e4e44a0331331087ddd55f7c] COMMAND GetElementText {
   "id": "f.FA7F9F0460E8C13CECE7AFB28C7D66DB.d.F32320157E5B0CEF4ABFC456438912E6.e.848"
}
[1744521081.029][INFO]: Waiting for pending navigations...
[1744521081.030][INFO]: Done waiting for pending navigations. Status: ok
[1744521081.036][INFO]: Waiting for pending navigations...
[1744521081.037][INFO]: Done waiting for pending navigations. Status: ok
[1744521081.037][INFO]: [96366644e4e44a0331331087ddd55f7c] RESPONSE GetElementText "Apple iPhone 13 (Starlight, 512 GB)"
[1744521081.039][INFO]: [96366644e4e44a0331331087ddd55f7c] COMMAND FindChildElements {
   "id": "f.FA7F9F0460E8C13CECE7AFB28C7D66DB.d.F32320157E5B0CEF4ABFC456438912E6.e.803",
   "using": "xpath",
   "value": ".//*[contains(text(),'% off')]"
}
[1744521081.039][INFO]: Waiting for pending navigations...
[1744521081.039][INFO]: Done waiting for pending navigations. Status: ok
[1744521081.046][INFO]: Waiting for pending navigations...
[1744521081.046][INFO]: Done waiting for pending navigations. Status: ok
[1744521081.046][INFO]: [96366644e4e44a0331331087ddd55f7c] RESPONSE FindChildElements [ {
   "element-6066-11e4-a52e-4f735466cecf": "f.FA7F9F0460E8C13CECE7AFB28C7D66DB.d.F32320157E5B0CEF4ABFC456438912E6.e.849"
} ]
[1744521081.048][INFO]: [96366644e4e44a0331331087ddd55f7c] COMMAND GetElementText {
   "id": "f.FA7F9F0460E8C13CECE7AFB28C7D66DB.d.F32320157E5B0CEF4ABFC456438912E6.e.849"
}
[1744521081.048][INFO]: Waiting for pending navigations...
[1744521081.049][INFO]: Done waiting for pending navigations. Status: ok
[1744521081.055][INFO]: Waiting for pending navigations...
[1744521081.055][INFO]: Done waiting for pending navigations. Status: ok
[1744521081.055][INFO]: [96366644e4e44a0331331087ddd55f7c] RESPONSE GetElementText "6% off"
[1744521081.057][INFO]: [96366644e4e44a0331331087ddd55f7c] COMMAND FindChildElements {
   "id": "f.FA7F9F0460E8C13CECE7AFB28C7D66DB.d.F32320157E5B0CEF4ABFC456438912E6.e.804",
   "using": "xpath",
   "value": ".//div[contains(@class,'KzDlHZ') or contains(@class,'IRpwTa') or contains(@class,'s1Q9rs')]"
}
[1744521081.058][INFO]: Waiting for pending navigations...
[1744521081.058][INFO]: Done waiting for pending navigations. Status: ok
[1744521081.064][INFO]: Waiting for pending navigations...
[1744521081.065][INFO]: Done waiting for pending navigations. Status: ok
[1744521081.065][INFO]: [96366644e4e44a0331331087ddd55f7c] RESPONSE FindChildElements [ {
   "element-6066-11e4-a52e-4f735466cecf": "f.FA7F9F0460E8C13CECE7AFB28C7D66DB.d.F32320157E5B0CEF4ABFC456438912E6.e.850"
} ]
[1744521081.067][INFO]: [96366644e4e44a0331331087ddd55f7c] COMMAND GetElementText {
   "id": "f.FA7F9F0460E8C13CECE7AFB28C7D66DB.d.F32320157E5B0CEF4ABFC456438912E6.e.850"
}
[1744521081.067][INFO]: Waiting for pending navigations...
[1744521081.067][INFO]: Done waiting for pending navigations. Status: ok
[1744521081.073][INFO]: Waiting for pending navigations...
[1744521081.074][INFO]: Done waiting for pending navigations. Status: ok
[1744521081.074][INFO]: [96366644e4e44a0331331087ddd55f7c] RESPONSE GetElementText "Apple iPhone 16e (Black, 256 GB)"
[1744521081.076][INFO]: [96366644e4e44a0331331087ddd55f7c] COMMAND FindChildElements {
   "id": "f.FA7F9F0460E8C13CECE7AFB28C7D66DB.d.F32320157E5B0CEF4ABFC456438912E6.e.804",
   "using": "xpath",
   "value": ".//*[contains(text(),'% off')]"
}
[1744521081.076][INFO]: Waiting for pending navigations...
[1744521081.077][INFO]: Done waiting for pending navigations. Status: ok
[1744521091.086][INFO]: Waiting for pending navigations...
[1744521091.088][INFO]: Done waiting for pending navigations. Status: ok
[1744521091.088][INFO]: [96366644e4e44a0331331087ddd55f7c] RESPONSE FindChildElements [  ]
[1744521091.093][INFO]: [96366644e4e44a0331331087ddd55f7c] COMMAND FindChildElements {
   "id": "f.FA7F9F0460E8C13CECE7AFB28C7D66DB.d.F32320157E5B0CEF4ABFC456438912E6.e.805",
   "using": "xpath",
   "value": ".//div[contains(@class,'KzDlHZ') or contains(@class,'IRpwTa') or contains(@class,'s1Q9rs')]"
}
[1744521091.093][INFO]: Waiting for pending navigations...
[1744521091.095][INFO]: Done waiting for pending navigations. Status: ok
[1744521091.111][INFO]: Waiting for pending navigations...
[1744521091.113][INFO]: Done waiting for pending navigations. Status: ok
[1744521091.113][INFO]: [96366644e4e44a0331331087ddd55f7c] RESPONSE FindChildElements [ {
   "element-6066-11e4-a52e-4f735466cecf": "f.FA7F9F0460E8C13CECE7AFB28C7D66DB.d.F32320157E5B0CEF4ABFC456438912E6.e.851"
} ]
[1744521091.117][INFO]: [96366644e4e44a0331331087ddd55f7c] COMMAND GetElementText {
   "id": "f.FA7F9F0460E8C13CECE7AFB28C7D66DB.d.F32320157E5B0CEF4ABFC456438912E6.e.851"
}
[1744521091.117][INFO]: Waiting for pending navigations...
[1744521091.119][INFO]: Done waiting for pending navigations. Status: ok
[1744521091.136][INFO]: Waiting for pending navigations...
[1744521091.137][INFO]: Done waiting for pending navigations. Status: ok
[1744521091.137][INFO]: [96366644e4e44a0331331087ddd55f7c] RESPONSE GetElementText "Apple iPhone 16 Pro (Natural Titanium, 128 GB)"
[1744521091.142][INFO]: [96366644e4e44a0331331087ddd55f7c] COMMAND FindChildElements {
   "id": "f.FA7F9F0460E8C13CECE7AFB28C7D66DB.d.F32320157E5B0CEF4ABFC456438912E6.e.805",
   "using": "xpath",
   "value": ".//*[contains(text(),'% off')]"
}
[1744521091.142][INFO]: Waiting for pending navigations...
[1744521091.144][INFO]: Done waiting for pending navigations. Status: ok
[1744521091.161][INFO]: Waiting for pending navigations...
[1744521091.163][INFO]: Done waiting for pending navigations. Status: ok
[1744521091.163][INFO]: [96366644e4e44a0331331087ddd55f7c] RESPONSE FindChildElements [ {
   "element-6066-11e4-a52e-4f735466cecf": "f.FA7F9F0460E8C13CECE7AFB28C7D66DB.d.F32320157E5B0CEF4ABFC456438912E6.e.852"
} ]
[1744521091.167][INFO]: [96366644e4e44a0331331087ddd55f7c] COMMAND GetElementText {
   "id": "f.FA7F9F0460E8C13CECE7AFB28C7D66DB.d.F32320157E5B0CEF4ABFC456438912E6.e.852"
}
[1744521091.167][INFO]: Waiting for pending navigations...
[1744521091.169][INFO]: Done waiting for pending navigations. Status: ok
[1744521091.221][INFO]: Waiting for pending navigations...
[1744521091.324][INFO]: Done waiting for pending navigations. Status: ok
[1744521091.324][INFO]: [96366644e4e44a0331331087ddd55f7c] RESPONSE GetElementText "5% off"
[1744521091.331][INFO]: [96366644e4e44a0331331087ddd55f7c] COMMAND FindChildElements {
   "id": "f.FA7F9F0460E8C13CECE7AFB28C7D66DB.d.F32320157E5B0CEF4ABFC456438912E6.e.806",
   "using": "xpath",
   "value": ".//div[contains(@class,'KzDlHZ') or contains(@class,'IRpwTa') or contains(@class,'s1Q9rs')]"
}
[1744521091.331][INFO]: Waiting for pending navigations...
[1744521091.334][INFO]: Done waiting for pending navigations. Status: ok
[1744521091.353][INFO]: Waiting for pending navigations...
[1744521091.354][INFO]: Done waiting for pending navigations. Status: ok
[1744521091.354][INFO]: [96366644e4e44a0331331087ddd55f7c] RESPONSE FindChildElements [ {
   "element-6066-11e4-a52e-4f735466cecf": "f.FA7F9F0460E8C13CECE7AFB28C7D66DB.d.F32320157E5B0CEF4ABFC456438912E6.e.853"
} ]
[1744521091.357][INFO]: [96366644e4e44a0331331087ddd55f7c] COMMAND GetElementText {
   "id": "f.FA7F9F0460E8C13CECE7AFB28C7D66DB.d.F32320157E5B0CEF4ABFC456438912E6.e.853"
}
[1744521091.357][INFO]: Waiting for pending navigations...
[1744521091.359][INFO]: Done waiting for pending navigations. Status: ok
[1744521091.371][INFO]: Waiting for pending navigations...
[1744521091.372][INFO]: Done waiting for pending navigations. Status: ok
[1744521091.372][INFO]: [96366644e4e44a0331331087ddd55f7c] RESPONSE GetElementText "Apple iPhone 16 (Black, 256 GB)"
[1744521091.376][INFO]: [96366644e4e44a0331331087ddd55f7c] COMMAND FindChildElements {
   "id": "f.FA7F9F0460E8C13CECE7AFB28C7D66DB.d.F32320157E5B0CEF4ABFC456438912E6.e.806",
   "using": "xpath",
   "value": ".//*[contains(text(),'% off')]"
}
[1744521091.376][INFO]: Waiting for pending navigations...
[1744521091.377][INFO]: Done waiting for pending navigations. Status: ok
[1744521091.387][INFO]: Waiting for pending navigations...
[1744521091.388][INFO]: Done waiting for pending navigations. Status: ok
[1744521091.388][INFO]: [96366644e4e44a0331331087ddd55f7c] RESPONSE FindChildElements [ {
   "element-6066-11e4-a52e-4f735466cecf": "f.FA7F9F0460E8C13CECE7AFB28C7D66DB.d.F32320157E5B0CEF4ABFC456438912E6.e.854"
} ]
[1744521091.390][INFO]: [96366644e4e44a0331331087ddd55f7c] COMMAND GetElementText {
   "id": "f.FA7F9F0460E8C13CECE7AFB28C7D66DB.d.F32320157E5B0CEF4ABFC456438912E6.e.854"
}
[1744521091.390][INFO]: Waiting for pending navigations...
[1744521091.391][INFO]: Done waiting for pending navigations. Status: ok
[1744521091.397][INFO]: Waiting for pending navigations...
[1744521091.398][INFO]: Done waiting for pending navigations. Status: ok
[1744521091.398][INFO]: [96366644e4e44a0331331087ddd55f7c] RESPONSE GetElementText "5% off"
[1744521091.401][INFO]: [96366644e4e44a0331331087ddd55f7c] COMMAND FindChildElements {
   "id": "f.FA7F9F0460E8C13CECE7AFB28C7D66DB.d.F32320157E5B0CEF4ABFC456438912E6.e.807",
   "using": "xpath",
   "value": ".//div[contains(@class,'KzDlHZ') or contains(@class,'IRpwTa') or contains(@class,'s1Q9rs')]"
}
[1744521091.401][INFO]: Waiting for pending navigations...
[1744521091.402][INFO]: Done waiting for pending navigations. Status: ok
[1744521091.408][INFO]: Waiting for pending navigations...
[1744521091.409][INFO]: Done waiting for pending navigations. Status: ok
[1744521091.409][INFO]: [96366644e4e44a0331331087ddd55f7c] RESPONSE FindChildElements [ {
   "element-6066-11e4-a52e-4f735466cecf": "f.FA7F9F0460E8C13CECE7AFB28C7D66DB.d.F32320157E5B0CEF4ABFC456438912E6.e.855"
} ]
[1744521091.411][INFO]: [96366644e4e44a0331331087ddd55f7c] COMMAND GetElementText {
   "id": "f.FA7F9F0460E8C13CECE7AFB28C7D66DB.d.F32320157E5B0CEF4ABFC456438912E6.e.855"
}
[1744521091.411][INFO]: Waiting for pending navigations...
[1744521091.412][INFO]: Done waiting for pending navigations. Status: ok
[1744521091.419][INFO]: Waiting for pending navigations...
[1744521091.420][INFO]: Done waiting for pending navigations. Status: ok
[1744521091.420][INFO]: [96366644e4e44a0331331087ddd55f7c] RESPONSE GetElementText "Apple iPhone 16 Plus (Ultramarine, 128 GB)"
[1744521091.423][INFO]: [96366644e4e44a0331331087ddd55f7c] COMMAND FindChildElements {
   "id": "f.FA7F9F0460E8C13CECE7AFB28C7D66DB.d.F32320157E5B0CEF4ABFC456438912E6.e.807",
   "using": "xpath",
   "value": ".//*[contains(text(),'% off')]"
}
[1744521091.423][INFO]: Waiting for pending navigations...
[1744521091.424][INFO]: Done waiting for pending navigations. Status: ok
[1744521091.431][INFO]: Waiting for pending navigations...
[1744521091.431][INFO]: Done waiting for pending navigations. Status: ok
[1744521091.431][INFO]: [96366644e4e44a0331331087ddd55f7c] RESPONSE FindChildElements [ {
   "element-6066-11e4-a52e-4f735466cecf": "f.FA7F9F0460E8C13CECE7AFB28C7D66DB.d.F32320157E5B0CEF4ABFC456438912E6.e.856"
} ]
[1744521091.433][INFO]: [96366644e4e44a0331331087ddd55f7c] COMMAND GetElementText {
   "id": "f.FA7F9F0460E8C13CECE7AFB28C7D66DB.d.F32320157E5B0CEF4ABFC456438912E6.e.856"
}
[1744521091.434][INFO]: Waiting for pending navigations...
[1744521091.434][INFO]: Done waiting for pending navigations. Status: ok
[1744521091.441][INFO]: Waiting for pending navigations...
[1744521091.441][INFO]: Done waiting for pending navigations. Status: ok
[1744521091.442][INFO]: [96366644e4e44a0331331087ddd55f7c] RESPONSE GetElementText "5% off"
[1744521091.445][INFO]: [96366644e4e44a0331331087ddd55f7c] COMMAND Navigate {
   "url": "https://www.flipkart.com/"
}
[1744521091.445][INFO]: Waiting for pending navigations...
[1744521091.445][INFO]: Done waiting for pending navigations. Status: ok
[1744521091.969][INFO]: Waiting for pending navigations...
[1744521093.733][INFO]: Done waiting for pending navigations. Status: ok
[1744521093.733][INFO]: [96366644e4e44a0331331087ddd55f7c] RESPONSE Navigate
[1744521095.739][INFO]: [96366644e4e44a0331331087ddd55f7c] COMMAND FindElement {
   "using": "xpath",
   "value": "//div[contains(@class,'JFPqaw')]/span"
}
[1744521095.741][INFO]: Waiting for pending navigations...
[1744521095.748][INFO]: Done waiting for pending navigations. Status: ok
[1744521105.775][INFO]: Waiting for pending navigations...
[1744521105.776][INFO]: Done waiting for pending navigations. Status: ok
[1744521105.776][INFO]: [96366644e4e44a0331331087ddd55f7c] RESPONSE FindElement ERROR no such element: Unable to locate element: {"method":"xpath","selector":"//div[contains(@class,'JFPqaw')]/span"}
  (Session info: chrome=135.0.7049.84)
[1744521105.783][INFO]: [96366644e4e44a0331331087ddd55f7c] COMMAND FindElement {
   "using": "xpath",
   "value": "//input[@class='Pke_EE']"
}
[1744521105.783][INFO]: Waiting for pending navigations...
[1744521105.784][INFO]: Done waiting for pending navigations. Status: ok
[1744521105.809][INFO]: Waiting for pending navigations...
[1744521105.812][INFO]: Done waiting for pending navigations. Status: ok
[1744521105.812][INFO]: [96366644e4e44a0331331087ddd55f7c] RESPONSE FindElement {
   "element-6066-11e4-a52e-4f735466cecf": "f.FA7F9F0460E8C13CECE7AFB28C7D66DB.d.D898C3A919BE8FC4E1D1758BC60A6407.e.897"
}
[1744521105.827][INFO]: [96366644e4e44a0331331087ddd55f7c] COMMAND ExecuteScript {
   "args": [ {
      "element-6066-11e4-a52e-4f735466cecf": "f.FA7F9F0460E8C13CECE7AFB28C7D66DB.d.D898C3A919BE8FC4E1D1758BC60A6407.e.897"
   } ],
   "script": "/* isDisplayed */return (function(){return (function(){var g=this||self;\nfunction aa(a){var b=typeof a;if(\"object\"==b)if(a){if(a instanceof Array)return\"array\";if(a instanceof Object)return b;var c=Object.prototype.toString.call(a);if(\"[object Window]\"==c)return\"object\";if(\"[object Array]\"==c||\"number\"==typeof a.length&&\"undefined\"!=typeof a.splice&&\"undefined\"!=typeof a.propertyIsEnumerable&&!a.propertyIsEnumerable(\"splice\"))return\"array\";if(\"[object Function]\"==c||\"undefined\"!=typeof a.call&&\"undefined\"!=typeof a.propertyIsEnumerable&&!a.propertyIsEnumerable(\"call\"))return\"function\"}else return\"null\";else if(\"function\"==\nb&&\"undefined\"==typeof a.call)return\"object\";return b}function ca(a,b){function c(){}c.prototype=b.prototype;a.prototype=new c;a.prototype.constructor=a};var da=Array.prototype.indexOf?function(a,b){return Array.prototype.indexOf.call(a,b,void 0)}:function(a,b){if(\"string\"===typeof a)return\"string\"!==typeof b||1!=b.length?-1:a.indexOf(b,0);for(var c=0;c\u003Ca.length;c++)if(c in a&&a[c]===b)return c;return-1},ea=Array.prototype.some?function(a,b){return Array.prototype.some.call(a,b,void 0)}:function(a,b){for(var c=a.length,e=\"string\"===typeof a?a.split(\"\"):a,d=0;d\u003Cc;d++)if(d in e&&b.call(void 0,e[d],d,a))return!0;return!1},fa=Array.prototype.every?function(a,\nb){return Array.prototype.every.call(a,b,void 0)}:function(a,b){for(var c=a.length,e=\"string\"===typeof a?a.split(\"\"):a,d=0;d\u003Cc;d++)if(d in e&&!b.call(void 0,e[d],d,a))return!1;return!0};var ha={aliceblue:\"#f0f8ff\",antiquewhite:\"#faebd7\",aqua:\"#00ffff\",aquamarine:\"#7fffd4\",azure:\"#f0ffff\",beige:\"#f5f5dc\",bisque:\"#ffe4c4\",black:\"#000000\",blanchedalmond:\"#ffebcd\",blue:\"#0000ff\",blueviolet:\"#8a2be2\",brown:\"#a52a2a\",burlywood:\"#deb887\",cadetblue:\"#5f9ea0\",chartreuse:\"#7fff00\",chocolate:\"#d2691e\",coral:\"#ff7f50\",cornflowerblue:\"#6495ed\",cornsilk:\"#fff8dc\",crimson:\"#dc143c\",cyan:\"#00ffff\",darkblue:\"#00008b\",darkcyan:\"#008b8b\",darkgoldenrod:\"#b8860b\",darkgray:\"#a9a9a9\",darkgreen:\"#006400\",\ndarkgrey:\"#a9a9a9\",darkkhaki:\"#bdb76b\",darkmagenta:\"#8b008b\",darkolivegreen:\"#556b2f\",darkorange:\"#ff8c00\",darkorchid:\"#9932cc\",darkred:\"#8b0000\",darksalmon:\"#e9967a\",darkseagreen:\"#8fbc8f\",darkslateblue:\"#483d8b\",darkslategray:\"#2f4f4f\",darkslategrey:\"#2f4f4f\",darkturquoise:\"#00ced1\",darkviolet:\"#9400d3\",deeppink:\"#ff1493\",deepskyblue:\"#00bfff\",dimgray:\"#696969\",dimgrey:\"#696969\",dodgerblue:\"#1e90ff\",firebrick:\"#b22222\",floralwhite:\"#fffaf0\",forestgreen:\"#228b22\",fuchsia:\"#ff00ff\",gainsboro:\"#dcdcdc\",\nghostwhite:\"#f8f8ff\",gold:\"#ffd700\",goldenrod:\"#daa520\",gray:\"#808080\",green:\"#008000\",greenyellow:\"#adff2f\",grey:\"#808080\",honeydew:\"#f0fff0\",hotpink:\"#ff69b4\",indianred:\"#cd5c5c\",indigo:\"#4b0082\",ivory:\"#fffff0\",khaki:\"#f0e68c\",lavender:\"#e6e6fa\",lavenderblush:\"#fff0f5\",lawngreen:\"#7cfc00\",lemonchiffon:\"#fffacd\",lightblue:\"#add8e6\",lightcoral:\"#f08080\",lightcyan:\"#e0ffff\",lightgoldenrodyellow:\"#fafad2\",lightgray:\"#d3d3d3\",lightgreen:\"#90ee90\",lightgrey:\"#d3d3d3\",lightpink:\"#ffb6c1\",lightsalmon:\"#ffa07a\",\nlightseagreen:\"#20b2aa\",lightskyblue:\"#87cefa\",lightslategray:\"#778899\",lightslategrey:\"#778899\",lightsteelblue:\"#b0c4de\",lightyellow:\"#ffffe0\",lime:\"#00ff00\",limegreen:\"#32cd32\",linen:\"#faf0e6\",magenta:\"#ff00ff\",maroon:\"#800000\",mediumaquamarine:\"#66cdaa\",mediumblue:\"#0000cd\",mediumorchid:\"#ba55d3\",mediumpurple:\"#9370db\",mediumseagreen:\"#3cb371\",mediumslateblue:\"#7b68ee\",mediumspringgreen:\"#00fa9a\",mediumturquoise:\"#48d1cc\",mediumvioletred:\"#c71585\",midnightblue:\"#191970\",mintcream:\"#f5fffa\",mistyrose:\"#ffe4e1\",\nmoccasin:\"#ffe4b5\",navajowhite:\"#ffdead\",navy:\"#000080\",oldlace:\"#fdf5e6\",olive:\"#808000\",olivedrab:\"#6b8e23\",orange:\"#ffa500\",orangered:\"#ff4500\",orchid:\"#da70d6\",palegoldenrod:\"#eee8aa\",palegreen:\"#98fb98\",paleturquoise:\"#afeeee\",palevioletred:\"#db7093\",papayawhip:\"#ffefd5\",peachpuff:\"#ffdab9\",peru:\"#cd853f\",pink:\"#ffc0cb\",plum:\"#dda0dd\",powderblue:\"#b0e0e6\",purple:\"#800080\",red:\"#ff0000\",rosybrown:\"#bc8f8f\",royalblue:\"#4169e1\",saddlebrown:\"#8b4513\",salmon:\"#fa8072\",sandybrown:\"#f4a460\",seagreen:\"#2e8b57\",\nseashell:\"#fff5ee\",sienna:\"#a0522d\",silver:\"#c0c0c0\",skyblue:\"#87ceeb\",slateblue:\"#6a5acd\",slategray:\"#708090\",slategrey:\"#708090\",snow:\"#fffafa\",springgreen:\"#00ff7f\",steelblue:\"#4682b4\",tan:\"#d2b48c\",teal:\"#008080\",thistle:\"#d8bfd8\",tomato:\"#ff6347\",turquoise:\"#40e0d0\",violet:\"#ee82ee\",wheat:\"#f5deb3\",white:\"#ffffff\",whitesmoke:\"#f5f5f5\",yellow:\"#ffff00\",yellowgreen:\"#9acd32\"};var ia=\"backgroundColor borderTopColor borderRightColor borderBottomColor borderLeftColor color outlineColor\".split(\" \"),ja=/#([0-9a-fA-F])([0-9a-fA-F])([0-9a-fA-F])/,ka=/^#(?:[0-9a-f]{3}){1,2}$/i,la=/^(?:rgba)?\\((\\d{1,3}),\\s?(\\d{1,3}),\\s?(\\d{1,3}),\\s?(0|1|0\\.\\d*)\\)$/i,ma=/^(?:rgb)?\\((0|[1-9]\\d{0,2}),\\s?(0|[1-9]\\d{0,2}),\\s?(0|[1-9]\\d{0,2})\\)$/i;function m(a,b){this.code=a;this.a=p[a]||r;this.message=b||\"\";a=this.a.replace(/((?:^|\\s+)[a-z])/g,function(c){return c.toUpperCase().replace(/^[\\s\\xa0]+/g,\"\")});b=a.length-5;if(0>b||a.indexOf(\"Error\",b)!=b)a+=\"Error\";this.name=a;a=Error(this.message);a.name=this.name;this.stack=a.stack||\"\"}ca(m,Error);var r=\"unknown error\",p={15:\"element not selectable\",11:\"element not visible\"};p[31]=r;p[30]=r;p[24]=\"invalid cookie domain\";p[29]=\"invalid element coordinates\";p[12]=\"invalid element state\";\np[32]=\"invalid selector\";p[51]=\"invalid selector\";p[52]=\"invalid selector\";p[17]=\"javascript error\";p[405]=\"unsupported operation\";p[34]=\"move target out of bounds\";p[27]=\"no such alert\";p[7]=\"no such element\";p[8]=\"no such frame\";p[23]=\"no such window\";p[28]=\"script timeout\";p[33]=\"session not created\";p[10]=\"stale element reference\";p[21]=\"timeout\";p[25]=\"unable to set cookie\";p[26]=\"unexpected alert open\";p[13]=r;p[9]=\"unknown command\";var u=String.prototype.trim?function(a){return a.trim()}:function(a){return/^[\\s\\xa0]*([\\s\\S]*?)[\\s\\xa0]*$/.exec(a)[1]};\nfunction na(a,b){var c=0;a=u(String(a)).split(\".\");b=u(String(b)).split(\".\");for(var e=Math.max(a.length,b.length),d=0;0==c&&d\u003Ce;d++){var f=a[d]||\"\",h=b[d]||\"\";do{f=/(\\d*)(\\D*)(.*)/.exec(f)||[\"\",\"\",\"\",\"\"];h=/(\\d*)(\\D*)(.*)/.exec(h)||[\"\",\"\",\"\",\"\"];if(0==f[0].length&&0==h[0].length)break;c=v(0==f[1].length?0:parseInt(f[1],10),0==h[1].length?0:parseInt(h[1],10))||v(0==f[2].length,0==h[2].length)||v(f[2],h[2]);f=f[3];h=h[3]}while(0==c)}return c}function v(a,b){return a\u003Cb?-1:a>b?1:0};var w;a:{var oa=g.navigator;if(oa){var sa=oa.userAgent;if(sa){w=sa;break a}}w=\"\"}function x(a){return-1!=w.indexOf(a)};function y(){return x(\"Firefox\")||x(\"FxiOS\")}function A(){return(x(\"Chrome\")||x(\"CriOS\"))&&!x(\"Edge\")};function ta(a){return String(a).replace(/\\-([a-z])/g,function(b,c){return c.toUpperCase()})};function B(){return x(\"iPhone\")&&!x(\"iPod\")&&!x(\"iPad\")};function ua(a,b){var c=va;return Object.prototype.hasOwnProperty.call(c,a)?c[a]:c[a]=b(a)};var wa=x(\"Opera\"),C=x(\"Trident\")||x(\"MSIE\"),xa=x(\"Edge\"),ya=x(\"Gecko\")&&!(-1!=w.toLowerCase().indexOf(\"webkit\")&&!x(\"Edge\"))&&!(x(\"Trident\")||x(\"MSIE\"))&&!x(\"Edge\"),za=-1!=w.toLowerCase().indexOf(\"webkit\")&&!x(\"Edge\");function Aa(){var a=g.document;return a?a.documentMode:void 0}var E;\na:{var F=\"\",G=function(){var a=w;if(ya)return/rv:([^\\);]+)(\\)|;)/.exec(a);if(xa)return/Edge\\/([\\d\\.]+)/.exec(a);if(C)return/\\b(?:MSIE|rv)[: ]([^\\);]+)(\\)|;)/.exec(a);if(za)return/WebKit\\/(\\S+)/.exec(a);if(wa)return/(?:Version)[ \\/]?(\\S+)/.exec(a)}();G&&(F=G?G[1]:\"\");if(C){var H=Aa();if(null!=H&&H>parseFloat(F)){E=String(H);break a}}E=F}var va={};function Ba(a){return ua(a,function(){return 0\u003C=na(E,a)})}var I;I=g.document&&C?Aa():void 0;var Ca=y(),Da=B()||x(\"iPod\"),Ea=x(\"iPad\"),Fa=x(\"Android\")&&!(A()||y()||x(\"Opera\")||x(\"Silk\")),Ga=A(),Ha=x(\"Safari\")&&!(A()||x(\"Coast\")||x(\"Opera\")||x(\"Edge\")||x(\"Edg/\")||x(\"OPR\")||y()||x(\"Silk\")||x(\"Android\"))&&!(B()||x(\"iPad\")||x(\"iPod\"));function J(a){return(a=a.exec(w))?a[1]:\"\"}(function(){if(Ca)return J(/Firefox\\/([0-9.]+)/);if(C||xa||wa)return E;if(Ga)return B()||x(\"iPad\")||x(\"iPod\")?J(/CriOS\\/([0-9.]+)/):J(/Chrome\\/([0-9.]+)/);if(Ha&&!(B()||x(\"iPad\")||x(\"iPod\")))return J(/Version\\/([0-9.]+)/);if(Da||Ea){var a=/Version\\/(\\S+).*Mobile\\/(\\S+)/.exec(w);if(a)return a[1]+\".\"+a[2]}else if(Fa)return(a=J(/Android\\s+([0-9.]+)/))?a:J(/Version\\/([0-9.]+)/);return\"\"})();var K;if(K=C)K=!(9\u003C=Number(I));var Ia=K;function L(a,b){this.x=void 0!==a?a:0;this.y=void 0!==b?b:0}L.prototype.ceil=function(){this.x=Math.ceil(this.x);this.y=Math.ceil(this.y);return this};L.prototype.floor=function(){this.x=Math.floor(this.x);this.y=Math.floor(this.y);return this};L.prototype.round=function(){this.x=Math.round(this.x);this.y=Math.round(this.y);return this};function M(a,b){this.width=a;this.height=b}M.prototype.aspectRatio=function(){return this.width/this.height};M.prototype.ceil=function(){this.width=Math.ceil(this.width);this.height=Math.ceil(this.height);return this};M.prototype.floor=function(){this.width=Math.floor(this.width);this.height=Math.floor(this.height);return this};M.prototype.round=function(){this.width=Math.round(this.width);this.height=Math.round(this.height);return this};function N(a){return 9==a.nodeType?a:a.ownerDocument||a.document}function Ja(a,b){a&&(a=a.parentNode);for(var c=0;a;){if(b(a))return a;a=a.parentNode;c++}return null}function Ka(a){this.a=a||g.document||document};function P(a,b){b&&\"string\"!==typeof b&&(b=b.toString());return!!a&&1==a.nodeType&&(!b||a.tagName.toUpperCase()==b)};function Q(a,b,c,e){this.f=a;this.a=b;this.b=c;this.c=e}Q.prototype.ceil=function(){this.f=Math.ceil(this.f);this.a=Math.ceil(this.a);this.b=Math.ceil(this.b);this.c=Math.ceil(this.c);return this};Q.prototype.floor=function(){this.f=Math.floor(this.f);this.a=Math.floor(this.a);this.b=Math.floor(this.b);this.c=Math.floor(this.c);return this};Q.prototype.round=function(){this.f=Math.round(this.f);this.a=Math.round(this.a);this.b=Math.round(this.b);this.c=Math.round(this.c);return this};function R(a,b,c,e){this.a=a;this.b=b;this.width=c;this.height=e}R.prototype.ceil=function(){this.a=Math.ceil(this.a);this.b=Math.ceil(this.b);this.width=Math.ceil(this.width);this.height=Math.ceil(this.height);return this};R.prototype.floor=function(){this.a=Math.floor(this.a);this.b=Math.floor(this.b);this.width=Math.floor(this.width);this.height=Math.floor(this.height);return this};\nR.prototype.round=function(){this.a=Math.round(this.a);this.b=Math.round(this.b);this.width=Math.round(this.width);this.height=Math.round(this.height);return this};var La=\"function\"===typeof ShadowRoot;function S(a){for(a=a.parentNode;a&&1!=a.nodeType&&9!=a.nodeType&&11!=a.nodeType;)a=a.parentNode;return P(a)?a:null}\nfunction T(a,b){b=ta(b);if(\"float\"==b||\"cssFloat\"==b||\"styleFloat\"==b)b=Ia?\"styleFloat\":\"cssFloat\";a:{var c=b;var e=N(a);if(e.defaultView&&e.defaultView.getComputedStyle&&(e=e.defaultView.getComputedStyle(a,null))){c=e[c]||e.getPropertyValue(c)||\"\";break a}c=\"\"}a=c||Ma(a,b);if(null===a)a=null;else if(0\u003C=da(ia,b)){b:{var d=a.match(la);if(d&&(b=Number(d[1]),c=Number(d[2]),e=Number(d[3]),d=Number(d[4]),0\u003C=b&&255>=b&&0\u003C=c&&255>=c&&0\u003C=e&&255>=e&&0\u003C=d&&1>=d)){b=[b,c,e,d];break b}b=null}if(!b)b:{if(e=a.match(ma))if(b=\nNumber(e[1]),c=Number(e[2]),e=Number(e[3]),0\u003C=b&&255>=b&&0\u003C=c&&255>=c&&0\u003C=e&&255>=e){b=[b,c,e,1];break b}b=null}if(!b)b:{b=a.toLowerCase();c=ha[b.toLowerCase()];if(!c&&(c=\"#\"==b.charAt(0)?b:\"#\"+b,4==c.length&&(c=c.replace(ja,\"#$1$1$2$2$3$3\")),!ka.test(c))){b=null;break b}b=[parseInt(c.substr(1,2),16),parseInt(c.substr(3,2),16),parseInt(c.substr(5,2),16),1]}a=b?\"rgba(\"+b.join(\", \")+\")\":a}return a}\nfunction Ma(a,b){var c=a.currentStyle||a.style,e=c[b];void 0===e&&\"function\"==aa(c.getPropertyValue)&&(e=c.getPropertyValue(b));return\"inherit\"!=e?void 0!==e?e:null:(a=S(a))?Ma(a,b):null}\nfunction U(a,b,c){function e(h){var n=V(h);return 0\u003Cn.height&&0\u003Cn.width?!0:P(h,\"PATH\")&&(0\u003Cn.height||0\u003Cn.width)?(h=T(h,\"stroke-width\"),!!h&&0\u003CparseInt(h,10)):\"hidden\"!=T(h,\"overflow\")&&ea(h.childNodes,function(D){return 3==D.nodeType||P(D)&&e(D)})}function d(h){return Na(h)==W&&fa(h.childNodes,function(n){return!P(n)||d(n)||!e(n)})}if(!P(a))throw Error(\"Argument to isShown must be of type Element\");if(P(a,\"BODY\"))return!0;if(P(a,\"OPTION\")||P(a,\"OPTGROUP\"))return a=Ja(a,function(h){return P(h,\"SELECT\")}),\n!!a&&U(a,!0,c);var f=Oa(a);if(f)return!!f.image&&0\u003Cf.rect.width&&0\u003Cf.rect.height&&U(f.image,b,c);if(P(a,\"INPUT\")&&\"hidden\"==a.type.toLowerCase()||P(a,\"NOSCRIPT\"))return!1;f=T(a,\"visibility\");return\"collapse\"!=f&&\"hidden\"!=f&&c(a)&&(b||0!=Pa(a))&&e(a)?!d(a):!1}var W=\"hidden\";\nfunction Na(a){function b(k){function l(ba){if(ba==h)return!0;var pa=T(ba,\"display\");return 0==pa.lastIndexOf(\"inline\",0)||\"contents\"==pa||\"absolute\"==qa&&\"static\"==T(ba,\"position\")?!1:!0}var qa=T(k,\"position\");if(\"fixed\"==qa)return ra=!0,k==h?null:h;for(k=S(k);k&&!l(k);)k=S(k);return k}function c(k){var l=k;if(\"visible\"==D)if(k==h&&n)l=n;else if(k==n)return{x:\"visible\",y:\"visible\"};l={x:T(l,\"overflow-x\"),y:T(l,\"overflow-y\")};k==h&&(l.x=\"visible\"==l.x?\"auto\":l.x,l.y=\"visible\"==l.y?\"auto\":l.y);return l}\nfunction e(k){if(k==h){var l=(new Ka(f)).a;k=l.scrollingElement?l.scrollingElement:za||\"CSS1Compat\"!=l.compatMode?l.body||l.documentElement:l.documentElement;l=l.parentWindow||l.defaultView;k=C&&Ba(\"10\")&&l.pageYOffset!=k.scrollTop?new L(k.scrollLeft,k.scrollTop):new L(l.pageXOffset||k.scrollLeft,l.pageYOffset||k.scrollTop)}else k=new L(k.scrollLeft,k.scrollTop);return k}var d=Qa(a),f=N(a),h=f.documentElement,n=f.body,D=T(h,\"overflow\"),ra;for(a=b(a);a;a=b(a)){var q=c(a);if(\"visible\"!=q.x||\"visible\"!=\nq.y){var t=V(a);if(0==t.width||0==t.height)return W;var z=d.a\u003Ct.a,O=d.b\u003Ct.b;if(z&&\"hidden\"==q.x||O&&\"hidden\"==q.y)return W;if(z&&\"visible\"!=q.x||O&&\"visible\"!=q.y){z=e(a);O=d.b\u003Ct.b-z.y;if(d.a\u003Ct.a-z.x&&\"visible\"!=q.x||O&&\"visible\"!=q.x)return W;d=Na(a);return d==W?W:\"scroll\"}z=d.c>=t.a+t.width;t=d.f>=t.b+t.height;if(z&&\"hidden\"==q.x||t&&\"hidden\"==q.y)return W;if(z&&\"visible\"!=q.x||t&&\"visible\"!=q.y){if(ra&&(q=e(a),d.c>=h.scrollWidth-q.x||d.a>=h.scrollHeight-q.y))return W;d=Na(a);return d==W?W:\"scroll\"}}}return\"none\"}\nfunction V(a){var b=Oa(a);if(b)return b.rect;if(P(a,\"HTML\"))return a=N(a),a=((a?a.parentWindow||a.defaultView:window)||window).document,a=\"CSS1Compat\"==a.compatMode?a.documentElement:a.body,a=new M(a.clientWidth,a.clientHeight),new R(0,0,a.width,a.height);try{var c=a.getBoundingClientRect()}catch(e){return new R(0,0,0,0)}b=new R(c.left,c.top,c.right-c.left,c.bottom-c.top);C&&a.ownerDocument.body&&(a=N(a),b.a-=a.documentElement.clientLeft+a.body.clientLeft,b.b-=a.documentElement.clientTop+a.body.clientTop);\nreturn b}\nfunction Oa(a){var b=P(a,\"MAP\");if(!b&&!P(a,\"AREA\"))return null;var c=b?a:P(a.parentNode,\"MAP\")?a.parentNode:null,e=null,d=null;if(c&&c.name){e='*[usemap=\"#'+c.name+'\"]';c=N(c);var f;if(f=\"function\"!=aa(c.querySelector)&&C&&(C?0\u003C=na(I,8):Ba(8))){f=c.querySelector;var h=typeof f;f=!(\"object\"==h&&null!=f||\"function\"==h)}if(f)throw Error(\"CSS selection is not supported\");if(!e)throw new m(32,\"No selector specified\");e=u(e);try{var n=c.querySelector(e)}catch(D){throw new m(32,\"An invalid or illegal selector was specified\");}if(e=\nn&&1==n.nodeType?n:null)d=V(e),b||\"default\"==a.shape.toLowerCase()||(a=Ra(a),b=Math.min(Math.max(a.a,0),d.width),n=Math.min(Math.max(a.b,0),d.height),d=new R(b+d.a,n+d.b,Math.min(a.width,d.width-b),Math.min(a.height,d.height-n)))}return{image:e,rect:d||new R(0,0,0,0)}}\nfunction Ra(a){var b=a.shape.toLowerCase();a=a.coords.split(\",\");if(\"rect\"==b&&4==a.length){b=a[0];var c=a[1];return new R(b,c,a[2]-b,a[3]-c)}if(\"circle\"==b&&3==a.length)return b=a[2],new R(a[0]-b,a[1]-b,2*b,2*b);if(\"poly\"==b&&2\u003Ca.length){b=a[0];c=a[1];for(var e=b,d=c,f=2;f+1\u003Ca.length;f+=2)b=Math.min(b,a[f]),e=Math.max(e,a[f]),c=Math.min(c,a[f+1]),d=Math.max(d,a[f+1]);return new R(b,c,e-b,d-c)}return new R(0,0,0,0)}function Qa(a){a=V(a);return new Q(a.b,a.a+a.width,a.b+a.height,a.a)}\nfunction Pa(a){if(Ia){if(\"relative\"==T(a,\"position\"))return 1;a=T(a,\"filter\");return(a=a.match(/^alpha\\(opacity=(\\d*)\\)/)||a.match(/^progid:DXImageTransform.Microsoft.Alpha\\(Opacity=(\\d*)\\)/))?Number(a[1])/100:1}return Sa(a)}function Sa(a){var b=1,c=T(a,\"opacity\");c&&(b=Number(c));(a=S(a))&&(b*=Sa(a));return b};function Ta(a,b){function c(e){if(P(e)&&\"none\"==T(e,\"display\"))return!1;var d;if((d=e.parentNode)&&d.shadowRoot&&void 0!==e.assignedSlot)d=e.assignedSlot?e.assignedSlot.parentNode:null;else if(e.getDestinationInsertionPoints){var f=e.getDestinationInsertionPoints();0\u003Cf.length&&(d=f[f.length-1])}if(La&&d instanceof ShadowRoot){if(d.host.shadowRoot&&d.host.shadowRoot!==d)return!1;d=d.host}return!d||9!=d.nodeType&&11!=d.nodeType?d&&P(d,\"DETAILS\")&&!d.open&&!P(e,\"SUMMARY\")?!1:!!d&&c(d):!0}return U(a,\n!!b,c)}var X=[\"_\"],Y=g;X[0]in Y||\"undefined\"==typeof Y.execScript||Y.execScript(\"var \"+X[0]);for(var Z;X.length&&(Z=X.shift());)X.length||void 0===Ta?Y[Z]&&Y[Z]!==Object.prototype[Z]?Y=Y[Z]:Y=Y[Z]={}:Y[Z]=Ta;; return this._.apply(null,arguments);}).apply({navigator:typeof window!='undefined'?window.navigator:null,document:typeof window!='undefined'?window.document:null}, arguments);}\n).apply(null, arguments);"
}
[1744521105.827][INFO]: Waiting for pending navigations...
[1744521105.832][INFO]: Done waiting for pending navigations. Status: ok
[1744521105.859][INFO]: Waiting for pending navigations...
[1744521105.862][INFO]: Done waiting for pending navigations. Status: ok
[1744521105.862][INFO]: [96366644e4e44a0331331087ddd55f7c] RESPONSE ExecuteScript true
[1744521105.865][INFO]: [96366644e4e44a0331331087ddd55f7c] COMMAND IsElementEnabled {
   "id": "f.FA7F9F0460E8C13CECE7AFB28C7D66DB.d.D898C3A919BE8FC4E1D1758BC60A6407.e.897"
}
[1744521105.865][INFO]: Waiting for pending navigations...
[1744521105.866][INFO]: Done waiting for pending navigations. Status: ok
[1744521105.881][INFO]: Waiting for pending navigations...
[1744521105.882][INFO]: Done waiting for pending navigations. Status: ok
[1744521105.882][INFO]: [96366644e4e44a0331331087ddd55f7c] RESPONSE IsElementEnabled true
[1744521105.890][INFO]: [96366644e4e44a0331331087ddd55f7c] COMMAND ExecuteScript {
   "args": [ {
      "element-6066-11e4-a52e-4f735466cecf": "f.FA7F9F0460E8C13CECE7AFB28C7D66DB.d.D898C3A919BE8FC4E1D1758BC60A6407.e.897"
   } ],
   "script": "/* isDisplayed */return (function(){return (function(){var g=this||self;\nfunction aa(a){var b=typeof a;if(\"object\"==b)if(a){if(a instanceof Array)return\"array\";if(a instanceof Object)return b;var c=Object.prototype.toString.call(a);if(\"[object Window]\"==c)return\"object\";if(\"[object Array]\"==c||\"number\"==typeof a.length&&\"undefined\"!=typeof a.splice&&\"undefined\"!=typeof a.propertyIsEnumerable&&!a.propertyIsEnumerable(\"splice\"))return\"array\";if(\"[object Function]\"==c||\"undefined\"!=typeof a.call&&\"undefined\"!=typeof a.propertyIsEnumerable&&!a.propertyIsEnumerable(\"call\"))return\"function\"}else return\"null\";else if(\"function\"==\nb&&\"undefined\"==typeof a.call)return\"object\";return b}function ca(a,b){function c(){}c.prototype=b.prototype;a.prototype=new c;a.prototype.constructor=a};var da=Array.prototype.indexOf?function(a,b){return Array.prototype.indexOf.call(a,b,void 0)}:function(a,b){if(\"string\"===typeof a)return\"string\"!==typeof b||1!=b.length?-1:a.indexOf(b,0);for(var c=0;c\u003Ca.length;c++)if(c in a&&a[c]===b)return c;return-1},ea=Array.prototype.some?function(a,b){return Array.prototype.some.call(a,b,void 0)}:function(a,b){for(var c=a.length,e=\"string\"===typeof a?a.split(\"\"):a,d=0;d\u003Cc;d++)if(d in e&&b.call(void 0,e[d],d,a))return!0;return!1},fa=Array.prototype.every?function(a,\nb){return Array.prototype.every.call(a,b,void 0)}:function(a,b){for(var c=a.length,e=\"string\"===typeof a?a.split(\"\"):a,d=0;d\u003Cc;d++)if(d in e&&!b.call(void 0,e[d],d,a))return!1;return!0};var ha={aliceblue:\"#f0f8ff\",antiquewhite:\"#faebd7\",aqua:\"#00ffff\",aquamarine:\"#7fffd4\",azure:\"#f0ffff\",beige:\"#f5f5dc\",bisque:\"#ffe4c4\",black:\"#000000\",blanchedalmond:\"#ffebcd\",blue:\"#0000ff\",blueviolet:\"#8a2be2\",brown:\"#a52a2a\",burlywood:\"#deb887\",cadetblue:\"#5f9ea0\",chartreuse:\"#7fff00\",chocolate:\"#d2691e\",coral:\"#ff7f50\",cornflowerblue:\"#6495ed\",cornsilk:\"#fff8dc\",crimson:\"#dc143c\",cyan:\"#00ffff\",darkblue:\"#00008b\",darkcyan:\"#008b8b\",darkgoldenrod:\"#b8860b\",darkgray:\"#a9a9a9\",darkgreen:\"#006400\",\ndarkgrey:\"#a9a9a9\",darkkhaki:\"#bdb76b\",darkmagenta:\"#8b008b\",darkolivegreen:\"#556b2f\",darkorange:\"#ff8c00\",darkorchid:\"#9932cc\",darkred:\"#8b0000\",darksalmon:\"#e9967a\",darkseagreen:\"#8fbc8f\",darkslateblue:\"#483d8b\",darkslategray:\"#2f4f4f\",darkslategrey:\"#2f4f4f\",darkturquoise:\"#00ced1\",darkviolet:\"#9400d3\",deeppink:\"#ff1493\",deepskyblue:\"#00bfff\",dimgray:\"#696969\",dimgrey:\"#696969\",dodgerblue:\"#1e90ff\",firebrick:\"#b22222\",floralwhite:\"#fffaf0\",forestgreen:\"#228b22\",fuchsia:\"#ff00ff\",gainsboro:\"#dcdcdc\",\nghostwhite:\"#f8f8ff\",gold:\"#ffd700\",goldenrod:\"#daa520\",gray:\"#808080\",green:\"#008000\",greenyellow:\"#adff2f\",grey:\"#808080\",honeydew:\"#f0fff0\",hotpink:\"#ff69b4\",indianred:\"#cd5c5c\",indigo:\"#4b0082\",ivory:\"#fffff0\",khaki:\"#f0e68c\",lavender:\"#e6e6fa\",lavenderblush:\"#fff0f5\",lawngreen:\"#7cfc00\",lemonchiffon:\"#fffacd\",lightblue:\"#add8e6\",lightcoral:\"#f08080\",lightcyan:\"#e0ffff\",lightgoldenrodyellow:\"#fafad2\",lightgray:\"#d3d3d3\",lightgreen:\"#90ee90\",lightgrey:\"#d3d3d3\",lightpink:\"#ffb6c1\",lightsalmon:\"#ffa07a\",\nlightseagreen:\"#20b2aa\",lightskyblue:\"#87cefa\",lightslategray:\"#778899\",lightslategrey:\"#778899\",lightsteelblue:\"#b0c4de\",lightyellow:\"#ffffe0\",lime:\"#00ff00\",limegreen:\"#32cd32\",linen:\"#faf0e6\",magenta:\"#ff00ff\",maroon:\"#800000\",mediumaquamarine:\"#66cdaa\",mediumblue:\"#0000cd\",mediumorchid:\"#ba55d3\",mediumpurple:\"#9370db\",mediumseagreen:\"#3cb371\",mediumslateblue:\"#7b68ee\",mediumspringgreen:\"#00fa9a\",mediumturquoise:\"#48d1cc\",mediumvioletred:\"#c71585\",midnightblue:\"#191970\",mintcream:\"#f5fffa\",mistyrose:\"#ffe4e1\",\nmoccasin:\"#ffe4b5\",navajowhite:\"#ffdead\",navy:\"#000080\",oldlace:\"#fdf5e6\",olive:\"#808000\",olivedrab:\"#6b8e23\",orange:\"#ffa500\",orangered:\"#ff4500\",orchid:\"#da70d6\",palegoldenrod:\"#eee8aa\",palegreen:\"#98fb98\",paleturquoise:\"#afeeee\",palevioletred:\"#db7093\",papayawhip:\"#ffefd5\",peachpuff:\"#ffdab9\",peru:\"#cd853f\",pink:\"#ffc0cb\",plum:\"#dda0dd\",powderblue:\"#b0e0e6\",purple:\"#800080\",red:\"#ff0000\",rosybrown:\"#bc8f8f\",royalblue:\"#4169e1\",saddlebrown:\"#8b4513\",salmon:\"#fa8072\",sandybrown:\"#f4a460\",seagreen:\"#2e8b57\",\nseashell:\"#fff5ee\",sienna:\"#a0522d\",silver:\"#c0c0c0\",skyblue:\"#87ceeb\",slateblue:\"#6a5acd\",slategray:\"#708090\",slategrey:\"#708090\",snow:\"#fffafa\",springgreen:\"#00ff7f\",steelblue:\"#4682b4\",tan:\"#d2b48c\",teal:\"#008080\",thistle:\"#d8bfd8\",tomato:\"#ff6347\",turquoise:\"#40e0d0\",violet:\"#ee82ee\",wheat:\"#f5deb3\",white:\"#ffffff\",whitesmoke:\"#f5f5f5\",yellow:\"#ffff00\",yellowgreen:\"#9acd32\"};var ia=\"backgroundColor borderTopColor borderRightColor borderBottomColor borderLeftColor color outlineColor\".split(\" \"),ja=/#([0-9a-fA-F])([0-9a-fA-F])([0-9a-fA-F])/,ka=/^#(?:[0-9a-f]{3}){1,2}$/i,la=/^(?:rgba)?\\((\\d{1,3}),\\s?(\\d{1,3}),\\s?(\\d{1,3}),\\s?(0|1|0\\.\\d*)\\)$/i,ma=/^(?:rgb)?\\((0|[1-9]\\d{0,2}),\\s?(0|[1-9]\\d{0,2}),\\s?(0|[1-9]\\d{0,2})\\)$/i;function m(a,b){this.code=a;this.a=p[a]||r;this.message=b||\"\";a=this.a.replace(/((?:^|\\s+)[a-z])/g,function(c){return c.toUpperCase().replace(/^[\\s\\xa0]+/g,\"\")});b=a.length-5;if(0>b||a.indexOf(\"Error\",b)!=b)a+=\"Error\";this.name=a;a=Error(this.message);a.name=this.name;this.stack=a.stack||\"\"}ca(m,Error);var r=\"unknown error\",p={15:\"element not selectable\",11:\"element not visible\"};p[31]=r;p[30]=r;p[24]=\"invalid cookie domain\";p[29]=\"invalid element coordinates\";p[12]=\"invalid element state\";\np[32]=\"invalid selector\";p[51]=\"invalid selector\";p[52]=\"invalid selector\";p[17]=\"javascript error\";p[405]=\"unsupported operation\";p[34]=\"move target out of bounds\";p[27]=\"no such alert\";p[7]=\"no such element\";p[8]=\"no such frame\";p[23]=\"no such window\";p[28]=\"script timeout\";p[33]=\"session not created\";p[10]=\"stale element reference\";p[21]=\"timeout\";p[25]=\"unable to set cookie\";p[26]=\"unexpected alert open\";p[13]=r;p[9]=\"unknown command\";var u=String.prototype.trim?function(a){return a.trim()}:function(a){return/^[\\s\\xa0]*([\\s\\S]*?)[\\s\\xa0]*$/.exec(a)[1]};\nfunction na(a,b){var c=0;a=u(String(a)).split(\".\");b=u(String(b)).split(\".\");for(var e=Math.max(a.length,b.length),d=0;0==c&&d\u003Ce;d++){var f=a[d]||\"\",h=b[d]||\"\";do{f=/(\\d*)(\\D*)(.*)/.exec(f)||[\"\",\"\",\"\",\"\"];h=/(\\d*)(\\D*)(.*)/.exec(h)||[\"\",\"\",\"\",\"\"];if(0==f[0].length&&0==h[0].length)break;c=v(0==f[1].length?0:parseInt(f[1],10),0==h[1].length?0:parseInt(h[1],10))||v(0==f[2].length,0==h[2].length)||v(f[2],h[2]);f=f[3];h=h[3]}while(0==c)}return c}function v(a,b){return a\u003Cb?-1:a>b?1:0};var w;a:{var oa=g.navigator;if(oa){var sa=oa.userAgent;if(sa){w=sa;break a}}w=\"\"}function x(a){return-1!=w.indexOf(a)};function y(){return x(\"Firefox\")||x(\"FxiOS\")}function A(){return(x(\"Chrome\")||x(\"CriOS\"))&&!x(\"Edge\")};function ta(a){return String(a).replace(/\\-([a-z])/g,function(b,c){return c.toUpperCase()})};function B(){return x(\"iPhone\")&&!x(\"iPod\")&&!x(\"iPad\")};function ua(a,b){var c=va;return Object.prototype.hasOwnProperty.call(c,a)?c[a]:c[a]=b(a)};var wa=x(\"Opera\"),C=x(\"Trident\")||x(\"MSIE\"),xa=x(\"Edge\"),ya=x(\"Gecko\")&&!(-1!=w.toLowerCase().indexOf(\"webkit\")&&!x(\"Edge\"))&&!(x(\"Trident\")||x(\"MSIE\"))&&!x(\"Edge\"),za=-1!=w.toLowerCase().indexOf(\"webkit\")&&!x(\"Edge\");function Aa(){var a=g.document;return a?a.documentMode:void 0}var E;\na:{var F=\"\",G=function(){var a=w;if(ya)return/rv:([^\\);]+)(\\)|;)/.exec(a);if(xa)return/Edge\\/([\\d\\.]+)/.exec(a);if(C)return/\\b(?:MSIE|rv)[: ]([^\\);]+)(\\)|;)/.exec(a);if(za)return/WebKit\\/(\\S+)/.exec(a);if(wa)return/(?:Version)[ \\/]?(\\S+)/.exec(a)}();G&&(F=G?G[1]:\"\");if(C){var H=Aa();if(null!=H&&H>parseFloat(F)){E=String(H);break a}}E=F}var va={};function Ba(a){return ua(a,function(){return 0\u003C=na(E,a)})}var I;I=g.document&&C?Aa():void 0;var Ca=y(),Da=B()||x(\"iPod\"),Ea=x(\"iPad\"),Fa=x(\"Android\")&&!(A()||y()||x(\"Opera\")||x(\"Silk\")),Ga=A(),Ha=x(\"Safari\")&&!(A()||x(\"Coast\")||x(\"Opera\")||x(\"Edge\")||x(\"Edg/\")||x(\"OPR\")||y()||x(\"Silk\")||x(\"Android\"))&&!(B()||x(\"iPad\")||x(\"iPod\"));function J(a){return(a=a.exec(w))?a[1]:\"\"}(function(){if(Ca)return J(/Firefox\\/([0-9.]+)/);if(C||xa||wa)return E;if(Ga)return B()||x(\"iPad\")||x(\"iPod\")?J(/CriOS\\/([0-9.]+)/):J(/Chrome\\/([0-9.]+)/);if(Ha&&!(B()||x(\"iPad\")||x(\"iPod\")))return J(/Version\\/([0-9.]+)/);if(Da||Ea){var a=/Version\\/(\\S+).*Mobile\\/(\\S+)/.exec(w);if(a)return a[1]+\".\"+a[2]}else if(Fa)return(a=J(/Android\\s+([0-9.]+)/))?a:J(/Version\\/([0-9.]+)/);return\"\"})();var K;if(K=C)K=!(9\u003C=Number(I));var Ia=K;function L(a,b){this.x=void 0!==a?a:0;this.y=void 0!==b?b:0}L.prototype.ceil=function(){this.x=Math.ceil(this.x);this.y=Math.ceil(this.y);return this};L.prototype.floor=function(){this.x=Math.floor(this.x);this.y=Math.floor(this.y);return this};L.prototype.round=function(){this.x=Math.round(this.x);this.y=Math.round(this.y);return this};function M(a,b){this.width=a;this.height=b}M.prototype.aspectRatio=function(){return this.width/this.height};M.prototype.ceil=function(){this.width=Math.ceil(this.width);this.height=Math.ceil(this.height);return this};M.prototype.floor=function(){this.width=Math.floor(this.width);this.height=Math.floor(this.height);return this};M.prototype.round=function(){this.width=Math.round(this.width);this.height=Math.round(this.height);return this};function N(a){return 9==a.nodeType?a:a.ownerDocument||a.document}function Ja(a,b){a&&(a=a.parentNode);for(var c=0;a;){if(b(a))return a;a=a.parentNode;c++}return null}function Ka(a){this.a=a||g.document||document};function P(a,b){b&&\"string\"!==typeof b&&(b=b.toString());return!!a&&1==a.nodeType&&(!b||a.tagName.toUpperCase()==b)};function Q(a,b,c,e){this.f=a;this.a=b;this.b=c;this.c=e}Q.prototype.ceil=function(){this.f=Math.ceil(this.f);this.a=Math.ceil(this.a);this.b=Math.ceil(this.b);this.c=Math.ceil(this.c);return this};Q.prototype.floor=function(){this.f=Math.floor(this.f);this.a=Math.floor(this.a);this.b=Math.floor(this.b);this.c=Math.floor(this.c);return this};Q.prototype.round=function(){this.f=Math.round(this.f);this.a=Math.round(this.a);this.b=Math.round(this.b);this.c=Math.round(this.c);return this};function R(a,b,c,e){this.a=a;this.b=b;this.width=c;this.height=e}R.prototype.ceil=function(){this.a=Math.ceil(this.a);this.b=Math.ceil(this.b);this.width=Math.ceil(this.width);this.height=Math.ceil(this.height);return this};R.prototype.floor=function(){this.a=Math.floor(this.a);this.b=Math.floor(this.b);this.width=Math.floor(this.width);this.height=Math.floor(this.height);return this};\nR.prototype.round=function(){this.a=Math.round(this.a);this.b=Math.round(this.b);this.width=Math.round(this.width);this.height=Math.round(this.height);return this};var La=\"function\"===typeof ShadowRoot;function S(a){for(a=a.parentNode;a&&1!=a.nodeType&&9!=a.nodeType&&11!=a.nodeType;)a=a.parentNode;return P(a)?a:null}\nfunction T(a,b){b=ta(b);if(\"float\"==b||\"cssFloat\"==b||\"styleFloat\"==b)b=Ia?\"styleFloat\":\"cssFloat\";a:{var c=b;var e=N(a);if(e.defaultView&&e.defaultView.getComputedStyle&&(e=e.defaultView.getComputedStyle(a,null))){c=e[c]||e.getPropertyValue(c)||\"\";break a}c=\"\"}a=c||Ma(a,b);if(null===a)a=null;else if(0\u003C=da(ia,b)){b:{var d=a.match(la);if(d&&(b=Number(d[1]),c=Number(d[2]),e=Number(d[3]),d=Number(d[4]),0\u003C=b&&255>=b&&0\u003C=c&&255>=c&&0\u003C=e&&255>=e&&0\u003C=d&&1>=d)){b=[b,c,e,d];break b}b=null}if(!b)b:{if(e=a.match(ma))if(b=\nNumber(e[1]),c=Number(e[2]),e=Number(e[3]),0\u003C=b&&255>=b&&0\u003C=c&&255>=c&&0\u003C=e&&255>=e){b=[b,c,e,1];break b}b=null}if(!b)b:{b=a.toLowerCase();c=ha[b.toLowerCase()];if(!c&&(c=\"#\"==b.charAt(0)?b:\"#\"+b,4==c.length&&(c=c.replace(ja,\"#$1$1$2$2$3$3\")),!ka.test(c))){b=null;break b}b=[parseInt(c.substr(1,2),16),parseInt(c.substr(3,2),16),parseInt(c.substr(5,2),16),1]}a=b?\"rgba(\"+b.join(\", \")+\")\":a}return a}\nfunction Ma(a,b){var c=a.currentStyle||a.style,e=c[b];void 0===e&&\"function\"==aa(c.getPropertyValue)&&(e=c.getPropertyValue(b));return\"inherit\"!=e?void 0!==e?e:null:(a=S(a))?Ma(a,b):null}\nfunction U(a,b,c){function e(h){var n=V(h);return 0\u003Cn.height&&0\u003Cn.width?!0:P(h,\"PATH\")&&(0\u003Cn.height||0\u003Cn.width)?(h=T(h,\"stroke-width\"),!!h&&0\u003CparseInt(h,10)):\"hidden\"!=T(h,\"overflow\")&&ea(h.childNodes,function(D){return 3==D.nodeType||P(D)&&e(D)})}function d(h){return Na(h)==W&&fa(h.childNodes,function(n){return!P(n)||d(n)||!e(n)})}if(!P(a))throw Error(\"Argument to isShown must be of type Element\");if(P(a,\"BODY\"))return!0;if(P(a,\"OPTION\")||P(a,\"OPTGROUP\"))return a=Ja(a,function(h){return P(h,\"SELECT\")}),\n!!a&&U(a,!0,c);var f=Oa(a);if(f)return!!f.image&&0\u003Cf.rect.width&&0\u003Cf.rect.height&&U(f.image,b,c);if(P(a,\"INPUT\")&&\"hidden\"==a.type.toLowerCase()||P(a,\"NOSCRIPT\"))return!1;f=T(a,\"visibility\");return\"collapse\"!=f&&\"hidden\"!=f&&c(a)&&(b||0!=Pa(a))&&e(a)?!d(a):!1}var W=\"hidden\";\nfunction Na(a){function b(k){function l(ba){if(ba==h)return!0;var pa=T(ba,\"display\");return 0==pa.lastIndexOf(\"inline\",0)||\"contents\"==pa||\"absolute\"==qa&&\"static\"==T(ba,\"position\")?!1:!0}var qa=T(k,\"position\");if(\"fixed\"==qa)return ra=!0,k==h?null:h;for(k=S(k);k&&!l(k);)k=S(k);return k}function c(k){var l=k;if(\"visible\"==D)if(k==h&&n)l=n;else if(k==n)return{x:\"visible\",y:\"visible\"};l={x:T(l,\"overflow-x\"),y:T(l,\"overflow-y\")};k==h&&(l.x=\"visible\"==l.x?\"auto\":l.x,l.y=\"visible\"==l.y?\"auto\":l.y);return l}\nfunction e(k){if(k==h){var l=(new Ka(f)).a;k=l.scrollingElement?l.scrollingElement:za||\"CSS1Compat\"!=l.compatMode?l.body||l.documentElement:l.documentElement;l=l.parentWindow||l.defaultView;k=C&&Ba(\"10\")&&l.pageYOffset!=k.scrollTop?new L(k.scrollLeft,k.scrollTop):new L(l.pageXOffset||k.scrollLeft,l.pageYOffset||k.scrollTop)}else k=new L(k.scrollLeft,k.scrollTop);return k}var d=Qa(a),f=N(a),h=f.documentElement,n=f.body,D=T(h,\"overflow\"),ra;for(a=b(a);a;a=b(a)){var q=c(a);if(\"visible\"!=q.x||\"visible\"!=\nq.y){var t=V(a);if(0==t.width||0==t.height)return W;var z=d.a\u003Ct.a,O=d.b\u003Ct.b;if(z&&\"hidden\"==q.x||O&&\"hidden\"==q.y)return W;if(z&&\"visible\"!=q.x||O&&\"visible\"!=q.y){z=e(a);O=d.b\u003Ct.b-z.y;if(d.a\u003Ct.a-z.x&&\"visible\"!=q.x||O&&\"visible\"!=q.x)return W;d=Na(a);return d==W?W:\"scroll\"}z=d.c>=t.a+t.width;t=d.f>=t.b+t.height;if(z&&\"hidden\"==q.x||t&&\"hidden\"==q.y)return W;if(z&&\"visible\"!=q.x||t&&\"visible\"!=q.y){if(ra&&(q=e(a),d.c>=h.scrollWidth-q.x||d.a>=h.scrollHeight-q.y))return W;d=Na(a);return d==W?W:\"scroll\"}}}return\"none\"}\nfunction V(a){var b=Oa(a);if(b)return b.rect;if(P(a,\"HTML\"))return a=N(a),a=((a?a.parentWindow||a.defaultView:window)||window).document,a=\"CSS1Compat\"==a.compatMode?a.documentElement:a.body,a=new M(a.clientWidth,a.clientHeight),new R(0,0,a.width,a.height);try{var c=a.getBoundingClientRect()}catch(e){return new R(0,0,0,0)}b=new R(c.left,c.top,c.right-c.left,c.bottom-c.top);C&&a.ownerDocument.body&&(a=N(a),b.a-=a.documentElement.clientLeft+a.body.clientLeft,b.b-=a.documentElement.clientTop+a.body.clientTop);\nreturn b}\nfunction Oa(a){var b=P(a,\"MAP\");if(!b&&!P(a,\"AREA\"))return null;var c=b?a:P(a.parentNode,\"MAP\")?a.parentNode:null,e=null,d=null;if(c&&c.name){e='*[usemap=\"#'+c.name+'\"]';c=N(c);var f;if(f=\"function\"!=aa(c.querySelector)&&C&&(C?0\u003C=na(I,8):Ba(8))){f=c.querySelector;var h=typeof f;f=!(\"object\"==h&&null!=f||\"function\"==h)}if(f)throw Error(\"CSS selection is not supported\");if(!e)throw new m(32,\"No selector specified\");e=u(e);try{var n=c.querySelector(e)}catch(D){throw new m(32,\"An invalid or illegal selector was specified\");}if(e=\nn&&1==n.nodeType?n:null)d=V(e),b||\"default\"==a.shape.toLowerCase()||(a=Ra(a),b=Math.min(Math.max(a.a,0),d.width),n=Math.min(Math.max(a.b,0),d.height),d=new R(b+d.a,n+d.b,Math.min(a.width,d.width-b),Math.min(a.height,d.height-n)))}return{image:e,rect:d||new R(0,0,0,0)}}\nfunction Ra(a){var b=a.shape.toLowerCase();a=a.coords.split(\",\");if(\"rect\"==b&&4==a.length){b=a[0];var c=a[1];return new R(b,c,a[2]-b,a[3]-c)}if(\"circle\"==b&&3==a.length)return b=a[2],new R(a[0]-b,a[1]-b,2*b,2*b);if(\"poly\"==b&&2\u003Ca.length){b=a[0];c=a[1];for(var e=b,d=c,f=2;f+1\u003Ca.length;f+=2)b=Math.min(b,a[f]),e=Math.max(e,a[f]),c=Math.min(c,a[f+1]),d=Math.max(d,a[f+1]);return new R(b,c,e-b,d-c)}return new R(0,0,0,0)}function Qa(a){a=V(a);return new Q(a.b,a.a+a.width,a.b+a.height,a.a)}\nfunction Pa(a){if(Ia){if(\"relative\"==T(a,\"position\"))return 1;a=T(a,\"filter\");return(a=a.match(/^alpha\\(opacity=(\\d*)\\)/)||a.match(/^progid:DXImageTransform.Microsoft.Alpha\\(Opacity=(\\d*)\\)/))?Number(a[1])/100:1}return Sa(a)}function Sa(a){var b=1,c=T(a,\"opacity\");c&&(b=Number(c));(a=S(a))&&(b*=Sa(a));return b};function Ta(a,b){function c(e){if(P(e)&&\"none\"==T(e,\"display\"))return!1;var d;if((d=e.parentNode)&&d.shadowRoot&&void 0!==e.assignedSlot)d=e.assignedSlot?e.assignedSlot.parentNode:null;else if(e.getDestinationInsertionPoints){var f=e.getDestinationInsertionPoints();0\u003Cf.length&&(d=f[f.length-1])}if(La&&d instanceof ShadowRoot){if(d.host.shadowRoot&&d.host.shadowRoot!==d)return!1;d=d.host}return!d||9!=d.nodeType&&11!=d.nodeType?d&&P(d,\"DETAILS\")&&!d.open&&!P(e,\"SUMMARY\")?!1:!!d&&c(d):!0}return U(a,\n!!b,c)}var X=[\"_\"],Y=g;X[0]in Y||\"undefined\"==typeof Y.execScript||Y.execScript(\"var \"+X[0]);for(var Z;X.length&&(Z=X.shift());)X.length||void 0===Ta?Y[Z]&&Y[Z]!==Object.prototype[Z]?Y=Y[Z]:Y=Y[Z]={}:Y[Z]=Ta;; return this._.apply(null,arguments);}).apply({navigator:typeof window!='undefined'?window.navigator:null,document:typeof window!='undefined'?window.document:null}, arguments);}\n).apply(null, arguments);"
}
[1744521105.890][INFO]: Waiting for pending navigations...
[1744521105.891][INFO]: Done waiting for pending navigations. Status: ok
[1744521105.898][INFO]: Waiting for pending navigations...
[1744521105.899][INFO]: Done waiting for pending navigations. Status: ok
[1744521105.899][INFO]: [96366644e4e44a0331331087ddd55f7c] RESPONSE ExecuteScript true
[1744521105.907][INFO]: [96366644e4e44a0331331087ddd55f7c] COMMAND ClearElement {
   "id": "f.FA7F9F0460E8C13CECE7AFB28C7D66DB.d.D898C3A919BE8FC4E1D1758BC60A6407.e.897"
}
[1744521105.907][INFO]: Waiting for pending navigations...
[1744521105.909][INFO]: Done waiting for pending navigations. Status: ok
[1744521105.971][INFO]: Waiting for pending navigations...
[1744521105.975][INFO]: Done waiting for pending navigations. Status: ok
[1744521105.976][INFO]: [96366644e4e44a0331331087ddd55f7c] RESPONSE ClearElement
[1744521105.979][INFO]: [96366644e4e44a0331331087ddd55f7c] COMMAND TypeElement {
   "id": "f.FA7F9F0460E8C13CECE7AFB28C7D66DB.d.D898C3A919BE8FC4E1D1758BC60A6407.e.897",
   "text": "Coffee Mug",
   "value": [ "C", "o", "f", "f", "e", "e", " ", "M", "u", "g" ]
}
[1744521105.979][INFO]: Waiting for pending navigations...
[1744521105.980][INFO]: Done waiting for pending navigations. Status: ok
[1744521106.096][INFO]: Waiting for pending navigations...
[1744521106.102][INFO]: Done waiting for pending navigations. Status: ok
[1744521106.102][INFO]: [96366644e4e44a0331331087ddd55f7c] RESPONSE TypeElement
[1744521106.107][INFO]: [96366644e4e44a0331331087ddd55f7c] COMMAND FindElement {
   "using": "xpath",
   "value": "//button[@type='submit']"
}
[1744521106.107][INFO]: Waiting for pending navigations...
[1744521106.111][INFO]: Done waiting for pending navigations. Status: ok
[1744521106.122][INFO]: Waiting for pending navigations...
[1744521106.127][INFO]: Done waiting for pending navigations. Status: ok
[1744521106.127][INFO]: [96366644e4e44a0331331087ddd55f7c] RESPONSE FindElement {
   "element-6066-11e4-a52e-4f735466cecf": "f.FA7F9F0460E8C13CECE7AFB28C7D66DB.d.D898C3A919BE8FC4E1D1758BC60A6407.e.933"
}
[1744521106.130][INFO]: [96366644e4e44a0331331087ddd55f7c] COMMAND ClickElement {
   "id": "f.FA7F9F0460E8C13CECE7AFB28C7D66DB.d.D898C3A919BE8FC4E1D1758BC60A6407.e.933"
}
[1744521106.130][INFO]: Waiting for pending navigations...
[1744521106.131][INFO]: Done waiting for pending navigations. Status: ok
[1744521106.216][INFO]: Waiting for pending navigations...
[1744521109.685][INFO]: Done waiting for pending navigations. Status: ok
[1744521109.685][INFO]: [96366644e4e44a0331331087ddd55f7c] RESPONSE ClickElement
[1744521111.696][INFO]: [96366644e4e44a0331331087ddd55f7c] COMMAND FindElement {
   "using": "xpath",
   "value": "//div[contains(text(),'4') and contains(text(),'above')]/preceding-sibling::div"
}
[1744521111.696][INFO]: Waiting for pending navigations...
[1744521111.701][INFO]: Done waiting for pending navigations. Status: ok
[1744521111.746][INFO]: Waiting for pending navigations...
[1744521111.750][INFO]: Done waiting for pending navigations. Status: ok
[1744521111.750][INFO]: [96366644e4e44a0331331087ddd55f7c] RESPONSE FindElement {
   "element-6066-11e4-a52e-4f735466cecf": "f.FA7F9F0460E8C13CECE7AFB28C7D66DB.d.0C4AE97B349F22F0083DFBCECE0003F5.e.1020"
}
[1744521111.758][INFO]: [96366644e4e44a0331331087ddd55f7c] COMMAND ExecuteScript {
   "args": [ {
      "element-6066-11e4-a52e-4f735466cecf": "f.FA7F9F0460E8C13CECE7AFB28C7D66DB.d.0C4AE97B349F22F0083DFBCECE0003F5.e.1020"
   } ],
   "script": "/* isDisplayed */return (function(){return (function(){var g=this||self;\nfunction aa(a){var b=typeof a;if(\"object\"==b)if(a){if(a instanceof Array)return\"array\";if(a instanceof Object)return b;var c=Object.prototype.toString.call(a);if(\"[object Window]\"==c)return\"object\";if(\"[object Array]\"==c||\"number\"==typeof a.length&&\"undefined\"!=typeof a.splice&&\"undefined\"!=typeof a.propertyIsEnumerable&&!a.propertyIsEnumerable(\"splice\"))return\"array\";if(\"[object Function]\"==c||\"undefined\"!=typeof a.call&&\"undefined\"!=typeof a.propertyIsEnumerable&&!a.propertyIsEnumerable(\"call\"))return\"function\"}else return\"null\";else if(\"function\"==\nb&&\"undefined\"==typeof a.call)return\"object\";return b}function ca(a,b){function c(){}c.prototype=b.prototype;a.prototype=new c;a.prototype.constructor=a};var da=Array.prototype.indexOf?function(a,b){return Array.prototype.indexOf.call(a,b,void 0)}:function(a,b){if(\"string\"===typeof a)return\"string\"!==typeof b||1!=b.length?-1:a.indexOf(b,0);for(var c=0;c\u003Ca.length;c++)if(c in a&&a[c]===b)return c;return-1},ea=Array.prototype.some?function(a,b){return Array.prototype.some.call(a,b,void 0)}:function(a,b){for(var c=a.length,e=\"string\"===typeof a?a.split(\"\"):a,d=0;d\u003Cc;d++)if(d in e&&b.call(void 0,e[d],d,a))return!0;return!1},fa=Array.prototype.every?function(a,\nb){return Array.prototype.every.call(a,b,void 0)}:function(a,b){for(var c=a.length,e=\"string\"===typeof a?a.split(\"\"):a,d=0;d\u003Cc;d++)if(d in e&&!b.call(void 0,e[d],d,a))return!1;return!0};var ha={aliceblue:\"#f0f8ff\",antiquewhite:\"#faebd7\",aqua:\"#00ffff\",aquamarine:\"#7fffd4\",azure:\"#f0ffff\",beige:\"#f5f5dc\",bisque:\"#ffe4c4\",black:\"#000000\",blanchedalmond:\"#ffebcd\",blue:\"#0000ff\",blueviolet:\"#8a2be2\",brown:\"#a52a2a\",burlywood:\"#deb887\",cadetblue:\"#5f9ea0\",chartreuse:\"#7fff00\",chocolate:\"#d2691e\",coral:\"#ff7f50\",cornflowerblue:\"#6495ed\",cornsilk:\"#fff8dc\",crimson:\"#dc143c\",cyan:\"#00ffff\",darkblue:\"#00008b\",darkcyan:\"#008b8b\",darkgoldenrod:\"#b8860b\",darkgray:\"#a9a9a9\",darkgreen:\"#006400\",\ndarkgrey:\"#a9a9a9\",darkkhaki:\"#bdb76b\",darkmagenta:\"#8b008b\",darkolivegreen:\"#556b2f\",darkorange:\"#ff8c00\",darkorchid:\"#9932cc\",darkred:\"#8b0000\",darksalmon:\"#e9967a\",darkseagreen:\"#8fbc8f\",darkslateblue:\"#483d8b\",darkslategray:\"#2f4f4f\",darkslategrey:\"#2f4f4f\",darkturquoise:\"#00ced1\",darkviolet:\"#9400d3\",deeppink:\"#ff1493\",deepskyblue:\"#00bfff\",dimgray:\"#696969\",dimgrey:\"#696969\",dodgerblue:\"#1e90ff\",firebrick:\"#b22222\",floralwhite:\"#fffaf0\",forestgreen:\"#228b22\",fuchsia:\"#ff00ff\",gainsboro:\"#dcdcdc\",\nghostwhite:\"#f8f8ff\",gold:\"#ffd700\",goldenrod:\"#daa520\",gray:\"#808080\",green:\"#008000\",greenyellow:\"#adff2f\",grey:\"#808080\",honeydew:\"#f0fff0\",hotpink:\"#ff69b4\",indianred:\"#cd5c5c\",indigo:\"#4b0082\",ivory:\"#fffff0\",khaki:\"#f0e68c\",lavender:\"#e6e6fa\",lavenderblush:\"#fff0f5\",lawngreen:\"#7cfc00\",lemonchiffon:\"#fffacd\",lightblue:\"#add8e6\",lightcoral:\"#f08080\",lightcyan:\"#e0ffff\",lightgoldenrodyellow:\"#fafad2\",lightgray:\"#d3d3d3\",lightgreen:\"#90ee90\",lightgrey:\"#d3d3d3\",lightpink:\"#ffb6c1\",lightsalmon:\"#ffa07a\",\nlightseagreen:\"#20b2aa\",lightskyblue:\"#87cefa\",lightslategray:\"#778899\",lightslategrey:\"#778899\",lightsteelblue:\"#b0c4de\",lightyellow:\"#ffffe0\",lime:\"#00ff00\",limegreen:\"#32cd32\",linen:\"#faf0e6\",magenta:\"#ff00ff\",maroon:\"#800000\",mediumaquamarine:\"#66cdaa\",mediumblue:\"#0000cd\",mediumorchid:\"#ba55d3\",mediumpurple:\"#9370db\",mediumseagreen:\"#3cb371\",mediumslateblue:\"#7b68ee\",mediumspringgreen:\"#00fa9a\",mediumturquoise:\"#48d1cc\",mediumvioletred:\"#c71585\",midnightblue:\"#191970\",mintcream:\"#f5fffa\",mistyrose:\"#ffe4e1\",\nmoccasin:\"#ffe4b5\",navajowhite:\"#ffdead\",navy:\"#000080\",oldlace:\"#fdf5e6\",olive:\"#808000\",olivedrab:\"#6b8e23\",orange:\"#ffa500\",orangered:\"#ff4500\",orchid:\"#da70d6\",palegoldenrod:\"#eee8aa\",palegreen:\"#98fb98\",paleturquoise:\"#afeeee\",palevioletred:\"#db7093\",papayawhip:\"#ffefd5\",peachpuff:\"#ffdab9\",peru:\"#cd853f\",pink:\"#ffc0cb\",plum:\"#dda0dd\",powderblue:\"#b0e0e6\",purple:\"#800080\",red:\"#ff0000\",rosybrown:\"#bc8f8f\",royalblue:\"#4169e1\",saddlebrown:\"#8b4513\",salmon:\"#fa8072\",sandybrown:\"#f4a460\",seagreen:\"#2e8b57\",\nseashell:\"#fff5ee\",sienna:\"#a0522d\",silver:\"#c0c0c0\",skyblue:\"#87ceeb\",slateblue:\"#6a5acd\",slategray:\"#708090\",slategrey:\"#708090\",snow:\"#fffafa\",springgreen:\"#00ff7f\",steelblue:\"#4682b4\",tan:\"#d2b48c\",teal:\"#008080\",thistle:\"#d8bfd8\",tomato:\"#ff6347\",turquoise:\"#40e0d0\",violet:\"#ee82ee\",wheat:\"#f5deb3\",white:\"#ffffff\",whitesmoke:\"#f5f5f5\",yellow:\"#ffff00\",yellowgreen:\"#9acd32\"};var ia=\"backgroundColor borderTopColor borderRightColor borderBottomColor borderLeftColor color outlineColor\".split(\" \"),ja=/#([0-9a-fA-F])([0-9a-fA-F])([0-9a-fA-F])/,ka=/^#(?:[0-9a-f]{3}){1,2}$/i,la=/^(?:rgba)?\\((\\d{1,3}),\\s?(\\d{1,3}),\\s?(\\d{1,3}),\\s?(0|1|0\\.\\d*)\\)$/i,ma=/^(?:rgb)?\\((0|[1-9]\\d{0,2}),\\s?(0|[1-9]\\d{0,2}),\\s?(0|[1-9]\\d{0,2})\\)$/i;function m(a,b){this.code=a;this.a=p[a]||r;this.message=b||\"\";a=this.a.replace(/((?:^|\\s+)[a-z])/g,function(c){return c.toUpperCase().replace(/^[\\s\\xa0]+/g,\"\")});b=a.length-5;if(0>b||a.indexOf(\"Error\",b)!=b)a+=\"Error\";this.name=a;a=Error(this.message);a.name=this.name;this.stack=a.stack||\"\"}ca(m,Error);var r=\"unknown error\",p={15:\"element not selectable\",11:\"element not visible\"};p[31]=r;p[30]=r;p[24]=\"invalid cookie domain\";p[29]=\"invalid element coordinates\";p[12]=\"invalid element state\";\np[32]=\"invalid selector\";p[51]=\"invalid selector\";p[52]=\"invalid selector\";p[17]=\"javascript error\";p[405]=\"unsupported operation\";p[34]=\"move target out of bounds\";p[27]=\"no such alert\";p[7]=\"no such element\";p[8]=\"no such frame\";p[23]=\"no such window\";p[28]=\"script timeout\";p[33]=\"session not created\";p[10]=\"stale element reference\";p[21]=\"timeout\";p[25]=\"unable to set cookie\";p[26]=\"unexpected alert open\";p[13]=r;p[9]=\"unknown command\";var u=String.prototype.trim?function(a){return a.trim()}:function(a){return/^[\\s\\xa0]*([\\s\\S]*?)[\\s\\xa0]*$/.exec(a)[1]};\nfunction na(a,b){var c=0;a=u(String(a)).split(\".\");b=u(String(b)).split(\".\");for(var e=Math.max(a.length,b.length),d=0;0==c&&d\u003Ce;d++){var f=a[d]||\"\",h=b[d]||\"\";do{f=/(\\d*)(\\D*)(.*)/.exec(f)||[\"\",\"\",\"\",\"\"];h=/(\\d*)(\\D*)(.*)/.exec(h)||[\"\",\"\",\"\",\"\"];if(0==f[0].length&&0==h[0].length)break;c=v(0==f[1].length?0:parseInt(f[1],10),0==h[1].length?0:parseInt(h[1],10))||v(0==f[2].length,0==h[2].length)||v(f[2],h[2]);f=f[3];h=h[3]}while(0==c)}return c}function v(a,b){return a\u003Cb?-1:a>b?1:0};var w;a:{var oa=g.navigator;if(oa){var sa=oa.userAgent;if(sa){w=sa;break a}}w=\"\"}function x(a){return-1!=w.indexOf(a)};function y(){return x(\"Firefox\")||x(\"FxiOS\")}function A(){return(x(\"Chrome\")||x(\"CriOS\"))&&!x(\"Edge\")};function ta(a){return String(a).replace(/\\-([a-z])/g,function(b,c){return c.toUpperCase()})};function B(){return x(\"iPhone\")&&!x(\"iPod\")&&!x(\"iPad\")};function ua(a,b){var c=va;return Object.prototype.hasOwnProperty.call(c,a)?c[a]:c[a]=b(a)};var wa=x(\"Opera\"),C=x(\"Trident\")||x(\"MSIE\"),xa=x(\"Edge\"),ya=x(\"Gecko\")&&!(-1!=w.toLowerCase().indexOf(\"webkit\")&&!x(\"Edge\"))&&!(x(\"Trident\")||x(\"MSIE\"))&&!x(\"Edge\"),za=-1!=w.toLowerCase().indexOf(\"webkit\")&&!x(\"Edge\");function Aa(){var a=g.document;return a?a.documentMode:void 0}var E;\na:{var F=\"\",G=function(){var a=w;if(ya)return/rv:([^\\);]+)(\\)|;)/.exec(a);if(xa)return/Edge\\/([\\d\\.]+)/.exec(a);if(C)return/\\b(?:MSIE|rv)[: ]([^\\);]+)(\\)|;)/.exec(a);if(za)return/WebKit\\/(\\S+)/.exec(a);if(wa)return/(?:Version)[ \\/]?(\\S+)/.exec(a)}();G&&(F=G?G[1]:\"\");if(C){var H=Aa();if(null!=H&&H>parseFloat(F)){E=String(H);break a}}E=F}var va={};function Ba(a){return ua(a,function(){return 0\u003C=na(E,a)})}var I;I=g.document&&C?Aa():void 0;var Ca=y(),Da=B()||x(\"iPod\"),Ea=x(\"iPad\"),Fa=x(\"Android\")&&!(A()||y()||x(\"Opera\")||x(\"Silk\")),Ga=A(),Ha=x(\"Safari\")&&!(A()||x(\"Coast\")||x(\"Opera\")||x(\"Edge\")||x(\"Edg/\")||x(\"OPR\")||y()||x(\"Silk\")||x(\"Android\"))&&!(B()||x(\"iPad\")||x(\"iPod\"));function J(a){return(a=a.exec(w))?a[1]:\"\"}(function(){if(Ca)return J(/Firefox\\/([0-9.]+)/);if(C||xa||wa)return E;if(Ga)return B()||x(\"iPad\")||x(\"iPod\")?J(/CriOS\\/([0-9.]+)/):J(/Chrome\\/([0-9.]+)/);if(Ha&&!(B()||x(\"iPad\")||x(\"iPod\")))return J(/Version\\/([0-9.]+)/);if(Da||Ea){var a=/Version\\/(\\S+).*Mobile\\/(\\S+)/.exec(w);if(a)return a[1]+\".\"+a[2]}else if(Fa)return(a=J(/Android\\s+([0-9.]+)/))?a:J(/Version\\/([0-9.]+)/);return\"\"})();var K;if(K=C)K=!(9\u003C=Number(I));var Ia=K;function L(a,b){this.x=void 0!==a?a:0;this.y=void 0!==b?b:0}L.prototype.ceil=function(){this.x=Math.ceil(this.x);this.y=Math.ceil(this.y);return this};L.prototype.floor=function(){this.x=Math.floor(this.x);this.y=Math.floor(this.y);return this};L.prototype.round=function(){this.x=Math.round(this.x);this.y=Math.round(this.y);return this};function M(a,b){this.width=a;this.height=b}M.prototype.aspectRatio=function(){return this.width/this.height};M.prototype.ceil=function(){this.width=Math.ceil(this.width);this.height=Math.ceil(this.height);return this};M.prototype.floor=function(){this.width=Math.floor(this.width);this.height=Math.floor(this.height);return this};M.prototype.round=function(){this.width=Math.round(this.width);this.height=Math.round(this.height);return this};function N(a){return 9==a.nodeType?a:a.ownerDocument||a.document}function Ja(a,b){a&&(a=a.parentNode);for(var c=0;a;){if(b(a))return a;a=a.parentNode;c++}return null}function Ka(a){this.a=a||g.document||document};function P(a,b){b&&\"string\"!==typeof b&&(b=b.toString());return!!a&&1==a.nodeType&&(!b||a.tagName.toUpperCase()==b)};function Q(a,b,c,e){this.f=a;this.a=b;this.b=c;this.c=e}Q.prototype.ceil=function(){this.f=Math.ceil(this.f);this.a=Math.ceil(this.a);this.b=Math.ceil(this.b);this.c=Math.ceil(this.c);return this};Q.prototype.floor=function(){this.f=Math.floor(this.f);this.a=Math.floor(this.a);this.b=Math.floor(this.b);this.c=Math.floor(this.c);return this};Q.prototype.round=function(){this.f=Math.round(this.f);this.a=Math.round(this.a);this.b=Math.round(this.b);this.c=Math.round(this.c);return this};function R(a,b,c,e){this.a=a;this.b=b;this.width=c;this.height=e}R.prototype.ceil=function(){this.a=Math.ceil(this.a);this.b=Math.ceil(this.b);this.width=Math.ceil(this.width);this.height=Math.ceil(this.height);return this};R.prototype.floor=function(){this.a=Math.floor(this.a);this.b=Math.floor(this.b);this.width=Math.floor(this.width);this.height=Math.floor(this.height);return this};\nR.prototype.round=function(){this.a=Math.round(this.a);this.b=Math.round(this.b);this.width=Math.round(this.width);this.height=Math.round(this.height);return this};var La=\"function\"===typeof ShadowRoot;function S(a){for(a=a.parentNode;a&&1!=a.nodeType&&9!=a.nodeType&&11!=a.nodeType;)a=a.parentNode;return P(a)?a:null}\nfunction T(a,b){b=ta(b);if(\"float\"==b||\"cssFloat\"==b||\"styleFloat\"==b)b=Ia?\"styleFloat\":\"cssFloat\";a:{var c=b;var e=N(a);if(e.defaultView&&e.defaultView.getComputedStyle&&(e=e.defaultView.getComputedStyle(a,null))){c=e[c]||e.getPropertyValue(c)||\"\";break a}c=\"\"}a=c||Ma(a,b);if(null===a)a=null;else if(0\u003C=da(ia,b)){b:{var d=a.match(la);if(d&&(b=Number(d[1]),c=Number(d[2]),e=Number(d[3]),d=Number(d[4]),0\u003C=b&&255>=b&&0\u003C=c&&255>=c&&0\u003C=e&&255>=e&&0\u003C=d&&1>=d)){b=[b,c,e,d];break b}b=null}if(!b)b:{if(e=a.match(ma))if(b=\nNumber(e[1]),c=Number(e[2]),e=Number(e[3]),0\u003C=b&&255>=b&&0\u003C=c&&255>=c&&0\u003C=e&&255>=e){b=[b,c,e,1];break b}b=null}if(!b)b:{b=a.toLowerCase();c=ha[b.toLowerCase()];if(!c&&(c=\"#\"==b.charAt(0)?b:\"#\"+b,4==c.length&&(c=c.replace(ja,\"#$1$1$2$2$3$3\")),!ka.test(c))){b=null;break b}b=[parseInt(c.substr(1,2),16),parseInt(c.substr(3,2),16),parseInt(c.substr(5,2),16),1]}a=b?\"rgba(\"+b.join(\", \")+\")\":a}return a}\nfunction Ma(a,b){var c=a.currentStyle||a.style,e=c[b];void 0===e&&\"function\"==aa(c.getPropertyValue)&&(e=c.getPropertyValue(b));return\"inherit\"!=e?void 0!==e?e:null:(a=S(a))?Ma(a,b):null}\nfunction U(a,b,c){function e(h){var n=V(h);return 0\u003Cn.height&&0\u003Cn.width?!0:P(h,\"PATH\")&&(0\u003Cn.height||0\u003Cn.width)?(h=T(h,\"stroke-width\"),!!h&&0\u003CparseInt(h,10)):\"hidden\"!=T(h,\"overflow\")&&ea(h.childNodes,function(D){return 3==D.nodeType||P(D)&&e(D)})}function d(h){return Na(h)==W&&fa(h.childNodes,function(n){return!P(n)||d(n)||!e(n)})}if(!P(a))throw Error(\"Argument to isShown must be of type Element\");if(P(a,\"BODY\"))return!0;if(P(a,\"OPTION\")||P(a,\"OPTGROUP\"))return a=Ja(a,function(h){return P(h,\"SELECT\")}),\n!!a&&U(a,!0,c);var f=Oa(a);if(f)return!!f.image&&0\u003Cf.rect.width&&0\u003Cf.rect.height&&U(f.image,b,c);if(P(a,\"INPUT\")&&\"hidden\"==a.type.toLowerCase()||P(a,\"NOSCRIPT\"))return!1;f=T(a,\"visibility\");return\"collapse\"!=f&&\"hidden\"!=f&&c(a)&&(b||0!=Pa(a))&&e(a)?!d(a):!1}var W=\"hidden\";\nfunction Na(a){function b(k){function l(ba){if(ba==h)return!0;var pa=T(ba,\"display\");return 0==pa.lastIndexOf(\"inline\",0)||\"contents\"==pa||\"absolute\"==qa&&\"static\"==T(ba,\"position\")?!1:!0}var qa=T(k,\"position\");if(\"fixed\"==qa)return ra=!0,k==h?null:h;for(k=S(k);k&&!l(k);)k=S(k);return k}function c(k){var l=k;if(\"visible\"==D)if(k==h&&n)l=n;else if(k==n)return{x:\"visible\",y:\"visible\"};l={x:T(l,\"overflow-x\"),y:T(l,\"overflow-y\")};k==h&&(l.x=\"visible\"==l.x?\"auto\":l.x,l.y=\"visible\"==l.y?\"auto\":l.y);return l}\nfunction e(k){if(k==h){var l=(new Ka(f)).a;k=l.scrollingElement?l.scrollingElement:za||\"CSS1Compat\"!=l.compatMode?l.body||l.documentElement:l.documentElement;l=l.parentWindow||l.defaultView;k=C&&Ba(\"10\")&&l.pageYOffset!=k.scrollTop?new L(k.scrollLeft,k.scrollTop):new L(l.pageXOffset||k.scrollLeft,l.pageYOffset||k.scrollTop)}else k=new L(k.scrollLeft,k.scrollTop);return k}var d=Qa(a),f=N(a),h=f.documentElement,n=f.body,D=T(h,\"overflow\"),ra;for(a=b(a);a;a=b(a)){var q=c(a);if(\"visible\"!=q.x||\"visible\"!=\nq.y){var t=V(a);if(0==t.width||0==t.height)return W;var z=d.a\u003Ct.a,O=d.b\u003Ct.b;if(z&&\"hidden\"==q.x||O&&\"hidden\"==q.y)return W;if(z&&\"visible\"!=q.x||O&&\"visible\"!=q.y){z=e(a);O=d.b\u003Ct.b-z.y;if(d.a\u003Ct.a-z.x&&\"visible\"!=q.x||O&&\"visible\"!=q.x)return W;d=Na(a);return d==W?W:\"scroll\"}z=d.c>=t.a+t.width;t=d.f>=t.b+t.height;if(z&&\"hidden\"==q.x||t&&\"hidden\"==q.y)return W;if(z&&\"visible\"!=q.x||t&&\"visible\"!=q.y){if(ra&&(q=e(a),d.c>=h.scrollWidth-q.x||d.a>=h.scrollHeight-q.y))return W;d=Na(a);return d==W?W:\"scroll\"}}}return\"none\"}\nfunction V(a){var b=Oa(a);if(b)return b.rect;if(P(a,\"HTML\"))return a=N(a),a=((a?a.parentWindow||a.defaultView:window)||window).document,a=\"CSS1Compat\"==a.compatMode?a.documentElement:a.body,a=new M(a.clientWidth,a.clientHeight),new R(0,0,a.width,a.height);try{var c=a.getBoundingClientRect()}catch(e){return new R(0,0,0,0)}b=new R(c.left,c.top,c.right-c.left,c.bottom-c.top);C&&a.ownerDocument.body&&(a=N(a),b.a-=a.documentElement.clientLeft+a.body.clientLeft,b.b-=a.documentElement.clientTop+a.body.clientTop);\nreturn b}\nfunction Oa(a){var b=P(a,\"MAP\");if(!b&&!P(a,\"AREA\"))return null;var c=b?a:P(a.parentNode,\"MAP\")?a.parentNode:null,e=null,d=null;if(c&&c.name){e='*[usemap=\"#'+c.name+'\"]';c=N(c);var f;if(f=\"function\"!=aa(c.querySelector)&&C&&(C?0\u003C=na(I,8):Ba(8))){f=c.querySelector;var h=typeof f;f=!(\"object\"==h&&null!=f||\"function\"==h)}if(f)throw Error(\"CSS selection is not supported\");if(!e)throw new m(32,\"No selector specified\");e=u(e);try{var n=c.querySelector(e)}catch(D){throw new m(32,\"An invalid or illegal selector was specified\");}if(e=\nn&&1==n.nodeType?n:null)d=V(e),b||\"default\"==a.shape.toLowerCase()||(a=Ra(a),b=Math.min(Math.max(a.a,0),d.width),n=Math.min(Math.max(a.b,0),d.height),d=new R(b+d.a,n+d.b,Math.min(a.width,d.width-b),Math.min(a.height,d.height-n)))}return{image:e,rect:d||new R(0,0,0,0)}}\nfunction Ra(a){var b=a.shape.toLowerCase();a=a.coords.split(\",\");if(\"rect\"==b&&4==a.length){b=a[0];var c=a[1];return new R(b,c,a[2]-b,a[3]-c)}if(\"circle\"==b&&3==a.length)return b=a[2],new R(a[0]-b,a[1]-b,2*b,2*b);if(\"poly\"==b&&2\u003Ca.length){b=a[0];c=a[1];for(var e=b,d=c,f=2;f+1\u003Ca.length;f+=2)b=Math.min(b,a[f]),e=Math.max(e,a[f]),c=Math.min(c,a[f+1]),d=Math.max(d,a[f+1]);return new R(b,c,e-b,d-c)}return new R(0,0,0,0)}function Qa(a){a=V(a);return new Q(a.b,a.a+a.width,a.b+a.height,a.a)}\nfunction Pa(a){if(Ia){if(\"relative\"==T(a,\"position\"))return 1;a=T(a,\"filter\");return(a=a.match(/^alpha\\(opacity=(\\d*)\\)/)||a.match(/^progid:DXImageTransform.Microsoft.Alpha\\(Opacity=(\\d*)\\)/))?Number(a[1])/100:1}return Sa(a)}function Sa(a){var b=1,c=T(a,\"opacity\");c&&(b=Number(c));(a=S(a))&&(b*=Sa(a));return b};function Ta(a,b){function c(e){if(P(e)&&\"none\"==T(e,\"display\"))return!1;var d;if((d=e.parentNode)&&d.shadowRoot&&void 0!==e.assignedSlot)d=e.assignedSlot?e.assignedSlot.parentNode:null;else if(e.getDestinationInsertionPoints){var f=e.getDestinationInsertionPoints();0\u003Cf.length&&(d=f[f.length-1])}if(La&&d instanceof ShadowRoot){if(d.host.shadowRoot&&d.host.shadowRoot!==d)return!1;d=d.host}return!d||9!=d.nodeType&&11!=d.nodeType?d&&P(d,\"DETAILS\")&&!d.open&&!P(e,\"SUMMARY\")?!1:!!d&&c(d):!0}return U(a,\n!!b,c)}var X=[\"_\"],Y=g;X[0]in Y||\"undefined\"==typeof Y.execScript||Y.execScript(\"var \"+X[0]);for(var Z;X.length&&(Z=X.shift());)X.length||void 0===Ta?Y[Z]&&Y[Z]!==Object.prototype[Z]?Y=Y[Z]:Y=Y[Z]={}:Y[Z]=Ta;; return this._.apply(null,arguments);}).apply({navigator:typeof window!='undefined'?window.navigator:null,document:typeof window!='undefined'?window.document:null}, arguments);}\n).apply(null, arguments);"
}
[1744521111.759][INFO]: Waiting for pending navigations...
[1744521111.765][INFO]: Done waiting for pending navigations. Status: ok
[1744521111.784][INFO]: Waiting for pending navigations...
[1744521111.786][INFO]: Done waiting for pending navigations. Status: ok
[1744521111.786][INFO]: [96366644e4e44a0331331087ddd55f7c] RESPONSE ExecuteScript true
[1744521111.792][INFO]: [96366644e4e44a0331331087ddd55f7c] COMMAND ExecuteScript {
   "args": [ {
      "element-6066-11e4-a52e-4f735466cecf": "f.FA7F9F0460E8C13CECE7AFB28C7D66DB.d.0C4AE97B349F22F0083DFBCECE0003F5.e.1020"
   } ],
   "script": "arguments[0].scrollIntoView(true);"
}
[1744521111.792][INFO]: Waiting for pending navigations...
[1744521111.798][INFO]: Done waiting for pending navigations. Status: ok
[1744521111.810][INFO]: Waiting for pending navigations...
[1744521111.838][INFO]: Done waiting for pending navigations. Status: ok
[1744521111.838][INFO]: [96366644e4e44a0331331087ddd55f7c] RESPONSE ExecuteScript null
[1744521111.844][INFO]: [96366644e4e44a0331331087ddd55f7c] COMMAND ClickElement {
   "id": "f.FA7F9F0460E8C13CECE7AFB28C7D66DB.d.0C4AE97B349F22F0083DFBCECE0003F5.e.1020"
}
[1744521111.844][INFO]: Waiting for pending navigations...
[1744521111.856][INFO]: Done waiting for pending navigations. Status: ok
[1744521113.076][INFO]: Waiting for pending navigations...
[1744521113.084][INFO]: Done waiting for pending navigations. Status: ok
[1744521113.084][INFO]: [96366644e4e44a0331331087ddd55f7c] RESPONSE ClickElement ERROR element click intercepted: Element <div class="XqNaEv"></div> is not clickable at point (31, 7). Other element would receive the click: <div class="LOe-Xr"></div>
  (Session info: chrome=135.0.7049.84)
[1744521113.093][INFO]: [96366644e4e44a0331331087ddd55f7c] COMMAND ExecuteScript {
   "args": [  ],
   "script": "window.scrollBy(0,1000)"
}
[1744521113.093][INFO]: Waiting for pending navigations...
[1744521113.100][INFO]: Done waiting for pending navigations. Status: ok
[1744521113.110][INFO]: Waiting for pending navigations...
[1744521113.137][INFO]: Done waiting for pending navigations. Status: ok
[1744521113.137][INFO]: [96366644e4e44a0331331087ddd55f7c] RESPONSE ExecuteScript null
[1744521113.146][INFO]: [96366644e4e44a0331331087ddd55f7c] COMMAND FindElements {
   "using": "xpath",
   "value": "//div[@class='slAVV4']"
}
[1744521113.147][INFO]: Waiting for pending navigations...
[1744521113.172][INFO]: Done waiting for pending navigations. Status: ok
[1744521113.221][INFO]: Waiting for pending navigations...
[1744521113.233][INFO]: Done waiting for pending navigations. Status: ok
[1744521113.233][INFO]: [96366644e4e44a0331331087ddd55f7c] RESPONSE FindElements [ {
   "element-6066-11e4-a52e-4f735466cecf": "f.FA7F9F0460E8C13CECE7AFB28C7D66DB.d.0C4AE97B349F22F0083DFBCECE0003F5.e.1023"
}, {
   "element-6066-11e4-a52e-4f735466cecf": "f.FA7F9F0460E8C13CECE7AFB28C7D66DB.d.0C4AE97B349F22F0083DFBCECE0003F5.e.1024"
}, {
   "element-6066-11e4-a52e-4f735466cecf": "f.FA7F9F0460E8C13CECE7AFB28C7D66DB.d.0C4AE97B349F22F0083DFBCECE0003F5.e.1025"
}, {
   "element-6066-11e4-a52e-4f735466cecf": "f.FA7F9F0460E8C13CECE7AFB28C7D66DB.d.0C4AE97B349F22F0083DFBCECE0003F5.e.1026"
}, {
   "element-6066-11e4-a52e-4f735466cecf": "f.FA7F9F0460E8C13CECE7AFB28C7D66DB.d.0C4AE97B349F22F0083DFBCECE0003F5.e.1027"
}, {
   "element-6066-11e4-a52e-4f735466cecf": "f.FA7F9F0460E8C13CECE7AFB28C7D66DB.d.0C4AE97B349F22F0083DFBCECE0003F5.e.1028"
}, {
   "element-6066-11e4-a52e-4f735466cecf": "f.FA7F9F0460E8C13CECE7AFB28C7D66DB.d.0C4AE97B349F22F0083DFBCECE0003F5.e.1029"
}, {
   "element-6066-11e4-a52e-4f735466cecf": "f.FA7F9F0460E8C13CECE7AFB28C7D66DB.d.0C4AE97B349F22F0083DFBCECE0003F5.e.1030"
}, {
   "element-6066-11e4-a52e-4f735466cecf": "f.FA7F9F0460E8C13CECE7AFB28C7D66DB.d.0C4AE97B349F22F0083DFBCECE0003F5.e.1031"
}, {
   "element-6066-11e4-a52e-4f735466cecf": "f.FA7F9F0460E8C13CECE7AFB28C7D66DB.d.0C4AE97B349F22F0083DFBCECE0003F5.e.1022"
}, {
   "element-6066-11e4-a52e-4f735466cecf": "f.FA7F9F0460E8C13CECE7AFB28C7D66DB.d.0C4AE97B349F22F0083DFBCECE0003F5.e.1032"
}, {
   "element-6066-11e4-a52e-4f735466cecf": "f.FA7F9F0460E8C13CECE7AFB28C7D66DB.d.0C4AE97B349F22F0083DFBCECE0003F5.e.1033"
}, {
   "element-6066-11e4-a52e-4f735466cecf": "f.FA7F9F0460E8C13CECE7AFB28C7D66DB.d.0C4AE97B349F22F0083DFBCECE0003F5.e.1034"
}, {
   "element-6066-11e4-a52e-4f735466cecf": "f.FA7F9F0460E8C13CECE7AFB28C7D66DB.d.0C4AE97B349F22F0083DFBCECE0003F5.e.1035"
}, {
   "element-6066-11e4-a52e-4f735466cecf": "f.FA7F9F0460E8C13CECE7AFB28C7D66DB.d.0C4AE97B349F22F0083DFBCECE0003F5.e.1036"
}, {
   "element-6066-11e4-a52e-4f735466cecf": "f.FA7F9F0460E8C13CECE7AFB28C7D66DB.d.0C4AE97B349F22F0083DFBCECE0003F5.e.1037"
}, {
   "element-6066-11e4-a52e-4f735466cecf": "f.FA7F9F0460E8C13CECE7AFB28C7D66DB.d.0C4AE97B349F22F0083DFBCECE0003F5.e.1038"
}, {
   "element-6066-11e4-a52e-4f735466cecf": "f.FA7F9F0460E8C13CECE7AFB28C7D66DB.d.0C4AE97B349F22F0083DFBCECE0003F5.e.1039"
}, {
   "element-6066-11e4-a52e-4f735466cecf": "f.FA7F9F0460E8C13CECE7AFB28C7D66DB.d.0C4AE97B349F22F0083DFBCECE0003F5.e.1040"
}, "..." ]
[1744521113.246][INFO]: [96366644e4e44a0331331087ddd55f7c] COMMAND FindChildElement {
   "id": "f.FA7F9F0460E8C13CECE7AFB28C7D66DB.d.0C4AE97B349F22F0083DFBCECE0003F5.e.1023",
   "using": "xpath",
   "value": ".//a[@class='wjcEIp']"
}
[1744521113.247][INFO]: Waiting for pending navigations...
[1744521113.248][INFO]: Done waiting for pending navigations. Status: ok
[1744521113.286][INFO]: Waiting for pending navigations...
[1744521113.288][INFO]: Done waiting for pending navigations. Status: ok
[1744521113.288][INFO]: [96366644e4e44a0331331087ddd55f7c] RESPONSE FindChildElement {
   "element-6066-11e4-a52e-4f735466cecf": "f.FA7F9F0460E8C13CECE7AFB28C7D66DB.d.0C4AE97B349F22F0083DFBCECE0003F5.e.1063"
}
[1744521113.294][INFO]: [96366644e4e44a0331331087ddd55f7c] COMMAND GetElementText {
   "id": "f.FA7F9F0460E8C13CECE7AFB28C7D66DB.d.0C4AE97B349F22F0083DFBCECE0003F5.e.1063"
}
[1744521113.295][INFO]: Waiting for pending navigations...
[1744521113.297][INFO]: Done waiting for pending navigations. Status: ok
[1744521113.361][INFO]: Waiting for pending navigations...
[1744521113.372][INFO]: Done waiting for pending navigations. Status: ok
[1744521113.372][INFO]: [96366644e4e44a0331331087ddd55f7c] RESPONSE GetElementText "Thiwa Tea/Milk Lid Cup Unbreakable Double Wall Hot and ..."
[1744521113.381][INFO]: [96366644e4e44a0331331087ddd55f7c] COMMAND FindChildElement {
   "id": "f.FA7F9F0460E8C13CECE7AFB28C7D66DB.d.0C4AE97B349F22F0083DFBCECE0003F5.e.1023",
   "using": "xpath",
   "value": ".//img[@class='DByuf4']"
}
[1744521113.381][INFO]: Waiting for pending navigations...
[1744521113.390][INFO]: Done waiting for pending navigations. Status: ok
[1744521113.430][INFO]: Waiting for pending navigations...
[1744521113.438][INFO]: Done waiting for pending navigations. Status: ok
[1744521113.438][INFO]: [96366644e4e44a0331331087ddd55f7c] RESPONSE FindChildElement {
   "element-6066-11e4-a52e-4f735466cecf": "f.FA7F9F0460E8C13CECE7AFB28C7D66DB.d.0C4AE97B349F22F0083DFBCECE0003F5.e.1064"
}
[1744521113.449][INFO]: [96366644e4e44a0331331087ddd55f7c] COMMAND ExecuteScript {
   "args": [ {
      "element-6066-11e4-a52e-4f735466cecf": "f.FA7F9F0460E8C13CECE7AFB28C7D66DB.d.0C4AE97B349F22F0083DFBCECE0003F5.e.1064"
   }, "src" ],
   "script": "/* getAttribute */return (function(){return (function(){var d=this||self;function f(a,b){function c(){}c.prototype=b.prototype;a.prototype=new c;a.prototype.constructor=a};var h=Array.prototype.indexOf?function(a,b){return Array.prototype.indexOf.call(a,b,void 0)}:function(a,b){if(\"string\"===typeof a)return\"string\"!==typeof b||1!=b.length?-1:a.indexOf(b,0);for(var c=0;c\u003Ca.length;c++)if(c in a&&a[c]===b)return c;return-1},k=Array.prototype.forEach?function(a,b){Array.prototype.forEach.call(a,b,void 0)}:function(a,b){for(var c=a.length,e=\"string\"===typeof a?a.split(\"\"):a,g=0;g\u003Cc;g++)g in e&&b.call(void 0,e[g],g,a)};function l(a,b){this.code=a;this.a=m[a]||n;this.message=b||\"\";a=this.a.replace(/((?:^|\\s+)[a-z])/g,function(c){return c.toUpperCase().replace(/^[\\s\\xa0]+/g,\"\")});b=a.length-5;if(0>b||a.indexOf(\"Error\",b)!=b)a+=\"Error\";this.name=a;a=Error(this.message);a.name=this.name;this.stack=a.stack||\"\"}f(l,Error);var n=\"unknown error\",m={15:\"element not selectable\",11:\"element not visible\"};m[31]=n;m[30]=n;m[24]=\"invalid cookie domain\";m[29]=\"invalid element coordinates\";m[12]=\"invalid element state\";m[32]=\"invalid selector\";\nm[51]=\"invalid selector\";m[52]=\"invalid selector\";m[17]=\"javascript error\";m[405]=\"unsupported operation\";m[34]=\"move target out of bounds\";m[27]=\"no such alert\";m[7]=\"no such element\";m[8]=\"no such frame\";m[23]=\"no such window\";m[28]=\"script timeout\";m[33]=\"session not created\";m[10]=\"stale element reference\";m[21]=\"timeout\";m[25]=\"unable to set cookie\";m[26]=\"unexpected alert open\";m[13]=n;m[9]=\"unknown command\";var p;a:{var q=d.navigator;if(q){var r=q.userAgent;if(r){p=r;break a}}p=\"\"}function t(a){return-1!=p.indexOf(a)};function u(){return t(\"Firefox\")||t(\"FxiOS\")}function v(){return(t(\"Chrome\")||t(\"CriOS\"))&&!t(\"Edge\")};function w(){return t(\"iPhone\")&&!t(\"iPod\")&&!t(\"iPad\")};var y=t(\"Opera\"),z=t(\"Trident\")||t(\"MSIE\"),A=t(\"Edge\"),B=t(\"Gecko\")&&!(-1!=p.toLowerCase().indexOf(\"webkit\")&&!t(\"Edge\"))&&!(t(\"Trident\")||t(\"MSIE\"))&&!t(\"Edge\"),C=-1!=p.toLowerCase().indexOf(\"webkit\")&&!t(\"Edge\");function D(){var a=d.document;return a?a.documentMode:void 0}var E;\na:{var F=\"\",G=function(){var a=p;if(B)return/rv:([^\\);]+)(\\)|;)/.exec(a);if(A)return/Edge\\/([\\d\\.]+)/.exec(a);if(z)return/\\b(?:MSIE|rv)[: ]([^\\);]+)(\\)|;)/.exec(a);if(C)return/WebKit\\/(\\S+)/.exec(a);if(y)return/(?:Version)[ \\/]?(\\S+)/.exec(a)}();G&&(F=G?G[1]:\"\");if(z){var H=D();if(null!=H&&H>parseFloat(F)){E=String(H);break a}}E=F}var I;I=d.document&&z?D():void 0;var J=u(),K=w()||t(\"iPod\"),L=t(\"iPad\"),M=t(\"Android\")&&!(v()||u()||t(\"Opera\")||t(\"Silk\")),N=v(),aa=t(\"Safari\")&&!(v()||t(\"Coast\")||t(\"Opera\")||t(\"Edge\")||t(\"Edg/\")||t(\"OPR\")||u()||t(\"Silk\")||t(\"Android\"))&&!(w()||t(\"iPad\")||t(\"iPod\"));function O(a){return(a=a.exec(p))?a[1]:\"\"}(function(){if(J)return O(/Firefox\\/([0-9.]+)/);if(z||A||y)return E;if(N)return w()||t(\"iPad\")||t(\"iPod\")?O(/CriOS\\/([0-9.]+)/):O(/Chrome\\/([0-9.]+)/);if(aa&&!(w()||t(\"iPad\")||t(\"iPod\")))return O(/Version\\/([0-9.]+)/);if(K||L){var a=/Version\\/(\\S+).*Mobile\\/(\\S+)/.exec(p);if(a)return a[1]+\".\"+a[2]}else if(M)return(a=O(/Android\\s+([0-9.]+)/))?a:O(/Version\\/([0-9.]+)/);return\"\"})();var P=z&&!(8\u003C=Number(I)),ba=z&&!(9\u003C=Number(I));var ca={SCRIPT:1,STYLE:1,HEAD:1,IFRAME:1,OBJECT:1},Q={IMG:\" \",BR:\"\\n\"};function R(a,b,c){if(!(a.nodeName in ca))if(3==a.nodeType)c?b.push(String(a.nodeValue).replace(/(\\r\\n|\\r|\\n)/g,\"\")):b.push(a.nodeValue);else if(a.nodeName in Q)b.push(Q[a.nodeName]);else for(a=a.firstChild;a;)R(a,b,c),a=a.nextSibling};function S(a,b){b=b.toLowerCase();return\"style\"==b?da(a.style.cssText):P&&\"value\"==b&&T(a,\"INPUT\")?a.value:ba&&!0===a[b]?String(a.getAttribute(b)):(a=a.getAttributeNode(b))&&a.specified?a.value:null}var ea=/[;]+(?=(?:(?:[^\"]*\"){2})*[^\"]*$)(?=(?:(?:[^']*'){2})*[^']*$)(?=(?:[^()]*\\([^()]*\\))*[^()]*$)/;\nfunction da(a){var b=[];k(a.split(ea),function(c){var e=c.indexOf(\":\");0\u003Ce&&(c=[c.slice(0,e),c.slice(e+1)],2==c.length&&b.push(c[0].toLowerCase(),\":\",c[1],\";\"))});b=b.join(\"\");return b=\";\"==b.charAt(b.length-1)?b:b+\";\"}function U(a,b){P&&\"value\"==b&&T(a,\"OPTION\")&&null===S(a,\"value\")?(b=[],R(a,b,!1),a=b.join(\"\")):a=a[b];return a}function T(a,b){b&&\"string\"!==typeof b&&(b=b.toString());return!!a&&1==a.nodeType&&(!b||a.tagName.toUpperCase()==b)}\nfunction V(a){return T(a,\"OPTION\")?!0:T(a,\"INPUT\")?(a=a.type.toLowerCase(),\"checkbox\"==a||\"radio\"==a):!1};var fa={\"class\":\"className\",readonly:\"readOnly\"},ha=\"allowfullscreen allowpaymentrequest allowusermedia async autofocus autoplay checked compact complete controls declare default defaultchecked defaultselected defer disabled ended formnovalidate hidden indeterminate iscontenteditable ismap itemscope loop multiple muted nohref nomodule noresize noshade novalidate nowrap open paused playsinline pubdate readonly required reversed scoped seamless seeking selected truespeed typemustmatch willvalidate\".split(\" \");function W(a,b){var c=null,e=b.toLowerCase();if(\"style\"==e)return(c=a.style)&&\"string\"!=typeof c&&(c=c.cssText),c;if((\"selected\"==e||\"checked\"==e)&&V(a)){if(!V(a))throw new l(15,\"Element is not selectable\");b=\"selected\";c=a.type&&a.type.toLowerCase();if(\"checkbox\"==c||\"radio\"==c)b=\"checked\";return U(a,b)?\"true\":null}var g=T(a,\"A\");if(T(a,\"IMG\")&&\"src\"==e||g&&\"href\"==e)return(c=S(a,e))&&(c=U(a,e)),c;if(\"spellcheck\"==e){c=S(a,e);if(null!==c){if(\"false\"==c.toLowerCase())return\"false\";if(\"true\"==c.toLowerCase())return\"true\"}return U(a,\ne)+\"\"}g=fa[b]||b;if(0\u003C=h(ha,e))return(c=null!==S(a,b)||U(a,g))?\"true\":null;try{var x=U(a,g)}catch(ia){}(e=null==x)||(e=typeof x,e=\"object\"==e&&null!=x||\"function\"==e);e?c=S(a,b):c=x;return null!=c?c.toString():null}var X=[\"_\"],Y=d;X[0]in Y||\"undefined\"==typeof Y.execScript||Y.execScript(\"var \"+X[0]);for(var Z;X.length&&(Z=X.shift());)X.length||void 0===W?Y[Z]&&Y[Z]!==Object.prototype[Z]?Y=Y[Z]:Y=Y[Z]={}:Y[Z]=W;; return this._.apply(null,arguments);}).apply({navigator:typeof window!='undefined'?window.navigator:null,document:typeof window!='undefined'?window.document:null}, arguments);}\n).apply(null, arguments);"
}
[1744521113.450][INFO]: Waiting for pending navigations...
[1744521113.454][INFO]: Done waiting for pending navigations. Status: ok
[1744521113.476][INFO]: Waiting for pending navigations...
[1744521113.487][INFO]: Done waiting for pending navigations. Status: ok
[1744521113.487][INFO]: [96366644e4e44a0331331087ddd55f7c] RESPONSE ExecuteScript "https://rukminim2.flixcart.com/image/612/612/xif0q/mug/9/s/t/tea-milk-lid-cup-unbreakable-double-wall-hot-and-cool-300-2-original-imahavg8uhphf9tf.jpeg?q=70"
[1744521113.492][INFO]: [96366644e4e44a0331331087ddd55f7c] COMMAND FindChildElement {
   "id": "f.FA7F9F0460E8C13CECE7AFB28C7D66DB.d.0C4AE97B349F22F0083DFBCECE0003F5.e.1023",
   "using": "xpath",
   "value": ".//span[@class='Wphh3N']"
}
[1744521113.492][INFO]: Waiting for pending navigations...
[1744521113.494][INFO]: Done waiting for pending navigations. Status: ok
[1744521113.535][INFO]: Waiting for pending navigations...
[1744521113.541][INFO]: Done waiting for pending navigations. Status: ok
[1744521113.541][INFO]: [96366644e4e44a0331331087ddd55f7c] RESPONSE FindChildElement {
   "element-6066-11e4-a52e-4f735466cecf": "f.FA7F9F0460E8C13CECE7AFB28C7D66DB.d.0C4AE97B349F22F0083DFBCECE0003F5.e.1065"
}
[1744521113.546][INFO]: [96366644e4e44a0331331087ddd55f7c] COMMAND GetElementText {
   "id": "f.FA7F9F0460E8C13CECE7AFB28C7D66DB.d.0C4AE97B349F22F0083DFBCECE0003F5.e.1065"
}
[1744521113.546][INFO]: Waiting for pending navigations...
[1744521113.555][INFO]: Done waiting for pending navigations. Status: ok
[1744521113.573][INFO]: Waiting for pending navigations...
[1744521113.574][INFO]: Done waiting for pending navigations. Status: ok
[1744521113.574][INFO]: [96366644e4e44a0331331087ddd55f7c] RESPONSE GetElementText "(9,985)"
[1744521113.580][INFO]: [96366644e4e44a0331331087ddd55f7c] COMMAND FindChildElement {
   "id": "f.FA7F9F0460E8C13CECE7AFB28C7D66DB.d.0C4AE97B349F22F0083DFBCECE0003F5.e.1024",
   "using": "xpath",
   "value": ".//a[@class='wjcEIp']"
}
[1744521113.580][INFO]: Waiting for pending navigations...
[1744521113.586][INFO]: Done waiting for pending navigations. Status: ok
[1744521113.605][INFO]: Waiting for pending navigations...
[1744521113.607][INFO]: Done waiting for pending navigations. Status: ok
[1744521113.607][INFO]: [96366644e4e44a0331331087ddd55f7c] RESPONSE FindChildElement {
   "element-6066-11e4-a52e-4f735466cecf": "f.FA7F9F0460E8C13CECE7AFB28C7D66DB.d.0C4AE97B349F22F0083DFBCECE0003F5.e.1066"
}
[1744521113.612][INFO]: [96366644e4e44a0331331087ddd55f7c] COMMAND GetElementText {
   "id": "f.FA7F9F0460E8C13CECE7AFB28C7D66DB.d.0C4AE97B349F22F0083DFBCECE0003F5.e.1066"
}
[1744521113.612][INFO]: Waiting for pending navigations...
[1744521113.618][INFO]: Done waiting for pending navigations. Status: ok
[1744521113.641][INFO]: Waiting for pending navigations...
[1744521113.642][INFO]: Done waiting for pending navigations. Status: ok
[1744521113.643][INFO]: [96366644e4e44a0331331087ddd55f7c] RESPONSE GetElementText "Sophronal Double Wall Glass Coffee Cups Clear Glass Tea..."
[1744521113.649][INFO]: [96366644e4e44a0331331087ddd55f7c] COMMAND FindChildElement {
   "id": "f.FA7F9F0460E8C13CECE7AFB28C7D66DB.d.0C4AE97B349F22F0083DFBCECE0003F5.e.1024",
   "using": "xpath",
   "value": ".//img[@class='DByuf4']"
}
[1744521113.649][INFO]: Waiting for pending navigations...
[1744521113.652][INFO]: Done waiting for pending navigations. Status: ok
[1744521113.672][INFO]: Waiting for pending navigations...
[1744521113.674][INFO]: Done waiting for pending navigations. Status: ok
[1744521113.674][INFO]: [96366644e4e44a0331331087ddd55f7c] RESPONSE FindChildElement {
   "element-6066-11e4-a52e-4f735466cecf": "f.FA7F9F0460E8C13CECE7AFB28C7D66DB.d.0C4AE97B349F22F0083DFBCECE0003F5.e.1016"
}
[1744521113.682][INFO]: [96366644e4e44a0331331087ddd55f7c] COMMAND ExecuteScript {
   "args": [ {
      "element-6066-11e4-a52e-4f735466cecf": "f.FA7F9F0460E8C13CECE7AFB28C7D66DB.d.0C4AE97B349F22F0083DFBCECE0003F5.e.1016"
   }, "src" ],
   "script": "/* getAttribute */return (function(){return (function(){var d=this||self;function f(a,b){function c(){}c.prototype=b.prototype;a.prototype=new c;a.prototype.constructor=a};var h=Array.prototype.indexOf?function(a,b){return Array.prototype.indexOf.call(a,b,void 0)}:function(a,b){if(\"string\"===typeof a)return\"string\"!==typeof b||1!=b.length?-1:a.indexOf(b,0);for(var c=0;c\u003Ca.length;c++)if(c in a&&a[c]===b)return c;return-1},k=Array.prototype.forEach?function(a,b){Array.prototype.forEach.call(a,b,void 0)}:function(a,b){for(var c=a.length,e=\"string\"===typeof a?a.split(\"\"):a,g=0;g\u003Cc;g++)g in e&&b.call(void 0,e[g],g,a)};function l(a,b){this.code=a;this.a=m[a]||n;this.message=b||\"\";a=this.a.replace(/((?:^|\\s+)[a-z])/g,function(c){return c.toUpperCase().replace(/^[\\s\\xa0]+/g,\"\")});b=a.length-5;if(0>b||a.indexOf(\"Error\",b)!=b)a+=\"Error\";this.name=a;a=Error(this.message);a.name=this.name;this.stack=a.stack||\"\"}f(l,Error);var n=\"unknown error\",m={15:\"element not selectable\",11:\"element not visible\"};m[31]=n;m[30]=n;m[24]=\"invalid cookie domain\";m[29]=\"invalid element coordinates\";m[12]=\"invalid element state\";m[32]=\"invalid selector\";\nm[51]=\"invalid selector\";m[52]=\"invalid selector\";m[17]=\"javascript error\";m[405]=\"unsupported operation\";m[34]=\"move target out of bounds\";m[27]=\"no such alert\";m[7]=\"no such element\";m[8]=\"no such frame\";m[23]=\"no such window\";m[28]=\"script timeout\";m[33]=\"session not created\";m[10]=\"stale element reference\";m[21]=\"timeout\";m[25]=\"unable to set cookie\";m[26]=\"unexpected alert open\";m[13]=n;m[9]=\"unknown command\";var p;a:{var q=d.navigator;if(q){var r=q.userAgent;if(r){p=r;break a}}p=\"\"}function t(a){return-1!=p.indexOf(a)};function u(){return t(\"Firefox\")||t(\"FxiOS\")}function v(){return(t(\"Chrome\")||t(\"CriOS\"))&&!t(\"Edge\")};function w(){return t(\"iPhone\")&&!t(\"iPod\")&&!t(\"iPad\")};var y=t(\"Opera\"),z=t(\"Trident\")||t(\"MSIE\"),A=t(\"Edge\"),B=t(\"Gecko\")&&!(-1!=p.toLowerCase().indexOf(\"webkit\")&&!t(\"Edge\"))&&!(t(\"Trident\")||t(\"MSIE\"))&&!t(\"Edge\"),C=-1!=p.toLowerCase().indexOf(\"webkit\")&&!t(\"Edge\");function D(){var a=d.document;return a?a.documentMode:void 0}var E;\na:{var F=\"\",G=function(){var a=p;if(B)return/rv:([^\\);]+)(\\)|;)/.exec(a);if(A)return/Edge\\/([\\d\\.]+)/.exec(a);if(z)return/\\b(?:MSIE|rv)[: ]([^\\);]+)(\\)|;)/.exec(a);if(C)return/WebKit\\/(\\S+)/.exec(a);if(y)return/(?:Version)[ \\/]?(\\S+)/.exec(a)}();G&&(F=G?G[1]:\"\");if(z){var H=D();if(null!=H&&H>parseFloat(F)){E=String(H);break a}}E=F}var I;I=d.document&&z?D():void 0;var J=u(),K=w()||t(\"iPod\"),L=t(\"iPad\"),M=t(\"Android\")&&!(v()||u()||t(\"Opera\")||t(\"Silk\")),N=v(),aa=t(\"Safari\")&&!(v()||t(\"Coast\")||t(\"Opera\")||t(\"Edge\")||t(\"Edg/\")||t(\"OPR\")||u()||t(\"Silk\")||t(\"Android\"))&&!(w()||t(\"iPad\")||t(\"iPod\"));function O(a){return(a=a.exec(p))?a[1]:\"\"}(function(){if(J)return O(/Firefox\\/([0-9.]+)/);if(z||A||y)return E;if(N)return w()||t(\"iPad\")||t(\"iPod\")?O(/CriOS\\/([0-9.]+)/):O(/Chrome\\/([0-9.]+)/);if(aa&&!(w()||t(\"iPad\")||t(\"iPod\")))return O(/Version\\/([0-9.]+)/);if(K||L){var a=/Version\\/(\\S+).*Mobile\\/(\\S+)/.exec(p);if(a)return a[1]+\".\"+a[2]}else if(M)return(a=O(/Android\\s+([0-9.]+)/))?a:O(/Version\\/([0-9.]+)/);return\"\"})();var P=z&&!(8\u003C=Number(I)),ba=z&&!(9\u003C=Number(I));var ca={SCRIPT:1,STYLE:1,HEAD:1,IFRAME:1,OBJECT:1},Q={IMG:\" \",BR:\"\\n\"};function R(a,b,c){if(!(a.nodeName in ca))if(3==a.nodeType)c?b.push(String(a.nodeValue).replace(/(\\r\\n|\\r|\\n)/g,\"\")):b.push(a.nodeValue);else if(a.nodeName in Q)b.push(Q[a.nodeName]);else for(a=a.firstChild;a;)R(a,b,c),a=a.nextSibling};function S(a,b){b=b.toLowerCase();return\"style\"==b?da(a.style.cssText):P&&\"value\"==b&&T(a,\"INPUT\")?a.value:ba&&!0===a[b]?String(a.getAttribute(b)):(a=a.getAttributeNode(b))&&a.specified?a.value:null}var ea=/[;]+(?=(?:(?:[^\"]*\"){2})*[^\"]*$)(?=(?:(?:[^']*'){2})*[^']*$)(?=(?:[^()]*\\([^()]*\\))*[^()]*$)/;\nfunction da(a){var b=[];k(a.split(ea),function(c){var e=c.indexOf(\":\");0\u003Ce&&(c=[c.slice(0,e),c.slice(e+1)],2==c.length&&b.push(c[0].toLowerCase(),\":\",c[1],\";\"))});b=b.join(\"\");return b=\";\"==b.charAt(b.length-1)?b:b+\";\"}function U(a,b){P&&\"value\"==b&&T(a,\"OPTION\")&&null===S(a,\"value\")?(b=[],R(a,b,!1),a=b.join(\"\")):a=a[b];return a}function T(a,b){b&&\"string\"!==typeof b&&(b=b.toString());return!!a&&1==a.nodeType&&(!b||a.tagName.toUpperCase()==b)}\nfunction V(a){return T(a,\"OPTION\")?!0:T(a,\"INPUT\")?(a=a.type.toLowerCase(),\"checkbox\"==a||\"radio\"==a):!1};var fa={\"class\":\"className\",readonly:\"readOnly\"},ha=\"allowfullscreen allowpaymentrequest allowusermedia async autofocus autoplay checked compact complete controls declare default defaultchecked defaultselected defer disabled ended formnovalidate hidden indeterminate iscontenteditable ismap itemscope loop multiple muted nohref nomodule noresize noshade novalidate nowrap open paused playsinline pubdate readonly required reversed scoped seamless seeking selected truespeed typemustmatch willvalidate\".split(\" \");function W(a,b){var c=null,e=b.toLowerCase();if(\"style\"==e)return(c=a.style)&&\"string\"!=typeof c&&(c=c.cssText),c;if((\"selected\"==e||\"checked\"==e)&&V(a)){if(!V(a))throw new l(15,\"Element is not selectable\");b=\"selected\";c=a.type&&a.type.toLowerCase();if(\"checkbox\"==c||\"radio\"==c)b=\"checked\";return U(a,b)?\"true\":null}var g=T(a,\"A\");if(T(a,\"IMG\")&&\"src\"==e||g&&\"href\"==e)return(c=S(a,e))&&(c=U(a,e)),c;if(\"spellcheck\"==e){c=S(a,e);if(null!==c){if(\"false\"==c.toLowerCase())return\"false\";if(\"true\"==c.toLowerCase())return\"true\"}return U(a,\ne)+\"\"}g=fa[b]||b;if(0\u003C=h(ha,e))return(c=null!==S(a,b)||U(a,g))?\"true\":null;try{var x=U(a,g)}catch(ia){}(e=null==x)||(e=typeof x,e=\"object\"==e&&null!=x||\"function\"==e);e?c=S(a,b):c=x;return null!=c?c.toString():null}var X=[\"_\"],Y=d;X[0]in Y||\"undefined\"==typeof Y.execScript||Y.execScript(\"var \"+X[0]);for(var Z;X.length&&(Z=X.shift());)X.length||void 0===W?Y[Z]&&Y[Z]!==Object.prototype[Z]?Y=Y[Z]:Y=Y[Z]={}:Y[Z]=W;; return this._.apply(null,arguments);}).apply({navigator:typeof window!='undefined'?window.navigator:null,document:typeof window!='undefined'?window.document:null}, arguments);}\n).apply(null, arguments);"
}
[1744521113.682][INFO]: Waiting for pending navigations...
[1744521113.685][INFO]: Done waiting for pending navigations. Status: ok
[1744521113.698][INFO]: Waiting for pending navigations...
[1744521113.704][INFO]: Done waiting for pending navigations. Status: ok
[1744521113.704][INFO]: [96366644e4e44a0331331087ddd55f7c] RESPONSE ExecuteScript "https://rukminim2.flixcart.com/image/612/612/xif0q/mug/p/a/j/double-wall-glass-coffee-cups-clear-glass-tea-and-coffee-cup-original-imahaf9dekzaqzwg.jpeg?q=70"
[1744521113.709][INFO]: [96366644e4e44a0331331087ddd55f7c] COMMAND FindChildElement {
   "id": "f.FA7F9F0460E8C13CECE7AFB28C7D66DB.d.0C4AE97B349F22F0083DFBCECE0003F5.e.1024",
   "using": "xpath",
   "value": ".//span[@class='Wphh3N']"
}
[1744521113.709][INFO]: Waiting for pending navigations...
[1744521113.711][INFO]: Done waiting for pending navigations. Status: ok
[1744521123.749][INFO]: Waiting for pending navigations...
[1744521123.750][INFO]: Done waiting for pending navigations. Status: ok
[1744521123.750][INFO]: [96366644e4e44a0331331087ddd55f7c] RESPONSE FindChildElement ERROR no such element: Unable to locate element: {"method":"xpath","selector":".//span[@class='Wphh3N']"}
  (Session info: chrome=135.0.7049.84)
[1744521123.759][INFO]: [96366644e4e44a0331331087ddd55f7c] COMMAND FindChildElement {
   "id": "f.FA7F9F0460E8C13CECE7AFB28C7D66DB.d.0C4AE97B349F22F0083DFBCECE0003F5.e.1025",
   "using": "xpath",
   "value": ".//a[@class='wjcEIp']"
}
[1744521123.759][INFO]: Waiting for pending navigations...
[1744521123.761][INFO]: Done waiting for pending navigations. Status: ok
[1744521123.777][INFO]: Waiting for pending navigations...
[1744521123.779][INFO]: Done waiting for pending navigations. Status: ok
[1744521123.779][INFO]: [96366644e4e44a0331331087ddd55f7c] RESPONSE FindChildElement {
   "element-6066-11e4-a52e-4f735466cecf": "f.FA7F9F0460E8C13CECE7AFB28C7D66DB.d.0C4AE97B349F22F0083DFBCECE0003F5.e.1069"
}
[1744521123.784][INFO]: [96366644e4e44a0331331087ddd55f7c] COMMAND GetElementText {
   "id": "f.FA7F9F0460E8C13CECE7AFB28C7D66DB.d.0C4AE97B349F22F0083DFBCECE0003F5.e.1069"
}
[1744521123.784][INFO]: Waiting for pending navigations...
[1744521123.786][INFO]: Done waiting for pending navigations. Status: ok
[1744521123.804][INFO]: Waiting for pending navigations...
[1744521123.805][INFO]: Done waiting for pending navigations. Status: ok
[1744521123.805][INFO]: [96366644e4e44a0331331087ddd55f7c] RESPONSE GetElementText "OFFYX Stainless Steel Tea Cup Stainless Steel Coffee wi..."
[1744521123.812][INFO]: [96366644e4e44a0331331087ddd55f7c] COMMAND FindChildElement {
   "id": "f.FA7F9F0460E8C13CECE7AFB28C7D66DB.d.0C4AE97B349F22F0083DFBCECE0003F5.e.1025",
   "using": "xpath",
   "value": ".//img[@class='DByuf4']"
}
[1744521123.812][INFO]: Waiting for pending navigations...
[1744521123.813][INFO]: Done waiting for pending navigations. Status: ok
[1744521123.831][INFO]: Waiting for pending navigations...
[1744521123.832][INFO]: Done waiting for pending navigations. Status: ok
[1744521123.832][INFO]: [96366644e4e44a0331331087ddd55f7c] RESPONSE FindChildElement {
   "element-6066-11e4-a52e-4f735466cecf": "f.FA7F9F0460E8C13CECE7AFB28C7D66DB.d.0C4AE97B349F22F0083DFBCECE0003F5.e.1070"
}
[1744521123.839][INFO]: [96366644e4e44a0331331087ddd55f7c] COMMAND ExecuteScript {
   "args": [ {
      "element-6066-11e4-a52e-4f735466cecf": "f.FA7F9F0460E8C13CECE7AFB28C7D66DB.d.0C4AE97B349F22F0083DFBCECE0003F5.e.1070"
   }, "src" ],
   "script": "/* getAttribute */return (function(){return (function(){var d=this||self;function f(a,b){function c(){}c.prototype=b.prototype;a.prototype=new c;a.prototype.constructor=a};var h=Array.prototype.indexOf?function(a,b){return Array.prototype.indexOf.call(a,b,void 0)}:function(a,b){if(\"string\"===typeof a)return\"string\"!==typeof b||1!=b.length?-1:a.indexOf(b,0);for(var c=0;c\u003Ca.length;c++)if(c in a&&a[c]===b)return c;return-1},k=Array.prototype.forEach?function(a,b){Array.prototype.forEach.call(a,b,void 0)}:function(a,b){for(var c=a.length,e=\"string\"===typeof a?a.split(\"\"):a,g=0;g\u003Cc;g++)g in e&&b.call(void 0,e[g],g,a)};function l(a,b){this.code=a;this.a=m[a]||n;this.message=b||\"\";a=this.a.replace(/((?:^|\\s+)[a-z])/g,function(c){return c.toUpperCase().replace(/^[\\s\\xa0]+/g,\"\")});b=a.length-5;if(0>b||a.indexOf(\"Error\",b)!=b)a+=\"Error\";this.name=a;a=Error(this.message);a.name=this.name;this.stack=a.stack||\"\"}f(l,Error);var n=\"unknown error\",m={15:\"element not selectable\",11:\"element not visible\"};m[31]=n;m[30]=n;m[24]=\"invalid cookie domain\";m[29]=\"invalid element coordinates\";m[12]=\"invalid element state\";m[32]=\"invalid selector\";\nm[51]=\"invalid selector\";m[52]=\"invalid selector\";m[17]=\"javascript error\";m[405]=\"unsupported operation\";m[34]=\"move target out of bounds\";m[27]=\"no such alert\";m[7]=\"no such element\";m[8]=\"no such frame\";m[23]=\"no such window\";m[28]=\"script timeout\";m[33]=\"session not created\";m[10]=\"stale element reference\";m[21]=\"timeout\";m[25]=\"unable to set cookie\";m[26]=\"unexpected alert open\";m[13]=n;m[9]=\"unknown command\";var p;a:{var q=d.navigator;if(q){var r=q.userAgent;if(r){p=r;break a}}p=\"\"}function t(a){return-1!=p.indexOf(a)};function u(){return t(\"Firefox\")||t(\"FxiOS\")}function v(){return(t(\"Chrome\")||t(\"CriOS\"))&&!t(\"Edge\")};function w(){return t(\"iPhone\")&&!t(\"iPod\")&&!t(\"iPad\")};var y=t(\"Opera\"),z=t(\"Trident\")||t(\"MSIE\"),A=t(\"Edge\"),B=t(\"Gecko\")&&!(-1!=p.toLowerCase().indexOf(\"webkit\")&&!t(\"Edge\"))&&!(t(\"Trident\")||t(\"MSIE\"))&&!t(\"Edge\"),C=-1!=p.toLowerCase().indexOf(\"webkit\")&&!t(\"Edge\");function D(){var a=d.document;return a?a.documentMode:void 0}var E;\na:{var F=\"\",G=function(){var a=p;if(B)return/rv:([^\\);]+)(\\)|;)/.exec(a);if(A)return/Edge\\/([\\d\\.]+)/.exec(a);if(z)return/\\b(?:MSIE|rv)[: ]([^\\);]+)(\\)|;)/.exec(a);if(C)return/WebKit\\/(\\S+)/.exec(a);if(y)return/(?:Version)[ \\/]?(\\S+)/.exec(a)}();G&&(F=G?G[1]:\"\");if(z){var H=D();if(null!=H&&H>parseFloat(F)){E=String(H);break a}}E=F}var I;I=d.document&&z?D():void 0;var J=u(),K=w()||t(\"iPod\"),L=t(\"iPad\"),M=t(\"Android\")&&!(v()||u()||t(\"Opera\")||t(\"Silk\")),N=v(),aa=t(\"Safari\")&&!(v()||t(\"Coast\")||t(\"Opera\")||t(\"Edge\")||t(\"Edg/\")||t(\"OPR\")||u()||t(\"Silk\")||t(\"Android\"))&&!(w()||t(\"iPad\")||t(\"iPod\"));function O(a){return(a=a.exec(p))?a[1]:\"\"}(function(){if(J)return O(/Firefox\\/([0-9.]+)/);if(z||A||y)return E;if(N)return w()||t(\"iPad\")||t(\"iPod\")?O(/CriOS\\/([0-9.]+)/):O(/Chrome\\/([0-9.]+)/);if(aa&&!(w()||t(\"iPad\")||t(\"iPod\")))return O(/Version\\/([0-9.]+)/);if(K||L){var a=/Version\\/(\\S+).*Mobile\\/(\\S+)/.exec(p);if(a)return a[1]+\".\"+a[2]}else if(M)return(a=O(/Android\\s+([0-9.]+)/))?a:O(/Version\\/([0-9.]+)/);return\"\"})();var P=z&&!(8\u003C=Number(I)),ba=z&&!(9\u003C=Number(I));var ca={SCRIPT:1,STYLE:1,HEAD:1,IFRAME:1,OBJECT:1},Q={IMG:\" \",BR:\"\\n\"};function R(a,b,c){if(!(a.nodeName in ca))if(3==a.nodeType)c?b.push(String(a.nodeValue).replace(/(\\r\\n|\\r|\\n)/g,\"\")):b.push(a.nodeValue);else if(a.nodeName in Q)b.push(Q[a.nodeName]);else for(a=a.firstChild;a;)R(a,b,c),a=a.nextSibling};function S(a,b){b=b.toLowerCase();return\"style\"==b?da(a.style.cssText):P&&\"value\"==b&&T(a,\"INPUT\")?a.value:ba&&!0===a[b]?String(a.getAttribute(b)):(a=a.getAttributeNode(b))&&a.specified?a.value:null}var ea=/[;]+(?=(?:(?:[^\"]*\"){2})*[^\"]*$)(?=(?:(?:[^']*'){2})*[^']*$)(?=(?:[^()]*\\([^()]*\\))*[^()]*$)/;\nfunction da(a){var b=[];k(a.split(ea),function(c){var e=c.indexOf(\":\");0\u003Ce&&(c=[c.slice(0,e),c.slice(e+1)],2==c.length&&b.push(c[0].toLowerCase(),\":\",c[1],\";\"))});b=b.join(\"\");return b=\";\"==b.charAt(b.length-1)?b:b+\";\"}function U(a,b){P&&\"value\"==b&&T(a,\"OPTION\")&&null===S(a,\"value\")?(b=[],R(a,b,!1),a=b.join(\"\")):a=a[b];return a}function T(a,b){b&&\"string\"!==typeof b&&(b=b.toString());return!!a&&1==a.nodeType&&(!b||a.tagName.toUpperCase()==b)}\nfunction V(a){return T(a,\"OPTION\")?!0:T(a,\"INPUT\")?(a=a.type.toLowerCase(),\"checkbox\"==a||\"radio\"==a):!1};var fa={\"class\":\"className\",readonly:\"readOnly\"},ha=\"allowfullscreen allowpaymentrequest allowusermedia async autofocus autoplay checked compact complete controls declare default defaultchecked defaultselected defer disabled ended formnovalidate hidden indeterminate iscontenteditable ismap itemscope loop multiple muted nohref nomodule noresize noshade novalidate nowrap open paused playsinline pubdate readonly required reversed scoped seamless seeking selected truespeed typemustmatch willvalidate\".split(\" \");function W(a,b){var c=null,e=b.toLowerCase();if(\"style\"==e)return(c=a.style)&&\"string\"!=typeof c&&(c=c.cssText),c;if((\"selected\"==e||\"checked\"==e)&&V(a)){if(!V(a))throw new l(15,\"Element is not selectable\");b=\"selected\";c=a.type&&a.type.toLowerCase();if(\"checkbox\"==c||\"radio\"==c)b=\"checked\";return U(a,b)?\"true\":null}var g=T(a,\"A\");if(T(a,\"IMG\")&&\"src\"==e||g&&\"href\"==e)return(c=S(a,e))&&(c=U(a,e)),c;if(\"spellcheck\"==e){c=S(a,e);if(null!==c){if(\"false\"==c.toLowerCase())return\"false\";if(\"true\"==c.toLowerCase())return\"true\"}return U(a,\ne)+\"\"}g=fa[b]||b;if(0\u003C=h(ha,e))return(c=null!==S(a,b)||U(a,g))?\"true\":null;try{var x=U(a,g)}catch(ia){}(e=null==x)||(e=typeof x,e=\"object\"==e&&null!=x||\"function\"==e);e?c=S(a,b):c=x;return null!=c?c.toString():null}var X=[\"_\"],Y=d;X[0]in Y||\"undefined\"==typeof Y.execScript||Y.execScript(\"var \"+X[0]);for(var Z;X.length&&(Z=X.shift());)X.length||void 0===W?Y[Z]&&Y[Z]!==Object.prototype[Z]?Y=Y[Z]:Y=Y[Z]={}:Y[Z]=W;; return this._.apply(null,arguments);}).apply({navigator:typeof window!='undefined'?window.navigator:null,document:typeof window!='undefined'?window.document:null}, arguments);}\n).apply(null, arguments);"
}
[1744521123.839][INFO]: Waiting for pending navigations...
[1744521123.841][INFO]: Done waiting for pending navigations. Status: ok
[1744521123.852][INFO]: Waiting for pending navigations...
[1744521123.853][INFO]: Done waiting for pending navigations. Status: ok
[1744521123.853][INFO]: [96366644e4e44a0331331087ddd55f7c] RESPONSE ExecuteScript "https://rukminim2.flixcart.com/image/612/612/xif0q/shopsy-mug/1/d/u/coffee-mug-300-coffee-mug-rc-enterprises-original-imah3h44jtbxgpfx.jpeg?q=70"
[1744521123.859][INFO]: [96366644e4e44a0331331087ddd55f7c] COMMAND FindChildElement {
   "id": "f.FA7F9F0460E8C13CECE7AFB28C7D66DB.d.0C4AE97B349F22F0083DFBCECE0003F5.e.1025",
   "using": "xpath",
   "value": ".//span[@class='Wphh3N']"
}
[1744521123.859][INFO]: Waiting for pending navigations...
[1744521123.860][INFO]: Done waiting for pending navigations. Status: ok
[1744521123.877][INFO]: Waiting for pending navigations...
[1744521123.878][INFO]: Done waiting for pending navigations. Status: ok
[1744521123.878][INFO]: [96366644e4e44a0331331087ddd55f7c] RESPONSE FindChildElement {
   "element-6066-11e4-a52e-4f735466cecf": "f.FA7F9F0460E8C13CECE7AFB28C7D66DB.d.0C4AE97B349F22F0083DFBCECE0003F5.e.1071"
}
[1744521123.882][INFO]: [96366644e4e44a0331331087ddd55f7c] COMMAND GetElementText {
   "id": "f.FA7F9F0460E8C13CECE7AFB28C7D66DB.d.0C4AE97B349F22F0083DFBCECE0003F5.e.1071"
}
[1744521123.882][INFO]: Waiting for pending navigations...
[1744521123.884][INFO]: Done waiting for pending navigations. Status: ok
[1744521123.900][INFO]: Waiting for pending navigations...
[1744521123.902][INFO]: Done waiting for pending navigations. Status: ok
[1744521123.902][INFO]: [96366644e4e44a0331331087ddd55f7c] RESPONSE GetElementText "(2,545)"
[1744521123.907][INFO]: [96366644e4e44a0331331087ddd55f7c] COMMAND FindChildElement {
   "id": "f.FA7F9F0460E8C13CECE7AFB28C7D66DB.d.0C4AE97B349F22F0083DFBCECE0003F5.e.1026",
   "using": "xpath",
   "value": ".//a[@class='wjcEIp']"
}
[1744521123.907][INFO]: Waiting for pending navigations...
[1744521123.909][INFO]: Done waiting for pending navigations. Status: ok
[1744521123.925][INFO]: Waiting for pending navigations...
[1744521123.927][INFO]: Done waiting for pending navigations. Status: ok
[1744521123.927][INFO]: [96366644e4e44a0331331087ddd55f7c] RESPONSE FindChildElement {
   "element-6066-11e4-a52e-4f735466cecf": "f.FA7F9F0460E8C13CECE7AFB28C7D66DB.d.0C4AE97B349F22F0083DFBCECE0003F5.e.1072"
}
[1744521123.931][INFO]: [96366644e4e44a0331331087ddd55f7c] COMMAND GetElementText {
   "id": "f.FA7F9F0460E8C13CECE7AFB28C7D66DB.d.0C4AE97B349F22F0083DFBCECE0003F5.e.1072"
}
[1744521123.931][INFO]: Waiting for pending navigations...
[1744521123.933][INFO]: Done waiting for pending navigations. Status: ok
[1744521123.949][INFO]: Waiting for pending navigations...
[1744521123.950][INFO]: Done waiting for pending navigations. Status: ok
[1744521123.951][INFO]: [96366644e4e44a0331331087ddd55f7c] RESPONSE GetElementText "SPEACK Coffee Lover's 1st Preferable Choice Sipper Lid ..."
[1744521123.955][INFO]: [96366644e4e44a0331331087ddd55f7c] COMMAND FindChildElement {
   "id": "f.FA7F9F0460E8C13CECE7AFB28C7D66DB.d.0C4AE97B349F22F0083DFBCECE0003F5.e.1026",
   "using": "xpath",
   "value": ".//img[@class='DByuf4']"
}
[1744521123.956][INFO]: Waiting for pending navigations...
[1744521123.957][INFO]: Done waiting for pending navigations. Status: ok
[1744521123.973][INFO]: Waiting for pending navigations...
[1744521123.975][INFO]: Done waiting for pending navigations. Status: ok
[1744521123.975][INFO]: [96366644e4e44a0331331087ddd55f7c] RESPONSE FindChildElement {
   "element-6066-11e4-a52e-4f735466cecf": "f.FA7F9F0460E8C13CECE7AFB28C7D66DB.d.0C4AE97B349F22F0083DFBCECE0003F5.e.1002"
}
[1744521123.981][INFO]: [96366644e4e44a0331331087ddd55f7c] COMMAND ExecuteScript {
   "args": [ {
      "element-6066-11e4-a52e-4f735466cecf": "f.FA7F9F0460E8C13CECE7AFB28C7D66DB.d.0C4AE97B349F22F0083DFBCECE0003F5.e.1002"
   }, "src" ],
   "script": "/* getAttribute */return (function(){return (function(){var d=this||self;function f(a,b){function c(){}c.prototype=b.prototype;a.prototype=new c;a.prototype.constructor=a};var h=Array.prototype.indexOf?function(a,b){return Array.prototype.indexOf.call(a,b,void 0)}:function(a,b){if(\"string\"===typeof a)return\"string\"!==typeof b||1!=b.length?-1:a.indexOf(b,0);for(var c=0;c\u003Ca.length;c++)if(c in a&&a[c]===b)return c;return-1},k=Array.prototype.forEach?function(a,b){Array.prototype.forEach.call(a,b,void 0)}:function(a,b){for(var c=a.length,e=\"string\"===typeof a?a.split(\"\"):a,g=0;g\u003Cc;g++)g in e&&b.call(void 0,e[g],g,a)};function l(a,b){this.code=a;this.a=m[a]||n;this.message=b||\"\";a=this.a.replace(/((?:^|\\s+)[a-z])/g,function(c){return c.toUpperCase().replace(/^[\\s\\xa0]+/g,\"\")});b=a.length-5;if(0>b||a.indexOf(\"Error\",b)!=b)a+=\"Error\";this.name=a;a=Error(this.message);a.name=this.name;this.stack=a.stack||\"\"}f(l,Error);var n=\"unknown error\",m={15:\"element not selectable\",11:\"element not visible\"};m[31]=n;m[30]=n;m[24]=\"invalid cookie domain\";m[29]=\"invalid element coordinates\";m[12]=\"invalid element state\";m[32]=\"invalid selector\";\nm[51]=\"invalid selector\";m[52]=\"invalid selector\";m[17]=\"javascript error\";m[405]=\"unsupported operation\";m[34]=\"move target out of bounds\";m[27]=\"no such alert\";m[7]=\"no such element\";m[8]=\"no such frame\";m[23]=\"no such window\";m[28]=\"script timeout\";m[33]=\"session not created\";m[10]=\"stale element reference\";m[21]=\"timeout\";m[25]=\"unable to set cookie\";m[26]=\"unexpected alert open\";m[13]=n;m[9]=\"unknown command\";var p;a:{var q=d.navigator;if(q){var r=q.userAgent;if(r){p=r;break a}}p=\"\"}function t(a){return-1!=p.indexOf(a)};function u(){return t(\"Firefox\")||t(\"FxiOS\")}function v(){return(t(\"Chrome\")||t(\"CriOS\"))&&!t(\"Edge\")};function w(){return t(\"iPhone\")&&!t(\"iPod\")&&!t(\"iPad\")};var y=t(\"Opera\"),z=t(\"Trident\")||t(\"MSIE\"),A=t(\"Edge\"),B=t(\"Gecko\")&&!(-1!=p.toLowerCase().indexOf(\"webkit\")&&!t(\"Edge\"))&&!(t(\"Trident\")||t(\"MSIE\"))&&!t(\"Edge\"),C=-1!=p.toLowerCase().indexOf(\"webkit\")&&!t(\"Edge\");function D(){var a=d.document;return a?a.documentMode:void 0}var E;\na:{var F=\"\",G=function(){var a=p;if(B)return/rv:([^\\);]+)(\\)|;)/.exec(a);if(A)return/Edge\\/([\\d\\.]+)/.exec(a);if(z)return/\\b(?:MSIE|rv)[: ]([^\\);]+)(\\)|;)/.exec(a);if(C)return/WebKit\\/(\\S+)/.exec(a);if(y)return/(?:Version)[ \\/]?(\\S+)/.exec(a)}();G&&(F=G?G[1]:\"\");if(z){var H=D();if(null!=H&&H>parseFloat(F)){E=String(H);break a}}E=F}var I;I=d.document&&z?D():void 0;var J=u(),K=w()||t(\"iPod\"),L=t(\"iPad\"),M=t(\"Android\")&&!(v()||u()||t(\"Opera\")||t(\"Silk\")),N=v(),aa=t(\"Safari\")&&!(v()||t(\"Coast\")||t(\"Opera\")||t(\"Edge\")||t(\"Edg/\")||t(\"OPR\")||u()||t(\"Silk\")||t(\"Android\"))&&!(w()||t(\"iPad\")||t(\"iPod\"));function O(a){return(a=a.exec(p))?a[1]:\"\"}(function(){if(J)return O(/Firefox\\/([0-9.]+)/);if(z||A||y)return E;if(N)return w()||t(\"iPad\")||t(\"iPod\")?O(/CriOS\\/([0-9.]+)/):O(/Chrome\\/([0-9.]+)/);if(aa&&!(w()||t(\"iPad\")||t(\"iPod\")))return O(/Version\\/([0-9.]+)/);if(K||L){var a=/Version\\/(\\S+).*Mobile\\/(\\S+)/.exec(p);if(a)return a[1]+\".\"+a[2]}else if(M)return(a=O(/Android\\s+([0-9.]+)/))?a:O(/Version\\/([0-9.]+)/);return\"\"})();var P=z&&!(8\u003C=Number(I)),ba=z&&!(9\u003C=Number(I));var ca={SCRIPT:1,STYLE:1,HEAD:1,IFRAME:1,OBJECT:1},Q={IMG:\" \",BR:\"\\n\"};function R(a,b,c){if(!(a.nodeName in ca))if(3==a.nodeType)c?b.push(String(a.nodeValue).replace(/(\\r\\n|\\r|\\n)/g,\"\")):b.push(a.nodeValue);else if(a.nodeName in Q)b.push(Q[a.nodeName]);else for(a=a.firstChild;a;)R(a,b,c),a=a.nextSibling};function S(a,b){b=b.toLowerCase();return\"style\"==b?da(a.style.cssText):P&&\"value\"==b&&T(a,\"INPUT\")?a.value:ba&&!0===a[b]?String(a.getAttribute(b)):(a=a.getAttributeNode(b))&&a.specified?a.value:null}var ea=/[;]+(?=(?:(?:[^\"]*\"){2})*[^\"]*$)(?=(?:(?:[^']*'){2})*[^']*$)(?=(?:[^()]*\\([^()]*\\))*[^()]*$)/;\nfunction da(a){var b=[];k(a.split(ea),function(c){var e=c.indexOf(\":\");0\u003Ce&&(c=[c.slice(0,e),c.slice(e+1)],2==c.length&&b.push(c[0].toLowerCase(),\":\",c[1],\";\"))});b=b.join(\"\");return b=\";\"==b.charAt(b.length-1)?b:b+\";\"}function U(a,b){P&&\"value\"==b&&T(a,\"OPTION\")&&null===S(a,\"value\")?(b=[],R(a,b,!1),a=b.join(\"\")):a=a[b];return a}function T(a,b){b&&\"string\"!==typeof b&&(b=b.toString());return!!a&&1==a.nodeType&&(!b||a.tagName.toUpperCase()==b)}\nfunction V(a){return T(a,\"OPTION\")?!0:T(a,\"INPUT\")?(a=a.type.toLowerCase(),\"checkbox\"==a||\"radio\"==a):!1};var fa={\"class\":\"className\",readonly:\"readOnly\"},ha=\"allowfullscreen allowpaymentrequest allowusermedia async autofocus autoplay checked compact complete controls declare default defaultchecked defaultselected defer disabled ended formnovalidate hidden indeterminate iscontenteditable ismap itemscope loop multiple muted nohref nomodule noresize noshade novalidate nowrap open paused playsinline pubdate readonly required reversed scoped seamless seeking selected truespeed typemustmatch willvalidate\".split(\" \");function W(a,b){var c=null,e=b.toLowerCase();if(\"style\"==e)return(c=a.style)&&\"string\"!=typeof c&&(c=c.cssText),c;if((\"selected\"==e||\"checked\"==e)&&V(a)){if(!V(a))throw new l(15,\"Element is not selectable\");b=\"selected\";c=a.type&&a.type.toLowerCase();if(\"checkbox\"==c||\"radio\"==c)b=\"checked\";return U(a,b)?\"true\":null}var g=T(a,\"A\");if(T(a,\"IMG\")&&\"src\"==e||g&&\"href\"==e)return(c=S(a,e))&&(c=U(a,e)),c;if(\"spellcheck\"==e){c=S(a,e);if(null!==c){if(\"false\"==c.toLowerCase())return\"false\";if(\"true\"==c.toLowerCase())return\"true\"}return U(a,\ne)+\"\"}g=fa[b]||b;if(0\u003C=h(ha,e))return(c=null!==S(a,b)||U(a,g))?\"true\":null;try{var x=U(a,g)}catch(ia){}(e=null==x)||(e=typeof x,e=\"object\"==e&&null!=x||\"function\"==e);e?c=S(a,b):c=x;return null!=c?c.toString():null}var X=[\"_\"],Y=d;X[0]in Y||\"undefined\"==typeof Y.execScript||Y.execScript(\"var \"+X[0]);for(var Z;X.length&&(Z=X.shift());)X.length||void 0===W?Y[Z]&&Y[Z]!==Object.prototype[Z]?Y=Y[Z]:Y=Y[Z]={}:Y[Z]=W;; return this._.apply(null,arguments);}).apply({navigator:typeof window!='undefined'?window.navigator:null,document:typeof window!='undefined'?window.document:null}, arguments);}\n).apply(null, arguments);"
}
[1744521123.981][INFO]: Waiting for pending navigations...
[1744521123.983][INFO]: Done waiting for pending navigations. Status: ok
[1744521123.993][INFO]: Waiting for pending navigations...
[1744521123.995][INFO]: Done waiting for pending navigations. Status: ok
[1744521123.995][INFO]: [96366644e4e44a0331331087ddd55f7c] RESPONSE ExecuteScript "https://rukminim2.flixcart.com/image/612/612/xif0q/mug/e/c/h/coffee-lover-s-1st-preferable-choice-sipper-lid-400-1-speack-original-imagxfbmggzjrgrg.jpeg?q=70"
[1744521124.000][INFO]: [96366644e4e44a0331331087ddd55f7c] COMMAND FindChildElement {
   "id": "f.FA7F9F0460E8C13CECE7AFB28C7D66DB.d.0C4AE97B349F22F0083DFBCECE0003F5.e.1026",
   "using": "xpath",
   "value": ".//span[@class='Wphh3N']"
}
[1744521124.000][INFO]: Waiting for pending navigations...
[1744521124.002][INFO]: Done waiting for pending navigations. Status: ok
[1744521124.018][INFO]: Waiting for pending navigations...
[1744521124.020][INFO]: Done waiting for pending navigations. Status: ok
[1744521124.020][INFO]: [96366644e4e44a0331331087ddd55f7c] RESPONSE FindChildElement {
   "element-6066-11e4-a52e-4f735466cecf": "f.FA7F9F0460E8C13CECE7AFB28C7D66DB.d.0C4AE97B349F22F0083DFBCECE0003F5.e.1073"
}
[1744521124.024][INFO]: [96366644e4e44a0331331087ddd55f7c] COMMAND GetElementText {
   "id": "f.FA7F9F0460E8C13CECE7AFB28C7D66DB.d.0C4AE97B349F22F0083DFBCECE0003F5.e.1073"
}
[1744521124.024][INFO]: Waiting for pending navigations...
[1744521124.025][INFO]: Done waiting for pending navigations. Status: ok
[1744521124.042][INFO]: Waiting for pending navigations...
[1744521124.043][INFO]: Done waiting for pending navigations. Status: ok
[1744521124.043][INFO]: [96366644e4e44a0331331087ddd55f7c] RESPONSE GetElementText "(9,450)"
[1744521124.048][INFO]: [96366644e4e44a0331331087ddd55f7c] COMMAND FindChildElement {
   "id": "f.FA7F9F0460E8C13CECE7AFB28C7D66DB.d.0C4AE97B349F22F0083DFBCECE0003F5.e.1027",
   "using": "xpath",
   "value": ".//a[@class='wjcEIp']"
}
[1744521124.048][INFO]: Waiting for pending navigations...
[1744521124.050][INFO]: Done waiting for pending navigations. Status: ok
[1744521124.066][INFO]: Waiting for pending navigations...
[1744521124.068][INFO]: Done waiting for pending navigations. Status: ok
[1744521124.068][INFO]: [96366644e4e44a0331331087ddd55f7c] RESPONSE FindChildElement {
   "element-6066-11e4-a52e-4f735466cecf": "f.FA7F9F0460E8C13CECE7AFB28C7D66DB.d.0C4AE97B349F22F0083DFBCECE0003F5.e.1074"
}
[1744521124.072][INFO]: [96366644e4e44a0331331087ddd55f7c] COMMAND GetElementText {
   "id": "f.FA7F9F0460E8C13CECE7AFB28C7D66DB.d.0C4AE97B349F22F0083DFBCECE0003F5.e.1074"
}
[1744521124.072][INFO]: Waiting for pending navigations...
[1744521124.074][INFO]: Done waiting for pending navigations. Status: ok
[1744521124.091][INFO]: Waiting for pending navigations...
[1744521124.093][INFO]: Done waiting for pending navigations. Status: ok
[1744521124.093][INFO]: [96366644e4e44a0331331087ddd55f7c] RESPONSE GetElementText "Pigeon ThermoCup,Vacuum Insulated Travel, Office with D..."
[1744521124.098][INFO]: [96366644e4e44a0331331087ddd55f7c] COMMAND FindChildElement {
   "id": "f.FA7F9F0460E8C13CECE7AFB28C7D66DB.d.0C4AE97B349F22F0083DFBCECE0003F5.e.1027",
   "using": "xpath",
   "value": ".//img[@class='DByuf4']"
}
[1744521124.098][INFO]: Waiting for pending navigations...
[1744521124.100][INFO]: Done waiting for pending navigations. Status: ok
[1744521124.116][INFO]: Waiting for pending navigations...
[1744521124.117][INFO]: Done waiting for pending navigations. Status: ok
[1744521124.117][INFO]: [96366644e4e44a0331331087ddd55f7c] RESPONSE FindChildElement {
   "element-6066-11e4-a52e-4f735466cecf": "f.FA7F9F0460E8C13CECE7AFB28C7D66DB.d.0C4AE97B349F22F0083DFBCECE0003F5.e.1075"
}
[1744521124.125][INFO]: [96366644e4e44a0331331087ddd55f7c] COMMAND ExecuteScript {
   "args": [ {
      "element-6066-11e4-a52e-4f735466cecf": "f.FA7F9F0460E8C13CECE7AFB28C7D66DB.d.0C4AE97B349F22F0083DFBCECE0003F5.e.1075"
   }, "src" ],
   "script": "/* getAttribute */return (function(){return (function(){var d=this||self;function f(a,b){function c(){}c.prototype=b.prototype;a.prototype=new c;a.prototype.constructor=a};var h=Array.prototype.indexOf?function(a,b){return Array.prototype.indexOf.call(a,b,void 0)}:function(a,b){if(\"string\"===typeof a)return\"string\"!==typeof b||1!=b.length?-1:a.indexOf(b,0);for(var c=0;c\u003Ca.length;c++)if(c in a&&a[c]===b)return c;return-1},k=Array.prototype.forEach?function(a,b){Array.prototype.forEach.call(a,b,void 0)}:function(a,b){for(var c=a.length,e=\"string\"===typeof a?a.split(\"\"):a,g=0;g\u003Cc;g++)g in e&&b.call(void 0,e[g],g,a)};function l(a,b){this.code=a;this.a=m[a]||n;this.message=b||\"\";a=this.a.replace(/((?:^|\\s+)[a-z])/g,function(c){return c.toUpperCase().replace(/^[\\s\\xa0]+/g,\"\")});b=a.length-5;if(0>b||a.indexOf(\"Error\",b)!=b)a+=\"Error\";this.name=a;a=Error(this.message);a.name=this.name;this.stack=a.stack||\"\"}f(l,Error);var n=\"unknown error\",m={15:\"element not selectable\",11:\"element not visible\"};m[31]=n;m[30]=n;m[24]=\"invalid cookie domain\";m[29]=\"invalid element coordinates\";m[12]=\"invalid element state\";m[32]=\"invalid selector\";\nm[51]=\"invalid selector\";m[52]=\"invalid selector\";m[17]=\"javascript error\";m[405]=\"unsupported operation\";m[34]=\"move target out of bounds\";m[27]=\"no such alert\";m[7]=\"no such element\";m[8]=\"no such frame\";m[23]=\"no such window\";m[28]=\"script timeout\";m[33]=\"session not created\";m[10]=\"stale element reference\";m[21]=\"timeout\";m[25]=\"unable to set cookie\";m[26]=\"unexpected alert open\";m[13]=n;m[9]=\"unknown command\";var p;a:{var q=d.navigator;if(q){var r=q.userAgent;if(r){p=r;break a}}p=\"\"}function t(a){return-1!=p.indexOf(a)};function u(){return t(\"Firefox\")||t(\"FxiOS\")}function v(){return(t(\"Chrome\")||t(\"CriOS\"))&&!t(\"Edge\")};function w(){return t(\"iPhone\")&&!t(\"iPod\")&&!t(\"iPad\")};var y=t(\"Opera\"),z=t(\"Trident\")||t(\"MSIE\"),A=t(\"Edge\"),B=t(\"Gecko\")&&!(-1!=p.toLowerCase().indexOf(\"webkit\")&&!t(\"Edge\"))&&!(t(\"Trident\")||t(\"MSIE\"))&&!t(\"Edge\"),C=-1!=p.toLowerCase().indexOf(\"webkit\")&&!t(\"Edge\");function D(){var a=d.document;return a?a.documentMode:void 0}var E;\na:{var F=\"\",G=function(){var a=p;if(B)return/rv:([^\\);]+)(\\)|;)/.exec(a);if(A)return/Edge\\/([\\d\\.]+)/.exec(a);if(z)return/\\b(?:MSIE|rv)[: ]([^\\);]+)(\\)|;)/.exec(a);if(C)return/WebKit\\/(\\S+)/.exec(a);if(y)return/(?:Version)[ \\/]?(\\S+)/.exec(a)}();G&&(F=G?G[1]:\"\");if(z){var H=D();if(null!=H&&H>parseFloat(F)){E=String(H);break a}}E=F}var I;I=d.document&&z?D():void 0;var J=u(),K=w()||t(\"iPod\"),L=t(\"iPad\"),M=t(\"Android\")&&!(v()||u()||t(\"Opera\")||t(\"Silk\")),N=v(),aa=t(\"Safari\")&&!(v()||t(\"Coast\")||t(\"Opera\")||t(\"Edge\")||t(\"Edg/\")||t(\"OPR\")||u()||t(\"Silk\")||t(\"Android\"))&&!(w()||t(\"iPad\")||t(\"iPod\"));function O(a){return(a=a.exec(p))?a[1]:\"\"}(function(){if(J)return O(/Firefox\\/([0-9.]+)/);if(z||A||y)return E;if(N)return w()||t(\"iPad\")||t(\"iPod\")?O(/CriOS\\/([0-9.]+)/):O(/Chrome\\/([0-9.]+)/);if(aa&&!(w()||t(\"iPad\")||t(\"iPod\")))return O(/Version\\/([0-9.]+)/);if(K||L){var a=/Version\\/(\\S+).*Mobile\\/(\\S+)/.exec(p);if(a)return a[1]+\".\"+a[2]}else if(M)return(a=O(/Android\\s+([0-9.]+)/))?a:O(/Version\\/([0-9.]+)/);return\"\"})();var P=z&&!(8\u003C=Number(I)),ba=z&&!(9\u003C=Number(I));var ca={SCRIPT:1,STYLE:1,HEAD:1,IFRAME:1,OBJECT:1},Q={IMG:\" \",BR:\"\\n\"};function R(a,b,c){if(!(a.nodeName in ca))if(3==a.nodeType)c?b.push(String(a.nodeValue).replace(/(\\r\\n|\\r|\\n)/g,\"\")):b.push(a.nodeValue);else if(a.nodeName in Q)b.push(Q[a.nodeName]);else for(a=a.firstChild;a;)R(a,b,c),a=a.nextSibling};function S(a,b){b=b.toLowerCase();return\"style\"==b?da(a.style.cssText):P&&\"value\"==b&&T(a,\"INPUT\")?a.value:ba&&!0===a[b]?String(a.getAttribute(b)):(a=a.getAttributeNode(b))&&a.specified?a.value:null}var ea=/[;]+(?=(?:(?:[^\"]*\"){2})*[^\"]*$)(?=(?:(?:[^']*'){2})*[^']*$)(?=(?:[^()]*\\([^()]*\\))*[^()]*$)/;\nfunction da(a){var b=[];k(a.split(ea),function(c){var e=c.indexOf(\":\");0\u003Ce&&(c=[c.slice(0,e),c.slice(e+1)],2==c.length&&b.push(c[0].toLowerCase(),\":\",c[1],\";\"))});b=b.join(\"\");return b=\";\"==b.charAt(b.length-1)?b:b+\";\"}function U(a,b){P&&\"value\"==b&&T(a,\"OPTION\")&&null===S(a,\"value\")?(b=[],R(a,b,!1),a=b.join(\"\")):a=a[b];return a}function T(a,b){b&&\"string\"!==typeof b&&(b=b.toString());return!!a&&1==a.nodeType&&(!b||a.tagName.toUpperCase()==b)}\nfunction V(a){return T(a,\"OPTION\")?!0:T(a,\"INPUT\")?(a=a.type.toLowerCase(),\"checkbox\"==a||\"radio\"==a):!1};var fa={\"class\":\"className\",readonly:\"readOnly\"},ha=\"allowfullscreen allowpaymentrequest allowusermedia async autofocus autoplay checked compact complete controls declare default defaultchecked defaultselected defer disabled ended formnovalidate hidden indeterminate iscontenteditable ismap itemscope loop multiple muted nohref nomodule noresize noshade novalidate nowrap open paused playsinline pubdate readonly required reversed scoped seamless seeking selected truespeed typemustmatch willvalidate\".split(\" \");function W(a,b){var c=null,e=b.toLowerCase();if(\"style\"==e)return(c=a.style)&&\"string\"!=typeof c&&(c=c.cssText),c;if((\"selected\"==e||\"checked\"==e)&&V(a)){if(!V(a))throw new l(15,\"Element is not selectable\");b=\"selected\";c=a.type&&a.type.toLowerCase();if(\"checkbox\"==c||\"radio\"==c)b=\"checked\";return U(a,b)?\"true\":null}var g=T(a,\"A\");if(T(a,\"IMG\")&&\"src\"==e||g&&\"href\"==e)return(c=S(a,e))&&(c=U(a,e)),c;if(\"spellcheck\"==e){c=S(a,e);if(null!==c){if(\"false\"==c.toLowerCase())return\"false\";if(\"true\"==c.toLowerCase())return\"true\"}return U(a,\ne)+\"\"}g=fa[b]||b;if(0\u003C=h(ha,e))return(c=null!==S(a,b)||U(a,g))?\"true\":null;try{var x=U(a,g)}catch(ia){}(e=null==x)||(e=typeof x,e=\"object\"==e&&null!=x||\"function\"==e);e?c=S(a,b):c=x;return null!=c?c.toString():null}var X=[\"_\"],Y=d;X[0]in Y||\"undefined\"==typeof Y.execScript||Y.execScript(\"var \"+X[0]);for(var Z;X.length&&(Z=X.shift());)X.length||void 0===W?Y[Z]&&Y[Z]!==Object.prototype[Z]?Y=Y[Z]:Y=Y[Z]={}:Y[Z]=W;; return this._.apply(null,arguments);}).apply({navigator:typeof window!='undefined'?window.navigator:null,document:typeof window!='undefined'?window.document:null}, arguments);}\n).apply(null, arguments);"
}
[1744521124.125][INFO]: Waiting for pending navigations...
[1744521124.127][INFO]: Done waiting for pending navigations. Status: ok
[1744521124.138][INFO]: Waiting for pending navigations...
[1744521124.139][INFO]: Done waiting for pending navigations. Status: ok
[1744521124.139][INFO]: [96366644e4e44a0331331087ddd55f7c] RESPONSE ExecuteScript "https://rukminim2.flixcart.com/image/612/612/xif0q/mug/0/h/0/-original-imagxffjpg4z7df6.jpeg?q=70"
[1744521124.144][INFO]: [96366644e4e44a0331331087ddd55f7c] COMMAND FindChildElement {
   "id": "f.FA7F9F0460E8C13CECE7AFB28C7D66DB.d.0C4AE97B349F22F0083DFBCECE0003F5.e.1027",
   "using": "xpath",
   "value": ".//span[@class='Wphh3N']"
}
[1744521124.144][INFO]: Waiting for pending navigations...
[1744521124.146][INFO]: Done waiting for pending navigations. Status: ok
[1744521124.163][INFO]: Waiting for pending navigations...
[1744521124.165][INFO]: Done waiting for pending navigations. Status: ok
[1744521124.165][INFO]: [96366644e4e44a0331331087ddd55f7c] RESPONSE FindChildElement {
   "element-6066-11e4-a52e-4f735466cecf": "f.FA7F9F0460E8C13CECE7AFB28C7D66DB.d.0C4AE97B349F22F0083DFBCECE0003F5.e.1076"
}
[1744521124.169][INFO]: [96366644e4e44a0331331087ddd55f7c] COMMAND GetElementText {
   "id": "f.FA7F9F0460E8C13CECE7AFB28C7D66DB.d.0C4AE97B349F22F0083DFBCECE0003F5.e.1076"
}
[1744521124.169][INFO]: Waiting for pending navigations...
[1744521124.171][INFO]: Done waiting for pending navigations. Status: ok
[1744521124.187][INFO]: Waiting for pending navigations...
[1744521124.189][INFO]: Done waiting for pending navigations. Status: ok
[1744521124.189][INFO]: [96366644e4e44a0331331087ddd55f7c] RESPONSE GetElementText "(390)"
[1744521124.194][INFO]: [96366644e4e44a0331331087ddd55f7c] COMMAND FindChildElement {
   "id": "f.FA7F9F0460E8C13CECE7AFB28C7D66DB.d.0C4AE97B349F22F0083DFBCECE0003F5.e.1028",
   "using": "xpath",
   "value": ".//a[@class='wjcEIp']"
}
[1744521124.194][INFO]: Waiting for pending navigations...
[1744521124.196][INFO]: Done waiting for pending navigations. Status: ok
[1744521124.212][INFO]: Waiting for pending navigations...
[1744521124.213][INFO]: Done waiting for pending navigations. Status: ok
[1744521124.213][INFO]: [96366644e4e44a0331331087ddd55f7c] RESPONSE FindChildElement {
   "element-6066-11e4-a52e-4f735466cecf": "f.FA7F9F0460E8C13CECE7AFB28C7D66DB.d.0C4AE97B349F22F0083DFBCECE0003F5.e.1077"
}
[1744521124.218][INFO]: [96366644e4e44a0331331087ddd55f7c] COMMAND GetElementText {
   "id": "f.FA7F9F0460E8C13CECE7AFB28C7D66DB.d.0C4AE97B349F22F0083DFBCECE0003F5.e.1077"
}
[1744521124.218][INFO]: Waiting for pending navigations...
[1744521124.219][INFO]: Done waiting for pending navigations. Status: ok
[1744521124.236][INFO]: Waiting for pending navigations...
[1744521124.237][INFO]: Done waiting for pending navigations. Status: ok
[1744521124.237][INFO]: [96366644e4e44a0331331087ddd55f7c] RESPONSE GetElementText "Sophronal Chai Time Set Made in India Borosilicate Glas..."
[1744521124.243][INFO]: [96366644e4e44a0331331087ddd55f7c] COMMAND FindChildElement {
   "id": "f.FA7F9F0460E8C13CECE7AFB28C7D66DB.d.0C4AE97B349F22F0083DFBCECE0003F5.e.1028",
   "using": "xpath",
   "value": ".//img[@class='DByuf4']"
}
[1744521124.243][INFO]: Waiting for pending navigations...
[1744521124.246][INFO]: Done waiting for pending navigations. Status: ok
[1744521124.262][INFO]: Waiting for pending navigations...
[1744521124.263][INFO]: Done waiting for pending navigations. Status: ok
[1744521124.263][INFO]: [96366644e4e44a0331331087ddd55f7c] RESPONSE FindChildElement {
   "element-6066-11e4-a52e-4f735466cecf": "f.FA7F9F0460E8C13CECE7AFB28C7D66DB.d.0C4AE97B349F22F0083DFBCECE0003F5.e.1021"
}
[1744521124.270][INFO]: [96366644e4e44a0331331087ddd55f7c] COMMAND ExecuteScript {
   "args": [ {
      "element-6066-11e4-a52e-4f735466cecf": "f.FA7F9F0460E8C13CECE7AFB28C7D66DB.d.0C4AE97B349F22F0083DFBCECE0003F5.e.1021"
   }, "src" ],
   "script": "/* getAttribute */return (function(){return (function(){var d=this||self;function f(a,b){function c(){}c.prototype=b.prototype;a.prototype=new c;a.prototype.constructor=a};var h=Array.prototype.indexOf?function(a,b){return Array.prototype.indexOf.call(a,b,void 0)}:function(a,b){if(\"string\"===typeof a)return\"string\"!==typeof b||1!=b.length?-1:a.indexOf(b,0);for(var c=0;c\u003Ca.length;c++)if(c in a&&a[c]===b)return c;return-1},k=Array.prototype.forEach?function(a,b){Array.prototype.forEach.call(a,b,void 0)}:function(a,b){for(var c=a.length,e=\"string\"===typeof a?a.split(\"\"):a,g=0;g\u003Cc;g++)g in e&&b.call(void 0,e[g],g,a)};function l(a,b){this.code=a;this.a=m[a]||n;this.message=b||\"\";a=this.a.replace(/((?:^|\\s+)[a-z])/g,function(c){return c.toUpperCase().replace(/^[\\s\\xa0]+/g,\"\")});b=a.length-5;if(0>b||a.indexOf(\"Error\",b)!=b)a+=\"Error\";this.name=a;a=Error(this.message);a.name=this.name;this.stack=a.stack||\"\"}f(l,Error);var n=\"unknown error\",m={15:\"element not selectable\",11:\"element not visible\"};m[31]=n;m[30]=n;m[24]=\"invalid cookie domain\";m[29]=\"invalid element coordinates\";m[12]=\"invalid element state\";m[32]=\"invalid selector\";\nm[51]=\"invalid selector\";m[52]=\"invalid selector\";m[17]=\"javascript error\";m[405]=\"unsupported operation\";m[34]=\"move target out of bounds\";m[27]=\"no such alert\";m[7]=\"no such element\";m[8]=\"no such frame\";m[23]=\"no such window\";m[28]=\"script timeout\";m[33]=\"session not created\";m[10]=\"stale element reference\";m[21]=\"timeout\";m[25]=\"unable to set cookie\";m[26]=\"unexpected alert open\";m[13]=n;m[9]=\"unknown command\";var p;a:{var q=d.navigator;if(q){var r=q.userAgent;if(r){p=r;break a}}p=\"\"}function t(a){return-1!=p.indexOf(a)};function u(){return t(\"Firefox\")||t(\"FxiOS\")}function v(){return(t(\"Chrome\")||t(\"CriOS\"))&&!t(\"Edge\")};function w(){return t(\"iPhone\")&&!t(\"iPod\")&&!t(\"iPad\")};var y=t(\"Opera\"),z=t(\"Trident\")||t(\"MSIE\"),A=t(\"Edge\"),B=t(\"Gecko\")&&!(-1!=p.toLowerCase().indexOf(\"webkit\")&&!t(\"Edge\"))&&!(t(\"Trident\")||t(\"MSIE\"))&&!t(\"Edge\"),C=-1!=p.toLowerCase().indexOf(\"webkit\")&&!t(\"Edge\");function D(){var a=d.document;return a?a.documentMode:void 0}var E;\na:{var F=\"\",G=function(){var a=p;if(B)return/rv:([^\\);]+)(\\)|;)/.exec(a);if(A)return/Edge\\/([\\d\\.]+)/.exec(a);if(z)return/\\b(?:MSIE|rv)[: ]([^\\);]+)(\\)|;)/.exec(a);if(C)return/WebKit\\/(\\S+)/.exec(a);if(y)return/(?:Version)[ \\/]?(\\S+)/.exec(a)}();G&&(F=G?G[1]:\"\");if(z){var H=D();if(null!=H&&H>parseFloat(F)){E=String(H);break a}}E=F}var I;I=d.document&&z?D():void 0;var J=u(),K=w()||t(\"iPod\"),L=t(\"iPad\"),M=t(\"Android\")&&!(v()||u()||t(\"Opera\")||t(\"Silk\")),N=v(),aa=t(\"Safari\")&&!(v()||t(\"Coast\")||t(\"Opera\")||t(\"Edge\")||t(\"Edg/\")||t(\"OPR\")||u()||t(\"Silk\")||t(\"Android\"))&&!(w()||t(\"iPad\")||t(\"iPod\"));function O(a){return(a=a.exec(p))?a[1]:\"\"}(function(){if(J)return O(/Firefox\\/([0-9.]+)/);if(z||A||y)return E;if(N)return w()||t(\"iPad\")||t(\"iPod\")?O(/CriOS\\/([0-9.]+)/):O(/Chrome\\/([0-9.]+)/);if(aa&&!(w()||t(\"iPad\")||t(\"iPod\")))return O(/Version\\/([0-9.]+)/);if(K||L){var a=/Version\\/(\\S+).*Mobile\\/(\\S+)/.exec(p);if(a)return a[1]+\".\"+a[2]}else if(M)return(a=O(/Android\\s+([0-9.]+)/))?a:O(/Version\\/([0-9.]+)/);return\"\"})();var P=z&&!(8\u003C=Number(I)),ba=z&&!(9\u003C=Number(I));var ca={SCRIPT:1,STYLE:1,HEAD:1,IFRAME:1,OBJECT:1},Q={IMG:\" \",BR:\"\\n\"};function R(a,b,c){if(!(a.nodeName in ca))if(3==a.nodeType)c?b.push(String(a.nodeValue).replace(/(\\r\\n|\\r|\\n)/g,\"\")):b.push(a.nodeValue);else if(a.nodeName in Q)b.push(Q[a.nodeName]);else for(a=a.firstChild;a;)R(a,b,c),a=a.nextSibling};function S(a,b){b=b.toLowerCase();return\"style\"==b?da(a.style.cssText):P&&\"value\"==b&&T(a,\"INPUT\")?a.value:ba&&!0===a[b]?String(a.getAttribute(b)):(a=a.getAttributeNode(b))&&a.specified?a.value:null}var ea=/[;]+(?=(?:(?:[^\"]*\"){2})*[^\"]*$)(?=(?:(?:[^']*'){2})*[^']*$)(?=(?:[^()]*\\([^()]*\\))*[^()]*$)/;\nfunction da(a){var b=[];k(a.split(ea),function(c){var e=c.indexOf(\":\");0\u003Ce&&(c=[c.slice(0,e),c.slice(e+1)],2==c.length&&b.push(c[0].toLowerCase(),\":\",c[1],\";\"))});b=b.join(\"\");return b=\";\"==b.charAt(b.length-1)?b:b+\";\"}function U(a,b){P&&\"value\"==b&&T(a,\"OPTION\")&&null===S(a,\"value\")?(b=[],R(a,b,!1),a=b.join(\"\")):a=a[b];return a}function T(a,b){b&&\"string\"!==typeof b&&(b=b.toString());return!!a&&1==a.nodeType&&(!b||a.tagName.toUpperCase()==b)}\nfunction V(a){return T(a,\"OPTION\")?!0:T(a,\"INPUT\")?(a=a.type.toLowerCase(),\"checkbox\"==a||\"radio\"==a):!1};var fa={\"class\":\"className\",readonly:\"readOnly\"},ha=\"allowfullscreen allowpaymentrequest allowusermedia async autofocus autoplay checked compact complete controls declare default defaultchecked defaultselected defer disabled ended formnovalidate hidden indeterminate iscontenteditable ismap itemscope loop multiple muted nohref nomodule noresize noshade novalidate nowrap open paused playsinline pubdate readonly required reversed scoped seamless seeking selected truespeed typemustmatch willvalidate\".split(\" \");function W(a,b){var c=null,e=b.toLowerCase();if(\"style\"==e)return(c=a.style)&&\"string\"!=typeof c&&(c=c.cssText),c;if((\"selected\"==e||\"checked\"==e)&&V(a)){if(!V(a))throw new l(15,\"Element is not selectable\");b=\"selected\";c=a.type&&a.type.toLowerCase();if(\"checkbox\"==c||\"radio\"==c)b=\"checked\";return U(a,b)?\"true\":null}var g=T(a,\"A\");if(T(a,\"IMG\")&&\"src\"==e||g&&\"href\"==e)return(c=S(a,e))&&(c=U(a,e)),c;if(\"spellcheck\"==e){c=S(a,e);if(null!==c){if(\"false\"==c.toLowerCase())return\"false\";if(\"true\"==c.toLowerCase())return\"true\"}return U(a,\ne)+\"\"}g=fa[b]||b;if(0\u003C=h(ha,e))return(c=null!==S(a,b)||U(a,g))?\"true\":null;try{var x=U(a,g)}catch(ia){}(e=null==x)||(e=typeof x,e=\"object\"==e&&null!=x||\"function\"==e);e?c=S(a,b):c=x;return null!=c?c.toString():null}var X=[\"_\"],Y=d;X[0]in Y||\"undefined\"==typeof Y.execScript||Y.execScript(\"var \"+X[0]);for(var Z;X.length&&(Z=X.shift());)X.length||void 0===W?Y[Z]&&Y[Z]!==Object.prototype[Z]?Y=Y[Z]:Y=Y[Z]={}:Y[Z]=W;; return this._.apply(null,arguments);}).apply({navigator:typeof window!='undefined'?window.navigator:null,document:typeof window!='undefined'?window.document:null}, arguments);}\n).apply(null, arguments);"
}
[1744521124.270][INFO]: Waiting for pending navigations...
[1744521124.272][INFO]: Done waiting for pending navigations. Status: ok
[1744521124.282][INFO]: Waiting for pending navigations...
[1744521124.284][INFO]: Done waiting for pending navigations. Status: ok
[1744521124.284][INFO]: [96366644e4e44a0331331087ddd55f7c] RESPONSE ExecuteScript "https://rukminim2.flixcart.com/image/612/612/xif0q/cup-saucer/p/m/n/glass-tea-mug-set-of-6-kriti-traders-original-imah8e45gfzz9khz.jpeg?q=70"
[1744521124.289][INFO]: [96366644e4e44a0331331087ddd55f7c] COMMAND FindChildElement {
   "id": "f.FA7F9F0460E8C13CECE7AFB28C7D66DB.d.0C4AE97B349F22F0083DFBCECE0003F5.e.1028",
   "using": "xpath",
   "value": ".//span[@class='Wphh3N']"
}
[1744521124.289][INFO]: Waiting for pending navigations...
[1744521124.290][INFO]: Done waiting for pending navigations. Status: ok
[1744521134.342][INFO]: Waiting for pending navigations...
[1744521134.344][INFO]: Done waiting for pending navigations. Status: ok
[1744521134.344][INFO]: [96366644e4e44a0331331087ddd55f7c] RESPONSE FindChildElement ERROR no such element: Unable to locate element: {"method":"xpath","selector":".//span[@class='Wphh3N']"}
  (Session info: chrome=135.0.7049.84)
[1744521134.355][INFO]: [96366644e4e44a0331331087ddd55f7c] COMMAND FindChildElement {
   "id": "f.FA7F9F0460E8C13CECE7AFB28C7D66DB.d.0C4AE97B349F22F0083DFBCECE0003F5.e.1029",
   "using": "xpath",
   "value": ".//a[@class='wjcEIp']"
}
[1744521134.355][INFO]: Waiting for pending navigations...
[1744521134.357][INFO]: Done waiting for pending navigations. Status: ok
[1744521134.374][INFO]: Waiting for pending navigations...
[1744521134.376][INFO]: Done waiting for pending navigations. Status: ok
[1744521134.376][INFO]: [96366644e4e44a0331331087ddd55f7c] RESPONSE FindChildElement {
   "element-6066-11e4-a52e-4f735466cecf": "f.FA7F9F0460E8C13CECE7AFB28C7D66DB.d.0C4AE97B349F22F0083DFBCECE0003F5.e.1078"
}
[1744521134.380][INFO]: [96366644e4e44a0331331087ddd55f7c] COMMAND GetElementText {
   "id": "f.FA7F9F0460E8C13CECE7AFB28C7D66DB.d.0C4AE97B349F22F0083DFBCECE0003F5.e.1078"
}
[1744521134.381][INFO]: Waiting for pending navigations...
[1744521134.383][INFO]: Done waiting for pending navigations. Status: ok
[1744521134.400][INFO]: Waiting for pending navigations...
[1744521134.401][INFO]: Done waiting for pending navigations. Status: ok
[1744521134.401][INFO]: [96366644e4e44a0331331087ddd55f7c] RESPONSE GetElementText "Tuelip Beautiful Seamless Bird Pattern White Color Cup ..."
[1744521134.406][INFO]: [96366644e4e44a0331331087ddd55f7c] COMMAND FindChildElement {
   "id": "f.FA7F9F0460E8C13CECE7AFB28C7D66DB.d.0C4AE97B349F22F0083DFBCECE0003F5.e.1029",
   "using": "xpath",
   "value": ".//img[@class='DByuf4']"
}
[1744521134.406][INFO]: Waiting for pending navigations...
[1744521134.408][INFO]: Done waiting for pending navigations. Status: ok
[1744521134.428][INFO]: Waiting for pending navigations...
[1744521134.430][INFO]: Done waiting for pending navigations. Status: ok
[1744521134.430][INFO]: [96366644e4e44a0331331087ddd55f7c] RESPONSE FindChildElement {
   "element-6066-11e4-a52e-4f735466cecf": "f.FA7F9F0460E8C13CECE7AFB28C7D66DB.d.0C4AE97B349F22F0083DFBCECE0003F5.e.1079"
}
[1744521134.442][INFO]: [96366644e4e44a0331331087ddd55f7c] COMMAND ExecuteScript {
   "args": [ {
      "element-6066-11e4-a52e-4f735466cecf": "f.FA7F9F0460E8C13CECE7AFB28C7D66DB.d.0C4AE97B349F22F0083DFBCECE0003F5.e.1079"
   }, "src" ],
   "script": "/* getAttribute */return (function(){return (function(){var d=this||self;function f(a,b){function c(){}c.prototype=b.prototype;a.prototype=new c;a.prototype.constructor=a};var h=Array.prototype.indexOf?function(a,b){return Array.prototype.indexOf.call(a,b,void 0)}:function(a,b){if(\"string\"===typeof a)return\"string\"!==typeof b||1!=b.length?-1:a.indexOf(b,0);for(var c=0;c\u003Ca.length;c++)if(c in a&&a[c]===b)return c;return-1},k=Array.prototype.forEach?function(a,b){Array.prototype.forEach.call(a,b,void 0)}:function(a,b){for(var c=a.length,e=\"string\"===typeof a?a.split(\"\"):a,g=0;g\u003Cc;g++)g in e&&b.call(void 0,e[g],g,a)};function l(a,b){this.code=a;this.a=m[a]||n;this.message=b||\"\";a=this.a.replace(/((?:^|\\s+)[a-z])/g,function(c){return c.toUpperCase().replace(/^[\\s\\xa0]+/g,\"\")});b=a.length-5;if(0>b||a.indexOf(\"Error\",b)!=b)a+=\"Error\";this.name=a;a=Error(this.message);a.name=this.name;this.stack=a.stack||\"\"}f(l,Error);var n=\"unknown error\",m={15:\"element not selectable\",11:\"element not visible\"};m[31]=n;m[30]=n;m[24]=\"invalid cookie domain\";m[29]=\"invalid element coordinates\";m[12]=\"invalid element state\";m[32]=\"invalid selector\";\nm[51]=\"invalid selector\";m[52]=\"invalid selector\";m[17]=\"javascript error\";m[405]=\"unsupported operation\";m[34]=\"move target out of bounds\";m[27]=\"no such alert\";m[7]=\"no such element\";m[8]=\"no such frame\";m[23]=\"no such window\";m[28]=\"script timeout\";m[33]=\"session not created\";m[10]=\"stale element reference\";m[21]=\"timeout\";m[25]=\"unable to set cookie\";m[26]=\"unexpected alert open\";m[13]=n;m[9]=\"unknown command\";var p;a:{var q=d.navigator;if(q){var r=q.userAgent;if(r){p=r;break a}}p=\"\"}function t(a){return-1!=p.indexOf(a)};function u(){return t(\"Firefox\")||t(\"FxiOS\")}function v(){return(t(\"Chrome\")||t(\"CriOS\"))&&!t(\"Edge\")};function w(){return t(\"iPhone\")&&!t(\"iPod\")&&!t(\"iPad\")};var y=t(\"Opera\"),z=t(\"Trident\")||t(\"MSIE\"),A=t(\"Edge\"),B=t(\"Gecko\")&&!(-1!=p.toLowerCase().indexOf(\"webkit\")&&!t(\"Edge\"))&&!(t(\"Trident\")||t(\"MSIE\"))&&!t(\"Edge\"),C=-1!=p.toLowerCase().indexOf(\"webkit\")&&!t(\"Edge\");function D(){var a=d.document;return a?a.documentMode:void 0}var E;\na:{var F=\"\",G=function(){var a=p;if(B)return/rv:([^\\);]+)(\\)|;)/.exec(a);if(A)return/Edge\\/([\\d\\.]+)/.exec(a);if(z)return/\\b(?:MSIE|rv)[: ]([^\\);]+)(\\)|;)/.exec(a);if(C)return/WebKit\\/(\\S+)/.exec(a);if(y)return/(?:Version)[ \\/]?(\\S+)/.exec(a)}();G&&(F=G?G[1]:\"\");if(z){var H=D();if(null!=H&&H>parseFloat(F)){E=String(H);break a}}E=F}var I;I=d.document&&z?D():void 0;var J=u(),K=w()||t(\"iPod\"),L=t(\"iPad\"),M=t(\"Android\")&&!(v()||u()||t(\"Opera\")||t(\"Silk\")),N=v(),aa=t(\"Safari\")&&!(v()||t(\"Coast\")||t(\"Opera\")||t(\"Edge\")||t(\"Edg/\")||t(\"OPR\")||u()||t(\"Silk\")||t(\"Android\"))&&!(w()||t(\"iPad\")||t(\"iPod\"));function O(a){return(a=a.exec(p))?a[1]:\"\"}(function(){if(J)return O(/Firefox\\/([0-9.]+)/);if(z||A||y)return E;if(N)return w()||t(\"iPad\")||t(\"iPod\")?O(/CriOS\\/([0-9.]+)/):O(/Chrome\\/([0-9.]+)/);if(aa&&!(w()||t(\"iPad\")||t(\"iPod\")))return O(/Version\\/([0-9.]+)/);if(K||L){var a=/Version\\/(\\S+).*Mobile\\/(\\S+)/.exec(p);if(a)return a[1]+\".\"+a[2]}else if(M)return(a=O(/Android\\s+([0-9.]+)/))?a:O(/Version\\/([0-9.]+)/);return\"\"})();var P=z&&!(8\u003C=Number(I)),ba=z&&!(9\u003C=Number(I));var ca={SCRIPT:1,STYLE:1,HEAD:1,IFRAME:1,OBJECT:1},Q={IMG:\" \",BR:\"\\n\"};function R(a,b,c){if(!(a.nodeName in ca))if(3==a.nodeType)c?b.push(String(a.nodeValue).replace(/(\\r\\n|\\r|\\n)/g,\"\")):b.push(a.nodeValue);else if(a.nodeName in Q)b.push(Q[a.nodeName]);else for(a=a.firstChild;a;)R(a,b,c),a=a.nextSibling};function S(a,b){b=b.toLowerCase();return\"style\"==b?da(a.style.cssText):P&&\"value\"==b&&T(a,\"INPUT\")?a.value:ba&&!0===a[b]?String(a.getAttribute(b)):(a=a.getAttributeNode(b))&&a.specified?a.value:null}var ea=/[;]+(?=(?:(?:[^\"]*\"){2})*[^\"]*$)(?=(?:(?:[^']*'){2})*[^']*$)(?=(?:[^()]*\\([^()]*\\))*[^()]*$)/;\nfunction da(a){var b=[];k(a.split(ea),function(c){var e=c.indexOf(\":\");0\u003Ce&&(c=[c.slice(0,e),c.slice(e+1)],2==c.length&&b.push(c[0].toLowerCase(),\":\",c[1],\";\"))});b=b.join(\"\");return b=\";\"==b.charAt(b.length-1)?b:b+\";\"}function U(a,b){P&&\"value\"==b&&T(a,\"OPTION\")&&null===S(a,\"value\")?(b=[],R(a,b,!1),a=b.join(\"\")):a=a[b];return a}function T(a,b){b&&\"string\"!==typeof b&&(b=b.toString());return!!a&&1==a.nodeType&&(!b||a.tagName.toUpperCase()==b)}\nfunction V(a){return T(a,\"OPTION\")?!0:T(a,\"INPUT\")?(a=a.type.toLowerCase(),\"checkbox\"==a||\"radio\"==a):!1};var fa={\"class\":\"className\",readonly:\"readOnly\"},ha=\"allowfullscreen allowpaymentrequest allowusermedia async autofocus autoplay checked compact complete controls declare default defaultchecked defaultselected defer disabled ended formnovalidate hidden indeterminate iscontenteditable ismap itemscope loop multiple muted nohref nomodule noresize noshade novalidate nowrap open paused playsinline pubdate readonly required reversed scoped seamless seeking selected truespeed typemustmatch willvalidate\".split(\" \");function W(a,b){var c=null,e=b.toLowerCase();if(\"style\"==e)return(c=a.style)&&\"string\"!=typeof c&&(c=c.cssText),c;if((\"selected\"==e||\"checked\"==e)&&V(a)){if(!V(a))throw new l(15,\"Element is not selectable\");b=\"selected\";c=a.type&&a.type.toLowerCase();if(\"checkbox\"==c||\"radio\"==c)b=\"checked\";return U(a,b)?\"true\":null}var g=T(a,\"A\");if(T(a,\"IMG\")&&\"src\"==e||g&&\"href\"==e)return(c=S(a,e))&&(c=U(a,e)),c;if(\"spellcheck\"==e){c=S(a,e);if(null!==c){if(\"false\"==c.toLowerCase())return\"false\";if(\"true\"==c.toLowerCase())return\"true\"}return U(a,\ne)+\"\"}g=fa[b]||b;if(0\u003C=h(ha,e))return(c=null!==S(a,b)||U(a,g))?\"true\":null;try{var x=U(a,g)}catch(ia){}(e=null==x)||(e=typeof x,e=\"object\"==e&&null!=x||\"function\"==e);e?c=S(a,b):c=x;return null!=c?c.toString():null}var X=[\"_\"],Y=d;X[0]in Y||\"undefined\"==typeof Y.execScript||Y.execScript(\"var \"+X[0]);for(var Z;X.length&&(Z=X.shift());)X.length||void 0===W?Y[Z]&&Y[Z]!==Object.prototype[Z]?Y=Y[Z]:Y=Y[Z]={}:Y[Z]=W;; return this._.apply(null,arguments);}).apply({navigator:typeof window!='undefined'?window.navigator:null,document:typeof window!='undefined'?window.document:null}, arguments);}\n).apply(null, arguments);"
}
[1744521134.442][INFO]: Waiting for pending navigations...
[1744521134.444][INFO]: Done waiting for pending navigations. Status: ok
[1744521134.455][INFO]: Waiting for pending navigations...
[1744521134.457][INFO]: Done waiting for pending navigations. Status: ok
[1744521134.457][INFO]: [96366644e4e44a0331331087ddd55f7c] RESPONSE ExecuteScript "https://rukminim2.flixcart.com/image/612/612/xif0q/mug/e/l/t/beautiful-seamless-bird-pattern-white-color-cup-for-tea-and-original-imagykx8nnegxzgc.jpeg?q=70"
[1744521134.462][INFO]: [96366644e4e44a0331331087ddd55f7c] COMMAND FindChildElement {
   "id": "f.FA7F9F0460E8C13CECE7AFB28C7D66DB.d.0C4AE97B349F22F0083DFBCECE0003F5.e.1029",
   "using": "xpath",
   "value": ".//span[@class='Wphh3N']"
}
[1744521134.462][INFO]: Waiting for pending navigations...
[1744521134.464][INFO]: Done waiting for pending navigations. Status: ok
[1744521134.483][INFO]: Waiting for pending navigations...
[1744521134.484][INFO]: Done waiting for pending navigations. Status: ok
[1744521134.484][INFO]: [96366644e4e44a0331331087ddd55f7c] RESPONSE FindChildElement {
   "element-6066-11e4-a52e-4f735466cecf": "f.FA7F9F0460E8C13CECE7AFB28C7D66DB.d.0C4AE97B349F22F0083DFBCECE0003F5.e.1080"
}
[1744521134.489][INFO]: [96366644e4e44a0331331087ddd55f7c] COMMAND GetElementText {
   "id": "f.FA7F9F0460E8C13CECE7AFB28C7D66DB.d.0C4AE97B349F22F0083DFBCECE0003F5.e.1080"
}
[1744521134.489][INFO]: Waiting for pending navigations...
[1744521134.492][INFO]: Done waiting for pending navigations. Status: ok
[1744521134.511][INFO]: Waiting for pending navigations...
[1744521134.512][INFO]: Done waiting for pending navigations. Status: ok
[1744521134.513][INFO]: [96366644e4e44a0331331087ddd55f7c] RESPONSE GetElementText "(1,214)"
[1744521134.518][INFO]: [96366644e4e44a0331331087ddd55f7c] COMMAND FindChildElement {
   "id": "f.FA7F9F0460E8C13CECE7AFB28C7D66DB.d.0C4AE97B349F22F0083DFBCECE0003F5.e.1030",
   "using": "xpath",
   "value": ".//a[@class='wjcEIp']"
}
[1744521134.519][INFO]: Waiting for pending navigations...
[1744521134.521][INFO]: Done waiting for pending navigations. Status: ok
[1744521134.537][INFO]: Waiting for pending navigations...
[1744521134.538][INFO]: Done waiting for pending navigations. Status: ok
[1744521134.538][INFO]: [96366644e4e44a0331331087ddd55f7c] RESPONSE FindChildElement {
   "element-6066-11e4-a52e-4f735466cecf": "f.FA7F9F0460E8C13CECE7AFB28C7D66DB.d.0C4AE97B349F22F0083DFBCECE0003F5.e.1081"
}
[1744521134.543][INFO]: [96366644e4e44a0331331087ddd55f7c] COMMAND GetElementText {
   "id": "f.FA7F9F0460E8C13CECE7AFB28C7D66DB.d.0C4AE97B349F22F0083DFBCECE0003F5.e.1081"
}
[1744521134.543][INFO]: Waiting for pending navigations...
[1744521134.545][INFO]: Done waiting for pending navigations. Status: ok
[1744521134.563][INFO]: Waiting for pending navigations...
[1744521134.564][INFO]: Done waiting for pending navigations. Status: ok
[1744521134.564][INFO]: [96366644e4e44a0331331087ddd55f7c] RESPONSE GetElementText "ADN21 Naruto Anime Akatsuki Printed (350 ml) Coffee, (a..."
[1744521134.569][INFO]: [96366644e4e44a0331331087ddd55f7c] COMMAND FindChildElement {
   "id": "f.FA7F9F0460E8C13CECE7AFB28C7D66DB.d.0C4AE97B349F22F0083DFBCECE0003F5.e.1030",
   "using": "xpath",
   "value": ".//img[@class='DByuf4']"
}
[1744521134.570][INFO]: Waiting for pending navigations...
[1744521134.571][INFO]: Done waiting for pending navigations. Status: ok
[1744521134.587][INFO]: Waiting for pending navigations...
[1744521134.590][INFO]: Done waiting for pending navigations. Status: ok
[1744521134.590][INFO]: [96366644e4e44a0331331087ddd55f7c] RESPONSE FindChildElement {
   "element-6066-11e4-a52e-4f735466cecf": "f.FA7F9F0460E8C13CECE7AFB28C7D66DB.d.0C4AE97B349F22F0083DFBCECE0003F5.e.1082"
}
[1744521134.596][INFO]: [96366644e4e44a0331331087ddd55f7c] COMMAND ExecuteScript {
   "args": [ {
      "element-6066-11e4-a52e-4f735466cecf": "f.FA7F9F0460E8C13CECE7AFB28C7D66DB.d.0C4AE97B349F22F0083DFBCECE0003F5.e.1082"
   }, "src" ],
   "script": "/* getAttribute */return (function(){return (function(){var d=this||self;function f(a,b){function c(){}c.prototype=b.prototype;a.prototype=new c;a.prototype.constructor=a};var h=Array.prototype.indexOf?function(a,b){return Array.prototype.indexOf.call(a,b,void 0)}:function(a,b){if(\"string\"===typeof a)return\"string\"!==typeof b||1!=b.length?-1:a.indexOf(b,0);for(var c=0;c\u003Ca.length;c++)if(c in a&&a[c]===b)return c;return-1},k=Array.prototype.forEach?function(a,b){Array.prototype.forEach.call(a,b,void 0)}:function(a,b){for(var c=a.length,e=\"string\"===typeof a?a.split(\"\"):a,g=0;g\u003Cc;g++)g in e&&b.call(void 0,e[g],g,a)};function l(a,b){this.code=a;this.a=m[a]||n;this.message=b||\"\";a=this.a.replace(/((?:^|\\s+)[a-z])/g,function(c){return c.toUpperCase().replace(/^[\\s\\xa0]+/g,\"\")});b=a.length-5;if(0>b||a.indexOf(\"Error\",b)!=b)a+=\"Error\";this.name=a;a=Error(this.message);a.name=this.name;this.stack=a.stack||\"\"}f(l,Error);var n=\"unknown error\",m={15:\"element not selectable\",11:\"element not visible\"};m[31]=n;m[30]=n;m[24]=\"invalid cookie domain\";m[29]=\"invalid element coordinates\";m[12]=\"invalid element state\";m[32]=\"invalid selector\";\nm[51]=\"invalid selector\";m[52]=\"invalid selector\";m[17]=\"javascript error\";m[405]=\"unsupported operation\";m[34]=\"move target out of bounds\";m[27]=\"no such alert\";m[7]=\"no such element\";m[8]=\"no such frame\";m[23]=\"no such window\";m[28]=\"script timeout\";m[33]=\"session not created\";m[10]=\"stale element reference\";m[21]=\"timeout\";m[25]=\"unable to set cookie\";m[26]=\"unexpected alert open\";m[13]=n;m[9]=\"unknown command\";var p;a:{var q=d.navigator;if(q){var r=q.userAgent;if(r){p=r;break a}}p=\"\"}function t(a){return-1!=p.indexOf(a)};function u(){return t(\"Firefox\")||t(\"FxiOS\")}function v(){return(t(\"Chrome\")||t(\"CriOS\"))&&!t(\"Edge\")};function w(){return t(\"iPhone\")&&!t(\"iPod\")&&!t(\"iPad\")};var y=t(\"Opera\"),z=t(\"Trident\")||t(\"MSIE\"),A=t(\"Edge\"),B=t(\"Gecko\")&&!(-1!=p.toLowerCase().indexOf(\"webkit\")&&!t(\"Edge\"))&&!(t(\"Trident\")||t(\"MSIE\"))&&!t(\"Edge\"),C=-1!=p.toLowerCase().indexOf(\"webkit\")&&!t(\"Edge\");function D(){var a=d.document;return a?a.documentMode:void 0}var E;\na:{var F=\"\",G=function(){var a=p;if(B)return/rv:([^\\);]+)(\\)|;)/.exec(a);if(A)return/Edge\\/([\\d\\.]+)/.exec(a);if(z)return/\\b(?:MSIE|rv)[: ]([^\\);]+)(\\)|;)/.exec(a);if(C)return/WebKit\\/(\\S+)/.exec(a);if(y)return/(?:Version)[ \\/]?(\\S+)/.exec(a)}();G&&(F=G?G[1]:\"\");if(z){var H=D();if(null!=H&&H>parseFloat(F)){E=String(H);break a}}E=F}var I;I=d.document&&z?D():void 0;var J=u(),K=w()||t(\"iPod\"),L=t(\"iPad\"),M=t(\"Android\")&&!(v()||u()||t(\"Opera\")||t(\"Silk\")),N=v(),aa=t(\"Safari\")&&!(v()||t(\"Coast\")||t(\"Opera\")||t(\"Edge\")||t(\"Edg/\")||t(\"OPR\")||u()||t(\"Silk\")||t(\"Android\"))&&!(w()||t(\"iPad\")||t(\"iPod\"));function O(a){return(a=a.exec(p))?a[1]:\"\"}(function(){if(J)return O(/Firefox\\/([0-9.]+)/);if(z||A||y)return E;if(N)return w()||t(\"iPad\")||t(\"iPod\")?O(/CriOS\\/([0-9.]+)/):O(/Chrome\\/([0-9.]+)/);if(aa&&!(w()||t(\"iPad\")||t(\"iPod\")))return O(/Version\\/([0-9.]+)/);if(K||L){var a=/Version\\/(\\S+).*Mobile\\/(\\S+)/.exec(p);if(a)return a[1]+\".\"+a[2]}else if(M)return(a=O(/Android\\s+([0-9.]+)/))?a:O(/Version\\/([0-9.]+)/);return\"\"})();var P=z&&!(8\u003C=Number(I)),ba=z&&!(9\u003C=Number(I));var ca={SCRIPT:1,STYLE:1,HEAD:1,IFRAME:1,OBJECT:1},Q={IMG:\" \",BR:\"\\n\"};function R(a,b,c){if(!(a.nodeName in ca))if(3==a.nodeType)c?b.push(String(a.nodeValue).replace(/(\\r\\n|\\r|\\n)/g,\"\")):b.push(a.nodeValue);else if(a.nodeName in Q)b.push(Q[a.nodeName]);else for(a=a.firstChild;a;)R(a,b,c),a=a.nextSibling};function S(a,b){b=b.toLowerCase();return\"style\"==b?da(a.style.cssText):P&&\"value\"==b&&T(a,\"INPUT\")?a.value:ba&&!0===a[b]?String(a.getAttribute(b)):(a=a.getAttributeNode(b))&&a.specified?a.value:null}var ea=/[;]+(?=(?:(?:[^\"]*\"){2})*[^\"]*$)(?=(?:(?:[^']*'){2})*[^']*$)(?=(?:[^()]*\\([^()]*\\))*[^()]*$)/;\nfunction da(a){var b=[];k(a.split(ea),function(c){var e=c.indexOf(\":\");0\u003Ce&&(c=[c.slice(0,e),c.slice(e+1)],2==c.length&&b.push(c[0].toLowerCase(),\":\",c[1],\";\"))});b=b.join(\"\");return b=\";\"==b.charAt(b.length-1)?b:b+\";\"}function U(a,b){P&&\"value\"==b&&T(a,\"OPTION\")&&null===S(a,\"value\")?(b=[],R(a,b,!1),a=b.join(\"\")):a=a[b];return a}function T(a,b){b&&\"string\"!==typeof b&&(b=b.toString());return!!a&&1==a.nodeType&&(!b||a.tagName.toUpperCase()==b)}\nfunction V(a){return T(a,\"OPTION\")?!0:T(a,\"INPUT\")?(a=a.type.toLowerCase(),\"checkbox\"==a||\"radio\"==a):!1};var fa={\"class\":\"className\",readonly:\"readOnly\"},ha=\"allowfullscreen allowpaymentrequest allowusermedia async autofocus autoplay checked compact complete controls declare default defaultchecked defaultselected defer disabled ended formnovalidate hidden indeterminate iscontenteditable ismap itemscope loop multiple muted nohref nomodule noresize noshade novalidate nowrap open paused playsinline pubdate readonly required reversed scoped seamless seeking selected truespeed typemustmatch willvalidate\".split(\" \");function W(a,b){var c=null,e=b.toLowerCase();if(\"style\"==e)return(c=a.style)&&\"string\"!=typeof c&&(c=c.cssText),c;if((\"selected\"==e||\"checked\"==e)&&V(a)){if(!V(a))throw new l(15,\"Element is not selectable\");b=\"selected\";c=a.type&&a.type.toLowerCase();if(\"checkbox\"==c||\"radio\"==c)b=\"checked\";return U(a,b)?\"true\":null}var g=T(a,\"A\");if(T(a,\"IMG\")&&\"src\"==e||g&&\"href\"==e)return(c=S(a,e))&&(c=U(a,e)),c;if(\"spellcheck\"==e){c=S(a,e);if(null!==c){if(\"false\"==c.toLowerCase())return\"false\";if(\"true\"==c.toLowerCase())return\"true\"}return U(a,\ne)+\"\"}g=fa[b]||b;if(0\u003C=h(ha,e))return(c=null!==S(a,b)||U(a,g))?\"true\":null;try{var x=U(a,g)}catch(ia){}(e=null==x)||(e=typeof x,e=\"object\"==e&&null!=x||\"function\"==e);e?c=S(a,b):c=x;return null!=c?c.toString():null}var X=[\"_\"],Y=d;X[0]in Y||\"undefined\"==typeof Y.execScript||Y.execScript(\"var \"+X[0]);for(var Z;X.length&&(Z=X.shift());)X.length||void 0===W?Y[Z]&&Y[Z]!==Object.prototype[Z]?Y=Y[Z]:Y=Y[Z]={}:Y[Z]=W;; return this._.apply(null,arguments);}).apply({navigator:typeof window!='undefined'?window.navigator:null,document:typeof window!='undefined'?window.document:null}, arguments);}\n).apply(null, arguments);"
}
[1744521134.597][INFO]: Waiting for pending navigations...
[1744521134.598][INFO]: Done waiting for pending navigations. Status: ok
[1744521134.609][INFO]: Waiting for pending navigations...
[1744521134.610][INFO]: Done waiting for pending navigations. Status: ok
[1744521134.610][INFO]: [96366644e4e44a0331331087ddd55f7c] RESPONSE ExecuteScript "https://rukminim2.flixcart.com/image/612/612/xif0q/mug/g/l/l/naruto-anime-akatsuki-printed-350-ml-coffee-mug-akatsuki-7-a-77-original-imahawzcsxhshwzu.jpeg?q=70"
[1744521134.615][INFO]: [96366644e4e44a0331331087ddd55f7c] COMMAND FindChildElement {
   "id": "f.FA7F9F0460E8C13CECE7AFB28C7D66DB.d.0C4AE97B349F22F0083DFBCECE0003F5.e.1030",
   "using": "xpath",
   "value": ".//span[@class='Wphh3N']"
}
[1744521134.615][INFO]: Waiting for pending navigations...
[1744521134.617][INFO]: Done waiting for pending navigations. Status: ok
[1744521144.636][INFO]: Waiting for pending navigations...
[1744521144.638][INFO]: Done waiting for pending navigations. Status: ok
[1744521144.638][INFO]: [96366644e4e44a0331331087ddd55f7c] RESPONSE FindChildElement ERROR no such element: Unable to locate element: {"method":"xpath","selector":".//span[@class='Wphh3N']"}
  (Session info: chrome=135.0.7049.84)
[1744521144.646][INFO]: [96366644e4e44a0331331087ddd55f7c] COMMAND FindChildElement {
   "id": "f.FA7F9F0460E8C13CECE7AFB28C7D66DB.d.0C4AE97B349F22F0083DFBCECE0003F5.e.1031",
   "using": "xpath",
   "value": ".//a[@class='wjcEIp']"
}
[1744521144.646][INFO]: Waiting for pending navigations...
[1744521144.648][INFO]: Done waiting for pending navigations. Status: ok
[1744521144.664][INFO]: Waiting for pending navigations...
[1744521144.666][INFO]: Done waiting for pending navigations. Status: ok
[1744521144.666][INFO]: [96366644e4e44a0331331087ddd55f7c] RESPONSE FindChildElement {
   "element-6066-11e4-a52e-4f735466cecf": "f.FA7F9F0460E8C13CECE7AFB28C7D66DB.d.0C4AE97B349F22F0083DFBCECE0003F5.e.1083"
}
[1744521144.670][INFO]: [96366644e4e44a0331331087ddd55f7c] COMMAND GetElementText {
   "id": "f.FA7F9F0460E8C13CECE7AFB28C7D66DB.d.0C4AE97B349F22F0083DFBCECE0003F5.e.1083"
}
[1744521144.670][INFO]: Waiting for pending navigations...
[1744521144.672][INFO]: Done waiting for pending navigations. Status: ok
[1744521144.691][INFO]: Waiting for pending navigations...
[1744521144.693][INFO]: Done waiting for pending navigations. Status: ok
[1744521144.693][INFO]: [96366644e4e44a0331331087ddd55f7c] RESPONSE GetElementText "KAVANA Coffee mug Hot & Cold for Drinks, Double Walled ..."
[1744521144.699][INFO]: [96366644e4e44a0331331087ddd55f7c] COMMAND FindChildElement {
   "id": "f.FA7F9F0460E8C13CECE7AFB28C7D66DB.d.0C4AE97B349F22F0083DFBCECE0003F5.e.1031",
   "using": "xpath",
   "value": ".//img[@class='DByuf4']"
}
[1744521144.699][INFO]: Waiting for pending navigations...
[1744521144.701][INFO]: Done waiting for pending navigations. Status: ok
[1744521144.719][INFO]: Waiting for pending navigations...
[1744521144.720][INFO]: Done waiting for pending navigations. Status: ok
[1744521144.720][INFO]: [96366644e4e44a0331331087ddd55f7c] RESPONSE FindChildElement {
   "element-6066-11e4-a52e-4f735466cecf": "f.FA7F9F0460E8C13CECE7AFB28C7D66DB.d.0C4AE97B349F22F0083DFBCECE0003F5.e.1084"
}
[1744521144.727][INFO]: [96366644e4e44a0331331087ddd55f7c] COMMAND ExecuteScript {
   "args": [ {
      "element-6066-11e4-a52e-4f735466cecf": "f.FA7F9F0460E8C13CECE7AFB28C7D66DB.d.0C4AE97B349F22F0083DFBCECE0003F5.e.1084"
   }, "src" ],
   "script": "/* getAttribute */return (function(){return (function(){var d=this||self;function f(a,b){function c(){}c.prototype=b.prototype;a.prototype=new c;a.prototype.constructor=a};var h=Array.prototype.indexOf?function(a,b){return Array.prototype.indexOf.call(a,b,void 0)}:function(a,b){if(\"string\"===typeof a)return\"string\"!==typeof b||1!=b.length?-1:a.indexOf(b,0);for(var c=0;c\u003Ca.length;c++)if(c in a&&a[c]===b)return c;return-1},k=Array.prototype.forEach?function(a,b){Array.prototype.forEach.call(a,b,void 0)}:function(a,b){for(var c=a.length,e=\"string\"===typeof a?a.split(\"\"):a,g=0;g\u003Cc;g++)g in e&&b.call(void 0,e[g],g,a)};function l(a,b){this.code=a;this.a=m[a]||n;this.message=b||\"\";a=this.a.replace(/((?:^|\\s+)[a-z])/g,function(c){return c.toUpperCase().replace(/^[\\s\\xa0]+/g,\"\")});b=a.length-5;if(0>b||a.indexOf(\"Error\",b)!=b)a+=\"Error\";this.name=a;a=Error(this.message);a.name=this.name;this.stack=a.stack||\"\"}f(l,Error);var n=\"unknown error\",m={15:\"element not selectable\",11:\"element not visible\"};m[31]=n;m[30]=n;m[24]=\"invalid cookie domain\";m[29]=\"invalid element coordinates\";m[12]=\"invalid element state\";m[32]=\"invalid selector\";\nm[51]=\"invalid selector\";m[52]=\"invalid selector\";m[17]=\"javascript error\";m[405]=\"unsupported operation\";m[34]=\"move target out of bounds\";m[27]=\"no such alert\";m[7]=\"no such element\";m[8]=\"no such frame\";m[23]=\"no such window\";m[28]=\"script timeout\";m[33]=\"session not created\";m[10]=\"stale element reference\";m[21]=\"timeout\";m[25]=\"unable to set cookie\";m[26]=\"unexpected alert open\";m[13]=n;m[9]=\"unknown command\";var p;a:{var q=d.navigator;if(q){var r=q.userAgent;if(r){p=r;break a}}p=\"\"}function t(a){return-1!=p.indexOf(a)};function u(){return t(\"Firefox\")||t(\"FxiOS\")}function v(){return(t(\"Chrome\")||t(\"CriOS\"))&&!t(\"Edge\")};function w(){return t(\"iPhone\")&&!t(\"iPod\")&&!t(\"iPad\")};var y=t(\"Opera\"),z=t(\"Trident\")||t(\"MSIE\"),A=t(\"Edge\"),B=t(\"Gecko\")&&!(-1!=p.toLowerCase().indexOf(\"webkit\")&&!t(\"Edge\"))&&!(t(\"Trident\")||t(\"MSIE\"))&&!t(\"Edge\"),C=-1!=p.toLowerCase().indexOf(\"webkit\")&&!t(\"Edge\");function D(){var a=d.document;return a?a.documentMode:void 0}var E;\na:{var F=\"\",G=function(){var a=p;if(B)return/rv:([^\\);]+)(\\)|;)/.exec(a);if(A)return/Edge\\/([\\d\\.]+)/.exec(a);if(z)return/\\b(?:MSIE|rv)[: ]([^\\);]+)(\\)|;)/.exec(a);if(C)return/WebKit\\/(\\S+)/.exec(a);if(y)return/(?:Version)[ \\/]?(\\S+)/.exec(a)}();G&&(F=G?G[1]:\"\");if(z){var H=D();if(null!=H&&H>parseFloat(F)){E=String(H);break a}}E=F}var I;I=d.document&&z?D():void 0;var J=u(),K=w()||t(\"iPod\"),L=t(\"iPad\"),M=t(\"Android\")&&!(v()||u()||t(\"Opera\")||t(\"Silk\")),N=v(),aa=t(\"Safari\")&&!(v()||t(\"Coast\")||t(\"Opera\")||t(\"Edge\")||t(\"Edg/\")||t(\"OPR\")||u()||t(\"Silk\")||t(\"Android\"))&&!(w()||t(\"iPad\")||t(\"iPod\"));function O(a){return(a=a.exec(p))?a[1]:\"\"}(function(){if(J)return O(/Firefox\\/([0-9.]+)/);if(z||A||y)return E;if(N)return w()||t(\"iPad\")||t(\"iPod\")?O(/CriOS\\/([0-9.]+)/):O(/Chrome\\/([0-9.]+)/);if(aa&&!(w()||t(\"iPad\")||t(\"iPod\")))return O(/Version\\/([0-9.]+)/);if(K||L){var a=/Version\\/(\\S+).*Mobile\\/(\\S+)/.exec(p);if(a)return a[1]+\".\"+a[2]}else if(M)return(a=O(/Android\\s+([0-9.]+)/))?a:O(/Version\\/([0-9.]+)/);return\"\"})();var P=z&&!(8\u003C=Number(I)),ba=z&&!(9\u003C=Number(I));var ca={SCRIPT:1,STYLE:1,HEAD:1,IFRAME:1,OBJECT:1},Q={IMG:\" \",BR:\"\\n\"};function R(a,b,c){if(!(a.nodeName in ca))if(3==a.nodeType)c?b.push(String(a.nodeValue).replace(/(\\r\\n|\\r|\\n)/g,\"\")):b.push(a.nodeValue);else if(a.nodeName in Q)b.push(Q[a.nodeName]);else for(a=a.firstChild;a;)R(a,b,c),a=a.nextSibling};function S(a,b){b=b.toLowerCase();return\"style\"==b?da(a.style.cssText):P&&\"value\"==b&&T(a,\"INPUT\")?a.value:ba&&!0===a[b]?String(a.getAttribute(b)):(a=a.getAttributeNode(b))&&a.specified?a.value:null}var ea=/[;]+(?=(?:(?:[^\"]*\"){2})*[^\"]*$)(?=(?:(?:[^']*'){2})*[^']*$)(?=(?:[^()]*\\([^()]*\\))*[^()]*$)/;\nfunction da(a){var b=[];k(a.split(ea),function(c){var e=c.indexOf(\":\");0\u003Ce&&(c=[c.slice(0,e),c.slice(e+1)],2==c.length&&b.push(c[0].toLowerCase(),\":\",c[1],\";\"))});b=b.join(\"\");return b=\";\"==b.charAt(b.length-1)?b:b+\";\"}function U(a,b){P&&\"value\"==b&&T(a,\"OPTION\")&&null===S(a,\"value\")?(b=[],R(a,b,!1),a=b.join(\"\")):a=a[b];return a}function T(a,b){b&&\"string\"!==typeof b&&(b=b.toString());return!!a&&1==a.nodeType&&(!b||a.tagName.toUpperCase()==b)}\nfunction V(a){return T(a,\"OPTION\")?!0:T(a,\"INPUT\")?(a=a.type.toLowerCase(),\"checkbox\"==a||\"radio\"==a):!1};var fa={\"class\":\"className\",readonly:\"readOnly\"},ha=\"allowfullscreen allowpaymentrequest allowusermedia async autofocus autoplay checked compact complete controls declare default defaultchecked defaultselected defer disabled ended formnovalidate hidden indeterminate iscontenteditable ismap itemscope loop multiple muted nohref nomodule noresize noshade novalidate nowrap open paused playsinline pubdate readonly required reversed scoped seamless seeking selected truespeed typemustmatch willvalidate\".split(\" \");function W(a,b){var c=null,e=b.toLowerCase();if(\"style\"==e)return(c=a.style)&&\"string\"!=typeof c&&(c=c.cssText),c;if((\"selected\"==e||\"checked\"==e)&&V(a)){if(!V(a))throw new l(15,\"Element is not selectable\");b=\"selected\";c=a.type&&a.type.toLowerCase();if(\"checkbox\"==c||\"radio\"==c)b=\"checked\";return U(a,b)?\"true\":null}var g=T(a,\"A\");if(T(a,\"IMG\")&&\"src\"==e||g&&\"href\"==e)return(c=S(a,e))&&(c=U(a,e)),c;if(\"spellcheck\"==e){c=S(a,e);if(null!==c){if(\"false\"==c.toLowerCase())return\"false\";if(\"true\"==c.toLowerCase())return\"true\"}return U(a,\ne)+\"\"}g=fa[b]||b;if(0\u003C=h(ha,e))return(c=null!==S(a,b)||U(a,g))?\"true\":null;try{var x=U(a,g)}catch(ia){}(e=null==x)||(e=typeof x,e=\"object\"==e&&null!=x||\"function\"==e);e?c=S(a,b):c=x;return null!=c?c.toString():null}var X=[\"_\"],Y=d;X[0]in Y||\"undefined\"==typeof Y.execScript||Y.execScript(\"var \"+X[0]);for(var Z;X.length&&(Z=X.shift());)X.length||void 0===W?Y[Z]&&Y[Z]!==Object.prototype[Z]?Y=Y[Z]:Y=Y[Z]={}:Y[Z]=W;; return this._.apply(null,arguments);}).apply({navigator:typeof window!='undefined'?window.navigator:null,document:typeof window!='undefined'?window.document:null}, arguments);}\n).apply(null, arguments);"
}
[1744521144.727][INFO]: Waiting for pending navigations...
[1744521144.729][INFO]: Done waiting for pending navigations. Status: ok
[1744521144.815][INFO]: Waiting for pending navigations...
[1744521144.848][INFO]: Done waiting for pending navigations. Status: ok
[1744521144.848][INFO]: [96366644e4e44a0331331087ddd55f7c] RESPONSE ExecuteScript "https://rukminim2.flixcart.com/image/612/612/xif0q/bottle/k/3/9/510-vacuum-insulated-water-bottle-thermos-hot-and-cold-flask-for-original-imagmzkfsmnysw5p.jpeg?q=70"
[1744521144.871][INFO]: [96366644e4e44a0331331087ddd55f7c] COMMAND FindChildElement {
   "id": "f.FA7F9F0460E8C13CECE7AFB28C7D66DB.d.0C4AE97B349F22F0083DFBCECE0003F5.e.1031",
   "using": "xpath",
   "value": ".//span[@class='Wphh3N']"
}
[1744521144.871][INFO]: Waiting for pending navigations...
[1744521144.876][INFO]: Done waiting for pending navigations. Status: ok
[1744521144.884][INFO]: Waiting for pending navigations...
[1744521144.885][INFO]: Done waiting for pending navigations. Status: ok
[1744521144.885][INFO]: [96366644e4e44a0331331087ddd55f7c] RESPONSE FindChildElement {
   "element-6066-11e4-a52e-4f735466cecf": "f.FA7F9F0460E8C13CECE7AFB28C7D66DB.d.0C4AE97B349F22F0083DFBCECE0003F5.e.1085"
}
[1744521144.888][INFO]: [96366644e4e44a0331331087ddd55f7c] COMMAND GetElementText {
   "id": "f.FA7F9F0460E8C13CECE7AFB28C7D66DB.d.0C4AE97B349F22F0083DFBCECE0003F5.e.1085"
}
[1744521144.888][INFO]: Waiting for pending navigations...
[1744521144.889][INFO]: Done waiting for pending navigations. Status: ok
[1744521144.911][INFO]: Waiting for pending navigations...
[1744521144.913][INFO]: Done waiting for pending navigations. Status: ok
[1744521144.913][INFO]: [96366644e4e44a0331331087ddd55f7c] RESPONSE GetElementText "(315)"
[1744521144.916][INFO]: [96366644e4e44a0331331087ddd55f7c] COMMAND FindChildElement {
   "id": "f.FA7F9F0460E8C13CECE7AFB28C7D66DB.d.0C4AE97B349F22F0083DFBCECE0003F5.e.1022",
   "using": "xpath",
   "value": ".//a[@class='wjcEIp']"
}
[1744521144.916][INFO]: Waiting for pending navigations...
[1744521144.917][INFO]: Done waiting for pending navigations. Status: ok
[1744521144.924][INFO]: Waiting for pending navigations...
[1744521144.925][INFO]: Done waiting for pending navigations. Status: ok
[1744521144.925][INFO]: [96366644e4e44a0331331087ddd55f7c] RESPONSE FindChildElement {
   "element-6066-11e4-a52e-4f735466cecf": "f.FA7F9F0460E8C13CECE7AFB28C7D66DB.d.0C4AE97B349F22F0083DFBCECE0003F5.e.1086"
}
[1744521144.927][INFO]: [96366644e4e44a0331331087ddd55f7c] COMMAND GetElementText {
   "id": "f.FA7F9F0460E8C13CECE7AFB28C7D66DB.d.0C4AE97B349F22F0083DFBCECE0003F5.e.1086"
}
[1744521144.927][INFO]: Waiting for pending navigations...
[1744521144.928][INFO]: Done waiting for pending navigations. Status: ok
[1744521144.935][INFO]: Waiting for pending navigations...
[1744521144.936][INFO]: Done waiting for pending navigations. Status: ok
[1744521144.936][INFO]: [96366644e4e44a0331331087ddd55f7c] RESPONSE GetElementText "Trueware Frost Unbreakable Tea Coffee Double Wall Insul..."
[1744521144.939][INFO]: [96366644e4e44a0331331087ddd55f7c] COMMAND FindChildElement {
   "id": "f.FA7F9F0460E8C13CECE7AFB28C7D66DB.d.0C4AE97B349F22F0083DFBCECE0003F5.e.1022",
   "using": "xpath",
   "value": ".//img[@class='DByuf4']"
}
[1744521144.939][INFO]: Waiting for pending navigations...
[1744521144.940][INFO]: Done waiting for pending navigations. Status: ok
[1744521144.947][INFO]: Waiting for pending navigations...
[1744521144.948][INFO]: Done waiting for pending navigations. Status: ok
[1744521144.948][INFO]: [96366644e4e44a0331331087ddd55f7c] RESPONSE FindChildElement {
   "element-6066-11e4-a52e-4f735466cecf": "f.FA7F9F0460E8C13CECE7AFB28C7D66DB.d.0C4AE97B349F22F0083DFBCECE0003F5.e.1087"
}
[1744521144.951][INFO]: [96366644e4e44a0331331087ddd55f7c] COMMAND ExecuteScript {
   "args": [ {
      "element-6066-11e4-a52e-4f735466cecf": "f.FA7F9F0460E8C13CECE7AFB28C7D66DB.d.0C4AE97B349F22F0083DFBCECE0003F5.e.1087"
   }, "src" ],
   "script": "/* getAttribute */return (function(){return (function(){var d=this||self;function f(a,b){function c(){}c.prototype=b.prototype;a.prototype=new c;a.prototype.constructor=a};var h=Array.prototype.indexOf?function(a,b){return Array.prototype.indexOf.call(a,b,void 0)}:function(a,b){if(\"string\"===typeof a)return\"string\"!==typeof b||1!=b.length?-1:a.indexOf(b,0);for(var c=0;c\u003Ca.length;c++)if(c in a&&a[c]===b)return c;return-1},k=Array.prototype.forEach?function(a,b){Array.prototype.forEach.call(a,b,void 0)}:function(a,b){for(var c=a.length,e=\"string\"===typeof a?a.split(\"\"):a,g=0;g\u003Cc;g++)g in e&&b.call(void 0,e[g],g,a)};function l(a,b){this.code=a;this.a=m[a]||n;this.message=b||\"\";a=this.a.replace(/((?:^|\\s+)[a-z])/g,function(c){return c.toUpperCase().replace(/^[\\s\\xa0]+/g,\"\")});b=a.length-5;if(0>b||a.indexOf(\"Error\",b)!=b)a+=\"Error\";this.name=a;a=Error(this.message);a.name=this.name;this.stack=a.stack||\"\"}f(l,Error);var n=\"unknown error\",m={15:\"element not selectable\",11:\"element not visible\"};m[31]=n;m[30]=n;m[24]=\"invalid cookie domain\";m[29]=\"invalid element coordinates\";m[12]=\"invalid element state\";m[32]=\"invalid selector\";\nm[51]=\"invalid selector\";m[52]=\"invalid selector\";m[17]=\"javascript error\";m[405]=\"unsupported operation\";m[34]=\"move target out of bounds\";m[27]=\"no such alert\";m[7]=\"no such element\";m[8]=\"no such frame\";m[23]=\"no such window\";m[28]=\"script timeout\";m[33]=\"session not created\";m[10]=\"stale element reference\";m[21]=\"timeout\";m[25]=\"unable to set cookie\";m[26]=\"unexpected alert open\";m[13]=n;m[9]=\"unknown command\";var p;a:{var q=d.navigator;if(q){var r=q.userAgent;if(r){p=r;break a}}p=\"\"}function t(a){return-1!=p.indexOf(a)};function u(){return t(\"Firefox\")||t(\"FxiOS\")}function v(){return(t(\"Chrome\")||t(\"CriOS\"))&&!t(\"Edge\")};function w(){return t(\"iPhone\")&&!t(\"iPod\")&&!t(\"iPad\")};var y=t(\"Opera\"),z=t(\"Trident\")||t(\"MSIE\"),A=t(\"Edge\"),B=t(\"Gecko\")&&!(-1!=p.toLowerCase().indexOf(\"webkit\")&&!t(\"Edge\"))&&!(t(\"Trident\")||t(\"MSIE\"))&&!t(\"Edge\"),C=-1!=p.toLowerCase().indexOf(\"webkit\")&&!t(\"Edge\");function D(){var a=d.document;return a?a.documentMode:void 0}var E;\na:{var F=\"\",G=function(){var a=p;if(B)return/rv:([^\\);]+)(\\)|;)/.exec(a);if(A)return/Edge\\/([\\d\\.]+)/.exec(a);if(z)return/\\b(?:MSIE|rv)[: ]([^\\);]+)(\\)|;)/.exec(a);if(C)return/WebKit\\/(\\S+)/.exec(a);if(y)return/(?:Version)[ \\/]?(\\S+)/.exec(a)}();G&&(F=G?G[1]:\"\");if(z){var H=D();if(null!=H&&H>parseFloat(F)){E=String(H);break a}}E=F}var I;I=d.document&&z?D():void 0;var J=u(),K=w()||t(\"iPod\"),L=t(\"iPad\"),M=t(\"Android\")&&!(v()||u()||t(\"Opera\")||t(\"Silk\")),N=v(),aa=t(\"Safari\")&&!(v()||t(\"Coast\")||t(\"Opera\")||t(\"Edge\")||t(\"Edg/\")||t(\"OPR\")||u()||t(\"Silk\")||t(\"Android\"))&&!(w()||t(\"iPad\")||t(\"iPod\"));function O(a){return(a=a.exec(p))?a[1]:\"\"}(function(){if(J)return O(/Firefox\\/([0-9.]+)/);if(z||A||y)return E;if(N)return w()||t(\"iPad\")||t(\"iPod\")?O(/CriOS\\/([0-9.]+)/):O(/Chrome\\/([0-9.]+)/);if(aa&&!(w()||t(\"iPad\")||t(\"iPod\")))return O(/Version\\/([0-9.]+)/);if(K||L){var a=/Version\\/(\\S+).*Mobile\\/(\\S+)/.exec(p);if(a)return a[1]+\".\"+a[2]}else if(M)return(a=O(/Android\\s+([0-9.]+)/))?a:O(/Version\\/([0-9.]+)/);return\"\"})();var P=z&&!(8\u003C=Number(I)),ba=z&&!(9\u003C=Number(I));var ca={SCRIPT:1,STYLE:1,HEAD:1,IFRAME:1,OBJECT:1},Q={IMG:\" \",BR:\"\\n\"};function R(a,b,c){if(!(a.nodeName in ca))if(3==a.nodeType)c?b.push(String(a.nodeValue).replace(/(\\r\\n|\\r|\\n)/g,\"\")):b.push(a.nodeValue);else if(a.nodeName in Q)b.push(Q[a.nodeName]);else for(a=a.firstChild;a;)R(a,b,c),a=a.nextSibling};function S(a,b){b=b.toLowerCase();return\"style\"==b?da(a.style.cssText):P&&\"value\"==b&&T(a,\"INPUT\")?a.value:ba&&!0===a[b]?String(a.getAttribute(b)):(a=a.getAttributeNode(b))&&a.specified?a.value:null}var ea=/[;]+(?=(?:(?:[^\"]*\"){2})*[^\"]*$)(?=(?:(?:[^']*'){2})*[^']*$)(?=(?:[^()]*\\([^()]*\\))*[^()]*$)/;\nfunction da(a){var b=[];k(a.split(ea),function(c){var e=c.indexOf(\":\");0\u003Ce&&(c=[c.slice(0,e),c.slice(e+1)],2==c.length&&b.push(c[0].toLowerCase(),\":\",c[1],\";\"))});b=b.join(\"\");return b=\";\"==b.charAt(b.length-1)?b:b+\";\"}function U(a,b){P&&\"value\"==b&&T(a,\"OPTION\")&&null===S(a,\"value\")?(b=[],R(a,b,!1),a=b.join(\"\")):a=a[b];return a}function T(a,b){b&&\"string\"!==typeof b&&(b=b.toString());return!!a&&1==a.nodeType&&(!b||a.tagName.toUpperCase()==b)}\nfunction V(a){return T(a,\"OPTION\")?!0:T(a,\"INPUT\")?(a=a.type.toLowerCase(),\"checkbox\"==a||\"radio\"==a):!1};var fa={\"class\":\"className\",readonly:\"readOnly\"},ha=\"allowfullscreen allowpaymentrequest allowusermedia async autofocus autoplay checked compact complete controls declare default defaultchecked defaultselected defer disabled ended formnovalidate hidden indeterminate iscontenteditable ismap itemscope loop multiple muted nohref nomodule noresize noshade novalidate nowrap open paused playsinline pubdate readonly required reversed scoped seamless seeking selected truespeed typemustmatch willvalidate\".split(\" \");function W(a,b){var c=null,e=b.toLowerCase();if(\"style\"==e)return(c=a.style)&&\"string\"!=typeof c&&(c=c.cssText),c;if((\"selected\"==e||\"checked\"==e)&&V(a)){if(!V(a))throw new l(15,\"Element is not selectable\");b=\"selected\";c=a.type&&a.type.toLowerCase();if(\"checkbox\"==c||\"radio\"==c)b=\"checked\";return U(a,b)?\"true\":null}var g=T(a,\"A\");if(T(a,\"IMG\")&&\"src\"==e||g&&\"href\"==e)return(c=S(a,e))&&(c=U(a,e)),c;if(\"spellcheck\"==e){c=S(a,e);if(null!==c){if(\"false\"==c.toLowerCase())return\"false\";if(\"true\"==c.toLowerCase())return\"true\"}return U(a,\ne)+\"\"}g=fa[b]||b;if(0\u003C=h(ha,e))return(c=null!==S(a,b)||U(a,g))?\"true\":null;try{var x=U(a,g)}catch(ia){}(e=null==x)||(e=typeof x,e=\"object\"==e&&null!=x||\"function\"==e);e?c=S(a,b):c=x;return null!=c?c.toString():null}var X=[\"_\"],Y=d;X[0]in Y||\"undefined\"==typeof Y.execScript||Y.execScript(\"var \"+X[0]);for(var Z;X.length&&(Z=X.shift());)X.length||void 0===W?Y[Z]&&Y[Z]!==Object.prototype[Z]?Y=Y[Z]:Y=Y[Z]={}:Y[Z]=W;; return this._.apply(null,arguments);}).apply({navigator:typeof window!='undefined'?window.navigator:null,document:typeof window!='undefined'?window.document:null}, arguments);}\n).apply(null, arguments);"
}
[1744521144.951][INFO]: Waiting for pending navigations...
[1744521144.952][INFO]: Done waiting for pending navigations. Status: ok
[1744521144.956][INFO]: Waiting for pending navigations...
[1744521144.957][INFO]: Done waiting for pending navigations. Status: ok
[1744521144.957][INFO]: [96366644e4e44a0331331087ddd55f7c] RESPONSE ExecuteScript "https://rukminim2.flixcart.com/image/612/612/xif0q/mug/g/s/k/frost-unbreakable-tea-coffee-mug-double-wall-insulated-with-original-imah44hfhvkacjjr.jpeg?q=70"
[1744521144.959][INFO]: [96366644e4e44a0331331087ddd55f7c] COMMAND FindChildElement {
   "id": "f.FA7F9F0460E8C13CECE7AFB28C7D66DB.d.0C4AE97B349F22F0083DFBCECE0003F5.e.1022",
   "using": "xpath",
   "value": ".//span[@class='Wphh3N']"
}
[1744521144.959][INFO]: Waiting for pending navigations...
[1744521144.960][INFO]: Done waiting for pending navigations. Status: ok
[1744521144.967][INFO]: Waiting for pending navigations...
[1744521144.967][INFO]: Done waiting for pending navigations. Status: ok
[1744521144.967][INFO]: [96366644e4e44a0331331087ddd55f7c] RESPONSE FindChildElement {
   "element-6066-11e4-a52e-4f735466cecf": "f.FA7F9F0460E8C13CECE7AFB28C7D66DB.d.0C4AE97B349F22F0083DFBCECE0003F5.e.1088"
}
[1744521144.969][INFO]: [96366644e4e44a0331331087ddd55f7c] COMMAND GetElementText {
   "id": "f.FA7F9F0460E8C13CECE7AFB28C7D66DB.d.0C4AE97B349F22F0083DFBCECE0003F5.e.1088"
}
[1744521144.969][INFO]: Waiting for pending navigations...
[1744521144.970][INFO]: Done waiting for pending navigations. Status: ok
[1744521144.976][INFO]: Waiting for pending navigations...
[1744521144.977][INFO]: Done waiting for pending navigations. Status: ok
[1744521144.977][INFO]: [96366644e4e44a0331331087ddd55f7c] RESPONSE GetElementText "(243)"
[1744521144.979][INFO]: [96366644e4e44a0331331087ddd55f7c] COMMAND FindChildElement {
   "id": "f.FA7F9F0460E8C13CECE7AFB28C7D66DB.d.0C4AE97B349F22F0083DFBCECE0003F5.e.1032",
   "using": "xpath",
   "value": ".//a[@class='wjcEIp']"
}
[1744521144.979][INFO]: Waiting for pending navigations...
[1744521144.980][INFO]: Done waiting for pending navigations. Status: ok
[1744521144.985][INFO]: Waiting for pending navigations...
[1744521144.986][INFO]: Done waiting for pending navigations. Status: ok
[1744521144.986][INFO]: [96366644e4e44a0331331087ddd55f7c] RESPONSE FindChildElement {
   "element-6066-11e4-a52e-4f735466cecf": "f.FA7F9F0460E8C13CECE7AFB28C7D66DB.d.0C4AE97B349F22F0083DFBCECE0003F5.e.1089"
}
[1744521144.988][INFO]: [96366644e4e44a0331331087ddd55f7c] COMMAND GetElementText {
   "id": "f.FA7F9F0460E8C13CECE7AFB28C7D66DB.d.0C4AE97B349F22F0083DFBCECE0003F5.e.1089"
}
[1744521144.988][INFO]: Waiting for pending navigations...
[1744521144.988][INFO]: Done waiting for pending navigations. Status: ok
[1744521144.994][INFO]: Waiting for pending navigations...
[1744521144.994][INFO]: Done waiting for pending navigations. Status: ok
[1744521144.994][INFO]: [96366644e4e44a0331331087ddd55f7c] RESPONSE GetElementText "KHYATISALES Ribbed Drinking Glasses with Lids and Straw..."
[1744521144.996][INFO]: [96366644e4e44a0331331087ddd55f7c] COMMAND FindChildElement {
   "id": "f.FA7F9F0460E8C13CECE7AFB28C7D66DB.d.0C4AE97B349F22F0083DFBCECE0003F5.e.1032",
   "using": "xpath",
   "value": ".//img[@class='DByuf4']"
}
[1744521144.996][INFO]: Waiting for pending navigations...
[1744521144.997][INFO]: Done waiting for pending navigations. Status: ok
[1744521145.002][INFO]: Waiting for pending navigations...
[1744521145.003][INFO]: Done waiting for pending navigations. Status: ok
[1744521145.003][INFO]: [96366644e4e44a0331331087ddd55f7c] RESPONSE FindChildElement {
   "element-6066-11e4-a52e-4f735466cecf": "f.FA7F9F0460E8C13CECE7AFB28C7D66DB.d.0C4AE97B349F22F0083DFBCECE0003F5.e.1090"
}
[1744521145.005][INFO]: [96366644e4e44a0331331087ddd55f7c] COMMAND ExecuteScript {
   "args": [ {
      "element-6066-11e4-a52e-4f735466cecf": "f.FA7F9F0460E8C13CECE7AFB28C7D66DB.d.0C4AE97B349F22F0083DFBCECE0003F5.e.1090"
   }, "src" ],
   "script": "/* getAttribute */return (function(){return (function(){var d=this||self;function f(a,b){function c(){}c.prototype=b.prototype;a.prototype=new c;a.prototype.constructor=a};var h=Array.prototype.indexOf?function(a,b){return Array.prototype.indexOf.call(a,b,void 0)}:function(a,b){if(\"string\"===typeof a)return\"string\"!==typeof b||1!=b.length?-1:a.indexOf(b,0);for(var c=0;c\u003Ca.length;c++)if(c in a&&a[c]===b)return c;return-1},k=Array.prototype.forEach?function(a,b){Array.prototype.forEach.call(a,b,void 0)}:function(a,b){for(var c=a.length,e=\"string\"===typeof a?a.split(\"\"):a,g=0;g\u003Cc;g++)g in e&&b.call(void 0,e[g],g,a)};function l(a,b){this.code=a;this.a=m[a]||n;this.message=b||\"\";a=this.a.replace(/((?:^|\\s+)[a-z])/g,function(c){return c.toUpperCase().replace(/^[\\s\\xa0]+/g,\"\")});b=a.length-5;if(0>b||a.indexOf(\"Error\",b)!=b)a+=\"Error\";this.name=a;a=Error(this.message);a.name=this.name;this.stack=a.stack||\"\"}f(l,Error);var n=\"unknown error\",m={15:\"element not selectable\",11:\"element not visible\"};m[31]=n;m[30]=n;m[24]=\"invalid cookie domain\";m[29]=\"invalid element coordinates\";m[12]=\"invalid element state\";m[32]=\"invalid selector\";\nm[51]=\"invalid selector\";m[52]=\"invalid selector\";m[17]=\"javascript error\";m[405]=\"unsupported operation\";m[34]=\"move target out of bounds\";m[27]=\"no such alert\";m[7]=\"no such element\";m[8]=\"no such frame\";m[23]=\"no such window\";m[28]=\"script timeout\";m[33]=\"session not created\";m[10]=\"stale element reference\";m[21]=\"timeout\";m[25]=\"unable to set cookie\";m[26]=\"unexpected alert open\";m[13]=n;m[9]=\"unknown command\";var p;a:{var q=d.navigator;if(q){var r=q.userAgent;if(r){p=r;break a}}p=\"\"}function t(a){return-1!=p.indexOf(a)};function u(){return t(\"Firefox\")||t(\"FxiOS\")}function v(){return(t(\"Chrome\")||t(\"CriOS\"))&&!t(\"Edge\")};function w(){return t(\"iPhone\")&&!t(\"iPod\")&&!t(\"iPad\")};var y=t(\"Opera\"),z=t(\"Trident\")||t(\"MSIE\"),A=t(\"Edge\"),B=t(\"Gecko\")&&!(-1!=p.toLowerCase().indexOf(\"webkit\")&&!t(\"Edge\"))&&!(t(\"Trident\")||t(\"MSIE\"))&&!t(\"Edge\"),C=-1!=p.toLowerCase().indexOf(\"webkit\")&&!t(\"Edge\");function D(){var a=d.document;return a?a.documentMode:void 0}var E;\na:{var F=\"\",G=function(){var a=p;if(B)return/rv:([^\\);]+)(\\)|;)/.exec(a);if(A)return/Edge\\/([\\d\\.]+)/.exec(a);if(z)return/\\b(?:MSIE|rv)[: ]([^\\);]+)(\\)|;)/.exec(a);if(C)return/WebKit\\/(\\S+)/.exec(a);if(y)return/(?:Version)[ \\/]?(\\S+)/.exec(a)}();G&&(F=G?G[1]:\"\");if(z){var H=D();if(null!=H&&H>parseFloat(F)){E=String(H);break a}}E=F}var I;I=d.document&&z?D():void 0;var J=u(),K=w()||t(\"iPod\"),L=t(\"iPad\"),M=t(\"Android\")&&!(v()||u()||t(\"Opera\")||t(\"Silk\")),N=v(),aa=t(\"Safari\")&&!(v()||t(\"Coast\")||t(\"Opera\")||t(\"Edge\")||t(\"Edg/\")||t(\"OPR\")||u()||t(\"Silk\")||t(\"Android\"))&&!(w()||t(\"iPad\")||t(\"iPod\"));function O(a){return(a=a.exec(p))?a[1]:\"\"}(function(){if(J)return O(/Firefox\\/([0-9.]+)/);if(z||A||y)return E;if(N)return w()||t(\"iPad\")||t(\"iPod\")?O(/CriOS\\/([0-9.]+)/):O(/Chrome\\/([0-9.]+)/);if(aa&&!(w()||t(\"iPad\")||t(\"iPod\")))return O(/Version\\/([0-9.]+)/);if(K||L){var a=/Version\\/(\\S+).*Mobile\\/(\\S+)/.exec(p);if(a)return a[1]+\".\"+a[2]}else if(M)return(a=O(/Android\\s+([0-9.]+)/))?a:O(/Version\\/([0-9.]+)/);return\"\"})();var P=z&&!(8\u003C=Number(I)),ba=z&&!(9\u003C=Number(I));var ca={SCRIPT:1,STYLE:1,HEAD:1,IFRAME:1,OBJECT:1},Q={IMG:\" \",BR:\"\\n\"};function R(a,b,c){if(!(a.nodeName in ca))if(3==a.nodeType)c?b.push(String(a.nodeValue).replace(/(\\r\\n|\\r|\\n)/g,\"\")):b.push(a.nodeValue);else if(a.nodeName in Q)b.push(Q[a.nodeName]);else for(a=a.firstChild;a;)R(a,b,c),a=a.nextSibling};function S(a,b){b=b.toLowerCase();return\"style\"==b?da(a.style.cssText):P&&\"value\"==b&&T(a,\"INPUT\")?a.value:ba&&!0===a[b]?String(a.getAttribute(b)):(a=a.getAttributeNode(b))&&a.specified?a.value:null}var ea=/[;]+(?=(?:(?:[^\"]*\"){2})*[^\"]*$)(?=(?:(?:[^']*'){2})*[^']*$)(?=(?:[^()]*\\([^()]*\\))*[^()]*$)/;\nfunction da(a){var b=[];k(a.split(ea),function(c){var e=c.indexOf(\":\");0\u003Ce&&(c=[c.slice(0,e),c.slice(e+1)],2==c.length&&b.push(c[0].toLowerCase(),\":\",c[1],\";\"))});b=b.join(\"\");return b=\";\"==b.charAt(b.length-1)?b:b+\";\"}function U(a,b){P&&\"value\"==b&&T(a,\"OPTION\")&&null===S(a,\"value\")?(b=[],R(a,b,!1),a=b.join(\"\")):a=a[b];return a}function T(a,b){b&&\"string\"!==typeof b&&(b=b.toString());return!!a&&1==a.nodeType&&(!b||a.tagName.toUpperCase()==b)}\nfunction V(a){return T(a,\"OPTION\")?!0:T(a,\"INPUT\")?(a=a.type.toLowerCase(),\"checkbox\"==a||\"radio\"==a):!1};var fa={\"class\":\"className\",readonly:\"readOnly\"},ha=\"allowfullscreen allowpaymentrequest allowusermedia async autofocus autoplay checked compact complete controls declare default defaultchecked defaultselected defer disabled ended formnovalidate hidden indeterminate iscontenteditable ismap itemscope loop multiple muted nohref nomodule noresize noshade novalidate nowrap open paused playsinline pubdate readonly required reversed scoped seamless seeking selected truespeed typemustmatch willvalidate\".split(\" \");function W(a,b){var c=null,e=b.toLowerCase();if(\"style\"==e)return(c=a.style)&&\"string\"!=typeof c&&(c=c.cssText),c;if((\"selected\"==e||\"checked\"==e)&&V(a)){if(!V(a))throw new l(15,\"Element is not selectable\");b=\"selected\";c=a.type&&a.type.toLowerCase();if(\"checkbox\"==c||\"radio\"==c)b=\"checked\";return U(a,b)?\"true\":null}var g=T(a,\"A\");if(T(a,\"IMG\")&&\"src\"==e||g&&\"href\"==e)return(c=S(a,e))&&(c=U(a,e)),c;if(\"spellcheck\"==e){c=S(a,e);if(null!==c){if(\"false\"==c.toLowerCase())return\"false\";if(\"true\"==c.toLowerCase())return\"true\"}return U(a,\ne)+\"\"}g=fa[b]||b;if(0\u003C=h(ha,e))return(c=null!==S(a,b)||U(a,g))?\"true\":null;try{var x=U(a,g)}catch(ia){}(e=null==x)||(e=typeof x,e=\"object\"==e&&null!=x||\"function\"==e);e?c=S(a,b):c=x;return null!=c?c.toString():null}var X=[\"_\"],Y=d;X[0]in Y||\"undefined\"==typeof Y.execScript||Y.execScript(\"var \"+X[0]);for(var Z;X.length&&(Z=X.shift());)X.length||void 0===W?Y[Z]&&Y[Z]!==Object.prototype[Z]?Y=Y[Z]:Y=Y[Z]={}:Y[Z]=W;; return this._.apply(null,arguments);}).apply({navigator:typeof window!='undefined'?window.navigator:null,document:typeof window!='undefined'?window.document:null}, arguments);}\n).apply(null, arguments);"
}
[1744521145.005][INFO]: Waiting for pending navigations...
[1744521145.006][INFO]: Done waiting for pending navigations. Status: ok
[1744521145.009][INFO]: Waiting for pending navigations...
[1744521145.009][INFO]: Done waiting for pending navigations. Status: ok
[1744521145.009][INFO]: [96366644e4e44a0331331087ddd55f7c] RESPONSE ExecuteScript "https://rukminim2.flixcart.com/image/612/612/xif0q/mug/x/j/i/ribbed-drinking-glasses-with-lids-and-straws-khyati-sales-original-imaha2pw88twwjw8.jpeg?q=70"
[1744521145.011][INFO]: [96366644e4e44a0331331087ddd55f7c] COMMAND FindChildElement {
   "id": "f.FA7F9F0460E8C13CECE7AFB28C7D66DB.d.0C4AE97B349F22F0083DFBCECE0003F5.e.1032",
   "using": "xpath",
   "value": ".//span[@class='Wphh3N']"
}
[1744521145.011][INFO]: Waiting for pending navigations...
[1744521145.012][INFO]: Done waiting for pending navigations. Status: ok
[1744521155.059][INFO]: Waiting for pending navigations...
[1744521155.059][INFO]: Done waiting for pending navigations. Status: ok
[1744521155.059][INFO]: [96366644e4e44a0331331087ddd55f7c] RESPONSE FindChildElement ERROR no such element: Unable to locate element: {"method":"xpath","selector":".//span[@class='Wphh3N']"}
  (Session info: chrome=135.0.7049.84)
[1744521155.063][INFO]: [96366644e4e44a0331331087ddd55f7c] COMMAND FindChildElement {
   "id": "f.FA7F9F0460E8C13CECE7AFB28C7D66DB.d.0C4AE97B349F22F0083DFBCECE0003F5.e.1033",
   "using": "xpath",
   "value": ".//a[@class='wjcEIp']"
}
[1744521155.063][INFO]: Waiting for pending navigations...
[1744521155.064][INFO]: Done waiting for pending navigations. Status: ok
[1744521155.071][INFO]: Waiting for pending navigations...
[1744521155.072][INFO]: Done waiting for pending navigations. Status: ok
[1744521155.072][INFO]: [96366644e4e44a0331331087ddd55f7c] RESPONSE FindChildElement {
   "element-6066-11e4-a52e-4f735466cecf": "f.FA7F9F0460E8C13CECE7AFB28C7D66DB.d.0C4AE97B349F22F0083DFBCECE0003F5.e.1091"
}
[1744521155.074][INFO]: [96366644e4e44a0331331087ddd55f7c] COMMAND GetElementText {
   "id": "f.FA7F9F0460E8C13CECE7AFB28C7D66DB.d.0C4AE97B349F22F0083DFBCECE0003F5.e.1091"
}
[1744521155.074][INFO]: Waiting for pending navigations...
[1744521155.075][INFO]: Done waiting for pending navigations. Status: ok
[1744521155.082][INFO]: Waiting for pending navigations...
[1744521155.083][INFO]: Done waiting for pending navigations. Status: ok
[1744521155.083][INFO]: [96366644e4e44a0331331087ddd55f7c] RESPONSE GetElementText "OFFYX Stainless Steel Tea Cup Stainless Steel Coffee wi..."
[1744521155.086][INFO]: [96366644e4e44a0331331087ddd55f7c] COMMAND FindChildElement {
   "id": "f.FA7F9F0460E8C13CECE7AFB28C7D66DB.d.0C4AE97B349F22F0083DFBCECE0003F5.e.1033",
   "using": "xpath",
   "value": ".//img[@class='DByuf4']"
}
[1744521155.086][INFO]: Waiting for pending navigations...
[1744521155.086][INFO]: Done waiting for pending navigations. Status: ok
[1744521155.094][INFO]: Waiting for pending navigations...
[1744521155.094][INFO]: Done waiting for pending navigations. Status: ok
[1744521155.094][INFO]: [96366644e4e44a0331331087ddd55f7c] RESPONSE FindChildElement {
   "element-6066-11e4-a52e-4f735466cecf": "f.FA7F9F0460E8C13CECE7AFB28C7D66DB.d.0C4AE97B349F22F0083DFBCECE0003F5.e.1092"
}
[1744521155.097][INFO]: [96366644e4e44a0331331087ddd55f7c] COMMAND ExecuteScript {
   "args": [ {
      "element-6066-11e4-a52e-4f735466cecf": "f.FA7F9F0460E8C13CECE7AFB28C7D66DB.d.0C4AE97B349F22F0083DFBCECE0003F5.e.1092"
   }, "src" ],
   "script": "/* getAttribute */return (function(){return (function(){var d=this||self;function f(a,b){function c(){}c.prototype=b.prototype;a.prototype=new c;a.prototype.constructor=a};var h=Array.prototype.indexOf?function(a,b){return Array.prototype.indexOf.call(a,b,void 0)}:function(a,b){if(\"string\"===typeof a)return\"string\"!==typeof b||1!=b.length?-1:a.indexOf(b,0);for(var c=0;c\u003Ca.length;c++)if(c in a&&a[c]===b)return c;return-1},k=Array.prototype.forEach?function(a,b){Array.prototype.forEach.call(a,b,void 0)}:function(a,b){for(var c=a.length,e=\"string\"===typeof a?a.split(\"\"):a,g=0;g\u003Cc;g++)g in e&&b.call(void 0,e[g],g,a)};function l(a,b){this.code=a;this.a=m[a]||n;this.message=b||\"\";a=this.a.replace(/((?:^|\\s+)[a-z])/g,function(c){return c.toUpperCase().replace(/^[\\s\\xa0]+/g,\"\")});b=a.length-5;if(0>b||a.indexOf(\"Error\",b)!=b)a+=\"Error\";this.name=a;a=Error(this.message);a.name=this.name;this.stack=a.stack||\"\"}f(l,Error);var n=\"unknown error\",m={15:\"element not selectable\",11:\"element not visible\"};m[31]=n;m[30]=n;m[24]=\"invalid cookie domain\";m[29]=\"invalid element coordinates\";m[12]=\"invalid element state\";m[32]=\"invalid selector\";\nm[51]=\"invalid selector\";m[52]=\"invalid selector\";m[17]=\"javascript error\";m[405]=\"unsupported operation\";m[34]=\"move target out of bounds\";m[27]=\"no such alert\";m[7]=\"no such element\";m[8]=\"no such frame\";m[23]=\"no such window\";m[28]=\"script timeout\";m[33]=\"session not created\";m[10]=\"stale element reference\";m[21]=\"timeout\";m[25]=\"unable to set cookie\";m[26]=\"unexpected alert open\";m[13]=n;m[9]=\"unknown command\";var p;a:{var q=d.navigator;if(q){var r=q.userAgent;if(r){p=r;break a}}p=\"\"}function t(a){return-1!=p.indexOf(a)};function u(){return t(\"Firefox\")||t(\"FxiOS\")}function v(){return(t(\"Chrome\")||t(\"CriOS\"))&&!t(\"Edge\")};function w(){return t(\"iPhone\")&&!t(\"iPod\")&&!t(\"iPad\")};var y=t(\"Opera\"),z=t(\"Trident\")||t(\"MSIE\"),A=t(\"Edge\"),B=t(\"Gecko\")&&!(-1!=p.toLowerCase().indexOf(\"webkit\")&&!t(\"Edge\"))&&!(t(\"Trident\")||t(\"MSIE\"))&&!t(\"Edge\"),C=-1!=p.toLowerCase().indexOf(\"webkit\")&&!t(\"Edge\");function D(){var a=d.document;return a?a.documentMode:void 0}var E;\na:{var F=\"\",G=function(){var a=p;if(B)return/rv:([^\\);]+)(\\)|;)/.exec(a);if(A)return/Edge\\/([\\d\\.]+)/.exec(a);if(z)return/\\b(?:MSIE|rv)[: ]([^\\);]+)(\\)|;)/.exec(a);if(C)return/WebKit\\/(\\S+)/.exec(a);if(y)return/(?:Version)[ \\/]?(\\S+)/.exec(a)}();G&&(F=G?G[1]:\"\");if(z){var H=D();if(null!=H&&H>parseFloat(F)){E=String(H);break a}}E=F}var I;I=d.document&&z?D():void 0;var J=u(),K=w()||t(\"iPod\"),L=t(\"iPad\"),M=t(\"Android\")&&!(v()||u()||t(\"Opera\")||t(\"Silk\")),N=v(),aa=t(\"Safari\")&&!(v()||t(\"Coast\")||t(\"Opera\")||t(\"Edge\")||t(\"Edg/\")||t(\"OPR\")||u()||t(\"Silk\")||t(\"Android\"))&&!(w()||t(\"iPad\")||t(\"iPod\"));function O(a){return(a=a.exec(p))?a[1]:\"\"}(function(){if(J)return O(/Firefox\\/([0-9.]+)/);if(z||A||y)return E;if(N)return w()||t(\"iPad\")||t(\"iPod\")?O(/CriOS\\/([0-9.]+)/):O(/Chrome\\/([0-9.]+)/);if(aa&&!(w()||t(\"iPad\")||t(\"iPod\")))return O(/Version\\/([0-9.]+)/);if(K||L){var a=/Version\\/(\\S+).*Mobile\\/(\\S+)/.exec(p);if(a)return a[1]+\".\"+a[2]}else if(M)return(a=O(/Android\\s+([0-9.]+)/))?a:O(/Version\\/([0-9.]+)/);return\"\"})();var P=z&&!(8\u003C=Number(I)),ba=z&&!(9\u003C=Number(I));var ca={SCRIPT:1,STYLE:1,HEAD:1,IFRAME:1,OBJECT:1},Q={IMG:\" \",BR:\"\\n\"};function R(a,b,c){if(!(a.nodeName in ca))if(3==a.nodeType)c?b.push(String(a.nodeValue).replace(/(\\r\\n|\\r|\\n)/g,\"\")):b.push(a.nodeValue);else if(a.nodeName in Q)b.push(Q[a.nodeName]);else for(a=a.firstChild;a;)R(a,b,c),a=a.nextSibling};function S(a,b){b=b.toLowerCase();return\"style\"==b?da(a.style.cssText):P&&\"value\"==b&&T(a,\"INPUT\")?a.value:ba&&!0===a[b]?String(a.getAttribute(b)):(a=a.getAttributeNode(b))&&a.specified?a.value:null}var ea=/[;]+(?=(?:(?:[^\"]*\"){2})*[^\"]*$)(?=(?:(?:[^']*'){2})*[^']*$)(?=(?:[^()]*\\([^()]*\\))*[^()]*$)/;\nfunction da(a){var b=[];k(a.split(ea),function(c){var e=c.indexOf(\":\");0\u003Ce&&(c=[c.slice(0,e),c.slice(e+1)],2==c.length&&b.push(c[0].toLowerCase(),\":\",c[1],\";\"))});b=b.join(\"\");return b=\";\"==b.charAt(b.length-1)?b:b+\";\"}function U(a,b){P&&\"value\"==b&&T(a,\"OPTION\")&&null===S(a,\"value\")?(b=[],R(a,b,!1),a=b.join(\"\")):a=a[b];return a}function T(a,b){b&&\"string\"!==typeof b&&(b=b.toString());return!!a&&1==a.nodeType&&(!b||a.tagName.toUpperCase()==b)}\nfunction V(a){return T(a,\"OPTION\")?!0:T(a,\"INPUT\")?(a=a.type.toLowerCase(),\"checkbox\"==a||\"radio\"==a):!1};var fa={\"class\":\"className\",readonly:\"readOnly\"},ha=\"allowfullscreen allowpaymentrequest allowusermedia async autofocus autoplay checked compact complete controls declare default defaultchecked defaultselected defer disabled ended formnovalidate hidden indeterminate iscontenteditable ismap itemscope loop multiple muted nohref nomodule noresize noshade novalidate nowrap open paused playsinline pubdate readonly required reversed scoped seamless seeking selected truespeed typemustmatch willvalidate\".split(\" \");function W(a,b){var c=null,e=b.toLowerCase();if(\"style\"==e)return(c=a.style)&&\"string\"!=typeof c&&(c=c.cssText),c;if((\"selected\"==e||\"checked\"==e)&&V(a)){if(!V(a))throw new l(15,\"Element is not selectable\");b=\"selected\";c=a.type&&a.type.toLowerCase();if(\"checkbox\"==c||\"radio\"==c)b=\"checked\";return U(a,b)?\"true\":null}var g=T(a,\"A\");if(T(a,\"IMG\")&&\"src\"==e||g&&\"href\"==e)return(c=S(a,e))&&(c=U(a,e)),c;if(\"spellcheck\"==e){c=S(a,e);if(null!==c){if(\"false\"==c.toLowerCase())return\"false\";if(\"true\"==c.toLowerCase())return\"true\"}return U(a,\ne)+\"\"}g=fa[b]||b;if(0\u003C=h(ha,e))return(c=null!==S(a,b)||U(a,g))?\"true\":null;try{var x=U(a,g)}catch(ia){}(e=null==x)||(e=typeof x,e=\"object\"==e&&null!=x||\"function\"==e);e?c=S(a,b):c=x;return null!=c?c.toString():null}var X=[\"_\"],Y=d;X[0]in Y||\"undefined\"==typeof Y.execScript||Y.execScript(\"var \"+X[0]);for(var Z;X.length&&(Z=X.shift());)X.length||void 0===W?Y[Z]&&Y[Z]!==Object.prototype[Z]?Y=Y[Z]:Y=Y[Z]={}:Y[Z]=W;; return this._.apply(null,arguments);}).apply({navigator:typeof window!='undefined'?window.navigator:null,document:typeof window!='undefined'?window.document:null}, arguments);}\n).apply(null, arguments);"
}
[1744521155.097][INFO]: Waiting for pending navigations...
[1744521155.098][INFO]: Done waiting for pending navigations. Status: ok
[1744521155.104][INFO]: Waiting for pending navigations...
[1744521155.105][INFO]: Done waiting for pending navigations. Status: ok
[1744521155.105][INFO]: [96366644e4e44a0331331087ddd55f7c] RESPONSE ExecuteScript "https://rukminim2.flixcart.com/image/612/612/l2tcfbk0/mug/c/e/u/stainless-steel-tea-cup-stainless-steel-coffee-mug-with-lid-300-original-image2gbxcye96sv.jpeg?q=70"
[1744521155.109][INFO]: [96366644e4e44a0331331087ddd55f7c] COMMAND FindChildElement {
   "id": "f.FA7F9F0460E8C13CECE7AFB28C7D66DB.d.0C4AE97B349F22F0083DFBCECE0003F5.e.1033",
   "using": "xpath",
   "value": ".//span[@class='Wphh3N']"
}
[1744521155.109][INFO]: Waiting for pending navigations...
[1744521155.110][INFO]: Done waiting for pending navigations. Status: ok
[1744521155.116][INFO]: Waiting for pending navigations...
[1744521155.117][INFO]: Done waiting for pending navigations. Status: ok
[1744521155.117][INFO]: [96366644e4e44a0331331087ddd55f7c] RESPONSE FindChildElement {
   "element-6066-11e4-a52e-4f735466cecf": "f.FA7F9F0460E8C13CECE7AFB28C7D66DB.d.0C4AE97B349F22F0083DFBCECE0003F5.e.1093"
}
[1744521155.119][INFO]: [96366644e4e44a0331331087ddd55f7c] COMMAND GetElementText {
   "id": "f.FA7F9F0460E8C13CECE7AFB28C7D66DB.d.0C4AE97B349F22F0083DFBCECE0003F5.e.1093"
}
[1744521155.119][INFO]: Waiting for pending navigations...
[1744521155.120][INFO]: Done waiting for pending navigations. Status: ok
[1744521155.128][INFO]: Waiting for pending navigations...
[1744521155.128][INFO]: Done waiting for pending navigations. Status: ok
[1744521155.129][INFO]: [96366644e4e44a0331331087ddd55f7c] RESPONSE GetElementText "(133)"
[1744521155.131][INFO]: [96366644e4e44a0331331087ddd55f7c] COMMAND FindChildElement {
   "id": "f.FA7F9F0460E8C13CECE7AFB28C7D66DB.d.0C4AE97B349F22F0083DFBCECE0003F5.e.1034",
   "using": "xpath",
   "value": ".//a[@class='wjcEIp']"
}
[1744521155.131][INFO]: Waiting for pending navigations...
[1744521155.132][INFO]: Done waiting for pending navigations. Status: ok
[1744521155.138][INFO]: Waiting for pending navigations...
[1744521155.139][INFO]: Done waiting for pending navigations. Status: ok
[1744521155.139][INFO]: [96366644e4e44a0331331087ddd55f7c] RESPONSE FindChildElement {
   "element-6066-11e4-a52e-4f735466cecf": "f.FA7F9F0460E8C13CECE7AFB28C7D66DB.d.0C4AE97B349F22F0083DFBCECE0003F5.e.1094"
}
[1744521155.142][INFO]: [96366644e4e44a0331331087ddd55f7c] COMMAND GetElementText {
   "id": "f.FA7F9F0460E8C13CECE7AFB28C7D66DB.d.0C4AE97B349F22F0083DFBCECE0003F5.e.1094"
}
[1744521155.142][INFO]: Waiting for pending navigations...
[1744521155.143][INFO]: Done waiting for pending navigations. Status: ok
[1744521155.149][INFO]: Waiting for pending navigations...
[1744521155.150][INFO]: Done waiting for pending navigations. Status: ok
[1744521155.150][INFO]: [96366644e4e44a0331331087ddd55f7c] RESPONSE GetElementText "Riyanshi Enterprises Cute Bubu Dudu Printed Coffee High..."
[1744521155.152][INFO]: [96366644e4e44a0331331087ddd55f7c] COMMAND FindChildElement {
   "id": "f.FA7F9F0460E8C13CECE7AFB28C7D66DB.d.0C4AE97B349F22F0083DFBCECE0003F5.e.1034",
   "using": "xpath",
   "value": ".//img[@class='DByuf4']"
}
[1744521155.152][INFO]: Waiting for pending navigations...
[1744521155.153][INFO]: Done waiting for pending navigations. Status: ok
[1744521155.159][INFO]: Waiting for pending navigations...
[1744521155.159][INFO]: Done waiting for pending navigations. Status: ok
[1744521155.159][INFO]: [96366644e4e44a0331331087ddd55f7c] RESPONSE FindChildElement {
   "element-6066-11e4-a52e-4f735466cecf": "f.FA7F9F0460E8C13CECE7AFB28C7D66DB.d.0C4AE97B349F22F0083DFBCECE0003F5.e.1095"
}
[1744521155.162][INFO]: [96366644e4e44a0331331087ddd55f7c] COMMAND ExecuteScript {
   "args": [ {
      "element-6066-11e4-a52e-4f735466cecf": "f.FA7F9F0460E8C13CECE7AFB28C7D66DB.d.0C4AE97B349F22F0083DFBCECE0003F5.e.1095"
   }, "src" ],
   "script": "/* getAttribute */return (function(){return (function(){var d=this||self;function f(a,b){function c(){}c.prototype=b.prototype;a.prototype=new c;a.prototype.constructor=a};var h=Array.prototype.indexOf?function(a,b){return Array.prototype.indexOf.call(a,b,void 0)}:function(a,b){if(\"string\"===typeof a)return\"string\"!==typeof b||1!=b.length?-1:a.indexOf(b,0);for(var c=0;c\u003Ca.length;c++)if(c in a&&a[c]===b)return c;return-1},k=Array.prototype.forEach?function(a,b){Array.prototype.forEach.call(a,b,void 0)}:function(a,b){for(var c=a.length,e=\"string\"===typeof a?a.split(\"\"):a,g=0;g\u003Cc;g++)g in e&&b.call(void 0,e[g],g,a)};function l(a,b){this.code=a;this.a=m[a]||n;this.message=b||\"\";a=this.a.replace(/((?:^|\\s+)[a-z])/g,function(c){return c.toUpperCase().replace(/^[\\s\\xa0]+/g,\"\")});b=a.length-5;if(0>b||a.indexOf(\"Error\",b)!=b)a+=\"Error\";this.name=a;a=Error(this.message);a.name=this.name;this.stack=a.stack||\"\"}f(l,Error);var n=\"unknown error\",m={15:\"element not selectable\",11:\"element not visible\"};m[31]=n;m[30]=n;m[24]=\"invalid cookie domain\";m[29]=\"invalid element coordinates\";m[12]=\"invalid element state\";m[32]=\"invalid selector\";\nm[51]=\"invalid selector\";m[52]=\"invalid selector\";m[17]=\"javascript error\";m[405]=\"unsupported operation\";m[34]=\"move target out of bounds\";m[27]=\"no such alert\";m[7]=\"no such element\";m[8]=\"no such frame\";m[23]=\"no such window\";m[28]=\"script timeout\";m[33]=\"session not created\";m[10]=\"stale element reference\";m[21]=\"timeout\";m[25]=\"unable to set cookie\";m[26]=\"unexpected alert open\";m[13]=n;m[9]=\"unknown command\";var p;a:{var q=d.navigator;if(q){var r=q.userAgent;if(r){p=r;break a}}p=\"\"}function t(a){return-1!=p.indexOf(a)};function u(){return t(\"Firefox\")||t(\"FxiOS\")}function v(){return(t(\"Chrome\")||t(\"CriOS\"))&&!t(\"Edge\")};function w(){return t(\"iPhone\")&&!t(\"iPod\")&&!t(\"iPad\")};var y=t(\"Opera\"),z=t(\"Trident\")||t(\"MSIE\"),A=t(\"Edge\"),B=t(\"Gecko\")&&!(-1!=p.toLowerCase().indexOf(\"webkit\")&&!t(\"Edge\"))&&!(t(\"Trident\")||t(\"MSIE\"))&&!t(\"Edge\"),C=-1!=p.toLowerCase().indexOf(\"webkit\")&&!t(\"Edge\");function D(){var a=d.document;return a?a.documentMode:void 0}var E;\na:{var F=\"\",G=function(){var a=p;if(B)return/rv:([^\\);]+)(\\)|;)/.exec(a);if(A)return/Edge\\/([\\d\\.]+)/.exec(a);if(z)return/\\b(?:MSIE|rv)[: ]([^\\);]+)(\\)|;)/.exec(a);if(C)return/WebKit\\/(\\S+)/.exec(a);if(y)return/(?:Version)[ \\/]?(\\S+)/.exec(a)}();G&&(F=G?G[1]:\"\");if(z){var H=D();if(null!=H&&H>parseFloat(F)){E=String(H);break a}}E=F}var I;I=d.document&&z?D():void 0;var J=u(),K=w()||t(\"iPod\"),L=t(\"iPad\"),M=t(\"Android\")&&!(v()||u()||t(\"Opera\")||t(\"Silk\")),N=v(),aa=t(\"Safari\")&&!(v()||t(\"Coast\")||t(\"Opera\")||t(\"Edge\")||t(\"Edg/\")||t(\"OPR\")||u()||t(\"Silk\")||t(\"Android\"))&&!(w()||t(\"iPad\")||t(\"iPod\"));function O(a){return(a=a.exec(p))?a[1]:\"\"}(function(){if(J)return O(/Firefox\\/([0-9.]+)/);if(z||A||y)return E;if(N)return w()||t(\"iPad\")||t(\"iPod\")?O(/CriOS\\/([0-9.]+)/):O(/Chrome\\/([0-9.]+)/);if(aa&&!(w()||t(\"iPad\")||t(\"iPod\")))return O(/Version\\/([0-9.]+)/);if(K||L){var a=/Version\\/(\\S+).*Mobile\\/(\\S+)/.exec(p);if(a)return a[1]+\".\"+a[2]}else if(M)return(a=O(/Android\\s+([0-9.]+)/))?a:O(/Version\\/([0-9.]+)/);return\"\"})();var P=z&&!(8\u003C=Number(I)),ba=z&&!(9\u003C=Number(I));var ca={SCRIPT:1,STYLE:1,HEAD:1,IFRAME:1,OBJECT:1},Q={IMG:\" \",BR:\"\\n\"};function R(a,b,c){if(!(a.nodeName in ca))if(3==a.nodeType)c?b.push(String(a.nodeValue).replace(/(\\r\\n|\\r|\\n)/g,\"\")):b.push(a.nodeValue);else if(a.nodeName in Q)b.push(Q[a.nodeName]);else for(a=a.firstChild;a;)R(a,b,c),a=a.nextSibling};function S(a,b){b=b.toLowerCase();return\"style\"==b?da(a.style.cssText):P&&\"value\"==b&&T(a,\"INPUT\")?a.value:ba&&!0===a[b]?String(a.getAttribute(b)):(a=a.getAttributeNode(b))&&a.specified?a.value:null}var ea=/[;]+(?=(?:(?:[^\"]*\"){2})*[^\"]*$)(?=(?:(?:[^']*'){2})*[^']*$)(?=(?:[^()]*\\([^()]*\\))*[^()]*$)/;\nfunction da(a){var b=[];k(a.split(ea),function(c){var e=c.indexOf(\":\");0\u003Ce&&(c=[c.slice(0,e),c.slice(e+1)],2==c.length&&b.push(c[0].toLowerCase(),\":\",c[1],\";\"))});b=b.join(\"\");return b=\";\"==b.charAt(b.length-1)?b:b+\";\"}function U(a,b){P&&\"value\"==b&&T(a,\"OPTION\")&&null===S(a,\"value\")?(b=[],R(a,b,!1),a=b.join(\"\")):a=a[b];return a}function T(a,b){b&&\"string\"!==typeof b&&(b=b.toString());return!!a&&1==a.nodeType&&(!b||a.tagName.toUpperCase()==b)}\nfunction V(a){return T(a,\"OPTION\")?!0:T(a,\"INPUT\")?(a=a.type.toLowerCase(),\"checkbox\"==a||\"radio\"==a):!1};var fa={\"class\":\"className\",readonly:\"readOnly\"},ha=\"allowfullscreen allowpaymentrequest allowusermedia async autofocus autoplay checked compact complete controls declare default defaultchecked defaultselected defer disabled ended formnovalidate hidden indeterminate iscontenteditable ismap itemscope loop multiple muted nohref nomodule noresize noshade novalidate nowrap open paused playsinline pubdate readonly required reversed scoped seamless seeking selected truespeed typemustmatch willvalidate\".split(\" \");function W(a,b){var c=null,e=b.toLowerCase();if(\"style\"==e)return(c=a.style)&&\"string\"!=typeof c&&(c=c.cssText),c;if((\"selected\"==e||\"checked\"==e)&&V(a)){if(!V(a))throw new l(15,\"Element is not selectable\");b=\"selected\";c=a.type&&a.type.toLowerCase();if(\"checkbox\"==c||\"radio\"==c)b=\"checked\";return U(a,b)?\"true\":null}var g=T(a,\"A\");if(T(a,\"IMG\")&&\"src\"==e||g&&\"href\"==e)return(c=S(a,e))&&(c=U(a,e)),c;if(\"spellcheck\"==e){c=S(a,e);if(null!==c){if(\"false\"==c.toLowerCase())return\"false\";if(\"true\"==c.toLowerCase())return\"true\"}return U(a,\ne)+\"\"}g=fa[b]||b;if(0\u003C=h(ha,e))return(c=null!==S(a,b)||U(a,g))?\"true\":null;try{var x=U(a,g)}catch(ia){}(e=null==x)||(e=typeof x,e=\"object\"==e&&null!=x||\"function\"==e);e?c=S(a,b):c=x;return null!=c?c.toString():null}var X=[\"_\"],Y=d;X[0]in Y||\"undefined\"==typeof Y.execScript||Y.execScript(\"var \"+X[0]);for(var Z;X.length&&(Z=X.shift());)X.length||void 0===W?Y[Z]&&Y[Z]!==Object.prototype[Z]?Y=Y[Z]:Y=Y[Z]={}:Y[Z]=W;; return this._.apply(null,arguments);}).apply({navigator:typeof window!='undefined'?window.navigator:null,document:typeof window!='undefined'?window.document:null}, arguments);}\n).apply(null, arguments);"
}
[1744521155.162][INFO]: Waiting for pending navigations...
[1744521155.163][INFO]: Done waiting for pending navigations. Status: ok
[1744521155.166][INFO]: Waiting for pending navigations...
[1744521155.166][INFO]: Done waiting for pending navigations. Status: ok
[1744521155.166][INFO]: [96366644e4e44a0331331087ddd55f7c] RESPONSE ExecuteScript "https://rukminim2.flixcart.com/image/612/612/xif0q/mug/u/2/1/cute-bubu-dudu-printed-coffee-high-quality-ceramic-coffee-mug-original-imah8sk8kkpdgcpg.jpeg?q=70"
[1744521155.168][INFO]: [96366644e4e44a0331331087ddd55f7c] COMMAND FindChildElement {
   "id": "f.FA7F9F0460E8C13CECE7AFB28C7D66DB.d.0C4AE97B349F22F0083DFBCECE0003F5.e.1034",
   "using": "xpath",
   "value": ".//span[@class='Wphh3N']"
}
[1744521155.168][INFO]: Waiting for pending navigations...
[1744521155.169][INFO]: Done waiting for pending navigations. Status: ok
[1744521155.175][INFO]: Waiting for pending navigations...
[1744521155.175][INFO]: Done waiting for pending navigations. Status: ok
[1744521155.175][INFO]: [96366644e4e44a0331331087ddd55f7c] RESPONSE FindChildElement {
   "element-6066-11e4-a52e-4f735466cecf": "f.FA7F9F0460E8C13CECE7AFB28C7D66DB.d.0C4AE97B349F22F0083DFBCECE0003F5.e.1096"
}
[1744521155.176][INFO]: [96366644e4e44a0331331087ddd55f7c] COMMAND GetElementText {
   "id": "f.FA7F9F0460E8C13CECE7AFB28C7D66DB.d.0C4AE97B349F22F0083DFBCECE0003F5.e.1096"
}
[1744521155.176][INFO]: Waiting for pending navigations...
[1744521155.177][INFO]: Done waiting for pending navigations. Status: ok
[1744521155.182][INFO]: Waiting for pending navigations...
[1744521155.182][INFO]: Done waiting for pending navigations. Status: ok
[1744521155.182][INFO]: [96366644e4e44a0331331087ddd55f7c] RESPONSE GetElementText "(297)"
[1744521155.184][INFO]: [96366644e4e44a0331331087ddd55f7c] COMMAND FindChildElement {
   "id": "f.FA7F9F0460E8C13CECE7AFB28C7D66DB.d.0C4AE97B349F22F0083DFBCECE0003F5.e.1035",
   "using": "xpath",
   "value": ".//a[@class='wjcEIp']"
}
[1744521155.184][INFO]: Waiting for pending navigations...
[1744521155.185][INFO]: Done waiting for pending navigations. Status: ok
[1744521155.190][INFO]: Waiting for pending navigations...
[1744521155.191][INFO]: Done waiting for pending navigations. Status: ok
[1744521155.191][INFO]: [96366644e4e44a0331331087ddd55f7c] RESPONSE FindChildElement {
   "element-6066-11e4-a52e-4f735466cecf": "f.FA7F9F0460E8C13CECE7AFB28C7D66DB.d.0C4AE97B349F22F0083DFBCECE0003F5.e.1097"
}
[1744521155.192][INFO]: [96366644e4e44a0331331087ddd55f7c] COMMAND GetElementText {
   "id": "f.FA7F9F0460E8C13CECE7AFB28C7D66DB.d.0C4AE97B349F22F0083DFBCECE0003F5.e.1097"
}
[1744521155.192][INFO]: Waiting for pending navigations...
[1744521155.193][INFO]: Done waiting for pending navigations. Status: ok
[1744521155.198][INFO]: Waiting for pending navigations...
[1744521155.199][INFO]: Done waiting for pending navigations. Status: ok
[1744521155.199][INFO]: [96366644e4e44a0331331087ddd55f7c] RESPONSE GetElementText "ADN21 Jujutsu Kaisen Anime Gojo Printed Coffee, Anime P..."
[1744521155.200][INFO]: [96366644e4e44a0331331087ddd55f7c] COMMAND FindChildElement {
   "id": "f.FA7F9F0460E8C13CECE7AFB28C7D66DB.d.0C4AE97B349F22F0083DFBCECE0003F5.e.1035",
   "using": "xpath",
   "value": ".//img[@class='DByuf4']"
}
[1744521155.200][INFO]: Waiting for pending navigations...
[1744521155.201][INFO]: Done waiting for pending navigations. Status: ok
[1744521155.207][INFO]: Waiting for pending navigations...
[1744521155.207][INFO]: Done waiting for pending navigations. Status: ok
[1744521155.207][INFO]: [96366644e4e44a0331331087ddd55f7c] RESPONSE FindChildElement {
   "element-6066-11e4-a52e-4f735466cecf": "f.FA7F9F0460E8C13CECE7AFB28C7D66DB.d.0C4AE97B349F22F0083DFBCECE0003F5.e.1067"
}
[1744521155.210][INFO]: [96366644e4e44a0331331087ddd55f7c] COMMAND ExecuteScript {
   "args": [ {
      "element-6066-11e4-a52e-4f735466cecf": "f.FA7F9F0460E8C13CECE7AFB28C7D66DB.d.0C4AE97B349F22F0083DFBCECE0003F5.e.1067"
   }, "src" ],
   "script": "/* getAttribute */return (function(){return (function(){var d=this||self;function f(a,b){function c(){}c.prototype=b.prototype;a.prototype=new c;a.prototype.constructor=a};var h=Array.prototype.indexOf?function(a,b){return Array.prototype.indexOf.call(a,b,void 0)}:function(a,b){if(\"string\"===typeof a)return\"string\"!==typeof b||1!=b.length?-1:a.indexOf(b,0);for(var c=0;c\u003Ca.length;c++)if(c in a&&a[c]===b)return c;return-1},k=Array.prototype.forEach?function(a,b){Array.prototype.forEach.call(a,b,void 0)}:function(a,b){for(var c=a.length,e=\"string\"===typeof a?a.split(\"\"):a,g=0;g\u003Cc;g++)g in e&&b.call(void 0,e[g],g,a)};function l(a,b){this.code=a;this.a=m[a]||n;this.message=b||\"\";a=this.a.replace(/((?:^|\\s+)[a-z])/g,function(c){return c.toUpperCase().replace(/^[\\s\\xa0]+/g,\"\")});b=a.length-5;if(0>b||a.indexOf(\"Error\",b)!=b)a+=\"Error\";this.name=a;a=Error(this.message);a.name=this.name;this.stack=a.stack||\"\"}f(l,Error);var n=\"unknown error\",m={15:\"element not selectable\",11:\"element not visible\"};m[31]=n;m[30]=n;m[24]=\"invalid cookie domain\";m[29]=\"invalid element coordinates\";m[12]=\"invalid element state\";m[32]=\"invalid selector\";\nm[51]=\"invalid selector\";m[52]=\"invalid selector\";m[17]=\"javascript error\";m[405]=\"unsupported operation\";m[34]=\"move target out of bounds\";m[27]=\"no such alert\";m[7]=\"no such element\";m[8]=\"no such frame\";m[23]=\"no such window\";m[28]=\"script timeout\";m[33]=\"session not created\";m[10]=\"stale element reference\";m[21]=\"timeout\";m[25]=\"unable to set cookie\";m[26]=\"unexpected alert open\";m[13]=n;m[9]=\"unknown command\";var p;a:{var q=d.navigator;if(q){var r=q.userAgent;if(r){p=r;break a}}p=\"\"}function t(a){return-1!=p.indexOf(a)};function u(){return t(\"Firefox\")||t(\"FxiOS\")}function v(){return(t(\"Chrome\")||t(\"CriOS\"))&&!t(\"Edge\")};function w(){return t(\"iPhone\")&&!t(\"iPod\")&&!t(\"iPad\")};var y=t(\"Opera\"),z=t(\"Trident\")||t(\"MSIE\"),A=t(\"Edge\"),B=t(\"Gecko\")&&!(-1!=p.toLowerCase().indexOf(\"webkit\")&&!t(\"Edge\"))&&!(t(\"Trident\")||t(\"MSIE\"))&&!t(\"Edge\"),C=-1!=p.toLowerCase().indexOf(\"webkit\")&&!t(\"Edge\");function D(){var a=d.document;return a?a.documentMode:void 0}var E;\na:{var F=\"\",G=function(){var a=p;if(B)return/rv:([^\\);]+)(\\)|;)/.exec(a);if(A)return/Edge\\/([\\d\\.]+)/.exec(a);if(z)return/\\b(?:MSIE|rv)[: ]([^\\);]+)(\\)|;)/.exec(a);if(C)return/WebKit\\/(\\S+)/.exec(a);if(y)return/(?:Version)[ \\/]?(\\S+)/.exec(a)}();G&&(F=G?G[1]:\"\");if(z){var H=D();if(null!=H&&H>parseFloat(F)){E=String(H);break a}}E=F}var I;I=d.document&&z?D():void 0;var J=u(),K=w()||t(\"iPod\"),L=t(\"iPad\"),M=t(\"Android\")&&!(v()||u()||t(\"Opera\")||t(\"Silk\")),N=v(),aa=t(\"Safari\")&&!(v()||t(\"Coast\")||t(\"Opera\")||t(\"Edge\")||t(\"Edg/\")||t(\"OPR\")||u()||t(\"Silk\")||t(\"Android\"))&&!(w()||t(\"iPad\")||t(\"iPod\"));function O(a){return(a=a.exec(p))?a[1]:\"\"}(function(){if(J)return O(/Firefox\\/([0-9.]+)/);if(z||A||y)return E;if(N)return w()||t(\"iPad\")||t(\"iPod\")?O(/CriOS\\/([0-9.]+)/):O(/Chrome\\/([0-9.]+)/);if(aa&&!(w()||t(\"iPad\")||t(\"iPod\")))return O(/Version\\/([0-9.]+)/);if(K||L){var a=/Version\\/(\\S+).*Mobile\\/(\\S+)/.exec(p);if(a)return a[1]+\".\"+a[2]}else if(M)return(a=O(/Android\\s+([0-9.]+)/))?a:O(/Version\\/([0-9.]+)/);return\"\"})();var P=z&&!(8\u003C=Number(I)),ba=z&&!(9\u003C=Number(I));var ca={SCRIPT:1,STYLE:1,HEAD:1,IFRAME:1,OBJECT:1},Q={IMG:\" \",BR:\"\\n\"};function R(a,b,c){if(!(a.nodeName in ca))if(3==a.nodeType)c?b.push(String(a.nodeValue).replace(/(\\r\\n|\\r|\\n)/g,\"\")):b.push(a.nodeValue);else if(a.nodeName in Q)b.push(Q[a.nodeName]);else for(a=a.firstChild;a;)R(a,b,c),a=a.nextSibling};function S(a,b){b=b.toLowerCase();return\"style\"==b?da(a.style.cssText):P&&\"value\"==b&&T(a,\"INPUT\")?a.value:ba&&!0===a[b]?String(a.getAttribute(b)):(a=a.getAttributeNode(b))&&a.specified?a.value:null}var ea=/[;]+(?=(?:(?:[^\"]*\"){2})*[^\"]*$)(?=(?:(?:[^']*'){2})*[^']*$)(?=(?:[^()]*\\([^()]*\\))*[^()]*$)/;\nfunction da(a){var b=[];k(a.split(ea),function(c){var e=c.indexOf(\":\");0\u003Ce&&(c=[c.slice(0,e),c.slice(e+1)],2==c.length&&b.push(c[0].toLowerCase(),\":\",c[1],\";\"))});b=b.join(\"\");return b=\";\"==b.charAt(b.length-1)?b:b+\";\"}function U(a,b){P&&\"value\"==b&&T(a,\"OPTION\")&&null===S(a,\"value\")?(b=[],R(a,b,!1),a=b.join(\"\")):a=a[b];return a}function T(a,b){b&&\"string\"!==typeof b&&(b=b.toString());return!!a&&1==a.nodeType&&(!b||a.tagName.toUpperCase()==b)}\nfunction V(a){return T(a,\"OPTION\")?!0:T(a,\"INPUT\")?(a=a.type.toLowerCase(),\"checkbox\"==a||\"radio\"==a):!1};var fa={\"class\":\"className\",readonly:\"readOnly\"},ha=\"allowfullscreen allowpaymentrequest allowusermedia async autofocus autoplay checked compact complete controls declare default defaultchecked defaultselected defer disabled ended formnovalidate hidden indeterminate iscontenteditable ismap itemscope loop multiple muted nohref nomodule noresize noshade novalidate nowrap open paused playsinline pubdate readonly required reversed scoped seamless seeking selected truespeed typemustmatch willvalidate\".split(\" \");function W(a,b){var c=null,e=b.toLowerCase();if(\"style\"==e)return(c=a.style)&&\"string\"!=typeof c&&(c=c.cssText),c;if((\"selected\"==e||\"checked\"==e)&&V(a)){if(!V(a))throw new l(15,\"Element is not selectable\");b=\"selected\";c=a.type&&a.type.toLowerCase();if(\"checkbox\"==c||\"radio\"==c)b=\"checked\";return U(a,b)?\"true\":null}var g=T(a,\"A\");if(T(a,\"IMG\")&&\"src\"==e||g&&\"href\"==e)return(c=S(a,e))&&(c=U(a,e)),c;if(\"spellcheck\"==e){c=S(a,e);if(null!==c){if(\"false\"==c.toLowerCase())return\"false\";if(\"true\"==c.toLowerCase())return\"true\"}return U(a,\ne)+\"\"}g=fa[b]||b;if(0\u003C=h(ha,e))return(c=null!==S(a,b)||U(a,g))?\"true\":null;try{var x=U(a,g)}catch(ia){}(e=null==x)||(e=typeof x,e=\"object\"==e&&null!=x||\"function\"==e);e?c=S(a,b):c=x;return null!=c?c.toString():null}var X=[\"_\"],Y=d;X[0]in Y||\"undefined\"==typeof Y.execScript||Y.execScript(\"var \"+X[0]);for(var Z;X.length&&(Z=X.shift());)X.length||void 0===W?Y[Z]&&Y[Z]!==Object.prototype[Z]?Y=Y[Z]:Y=Y[Z]={}:Y[Z]=W;; return this._.apply(null,arguments);}).apply({navigator:typeof window!='undefined'?window.navigator:null,document:typeof window!='undefined'?window.document:null}, arguments);}\n).apply(null, arguments);"
}
[1744521155.210][INFO]: Waiting for pending navigations...
[1744521155.211][INFO]: Done waiting for pending navigations. Status: ok
[1744521155.214][INFO]: Waiting for pending navigations...
[1744521155.215][INFO]: Done waiting for pending navigations. Status: ok
[1744521155.215][INFO]: [96366644e4e44a0331331087ddd55f7c] RESPONSE ExecuteScript "https://rukminim2.flixcart.com/image/612/612/xif0q/mug/t/h/m/jujutsu-kaisen-printed-coffee-mug-white-ceramic-mug-anime-original-imagx3y5kdbzaexj.jpeg?q=70"
[1744521155.217][INFO]: [96366644e4e44a0331331087ddd55f7c] COMMAND FindChildElement {
   "id": "f.FA7F9F0460E8C13CECE7AFB28C7D66DB.d.0C4AE97B349F22F0083DFBCECE0003F5.e.1035",
   "using": "xpath",
   "value": ".//span[@class='Wphh3N']"
}
[1744521155.217][INFO]: Waiting for pending navigations...
[1744521155.218][INFO]: Done waiting for pending navigations. Status: ok
[1744521165.273][INFO]: Waiting for pending navigations...
[1744521165.275][INFO]: Done waiting for pending navigations. Status: ok
[1744521165.275][INFO]: [96366644e4e44a0331331087ddd55f7c] RESPONSE FindChildElement ERROR no such element: Unable to locate element: {"method":"xpath","selector":".//span[@class='Wphh3N']"}
  (Session info: chrome=135.0.7049.84)
[1744521165.286][INFO]: [96366644e4e44a0331331087ddd55f7c] COMMAND FindChildElement {
   "id": "f.FA7F9F0460E8C13CECE7AFB28C7D66DB.d.0C4AE97B349F22F0083DFBCECE0003F5.e.1036",
   "using": "xpath",
   "value": ".//a[@class='wjcEIp']"
}
[1744521165.286][INFO]: Waiting for pending navigations...
[1744521165.288][INFO]: Done waiting for pending navigations. Status: ok
[1744521165.305][INFO]: Waiting for pending navigations...
[1744521165.307][INFO]: Done waiting for pending navigations. Status: ok
[1744521165.307][INFO]: [96366644e4e44a0331331087ddd55f7c] RESPONSE FindChildElement {
   "element-6066-11e4-a52e-4f735466cecf": "f.FA7F9F0460E8C13CECE7AFB28C7D66DB.d.0C4AE97B349F22F0083DFBCECE0003F5.e.1098"
}
[1744521165.312][INFO]: [96366644e4e44a0331331087ddd55f7c] COMMAND GetElementText {
   "id": "f.FA7F9F0460E8C13CECE7AFB28C7D66DB.d.0C4AE97B349F22F0083DFBCECE0003F5.e.1098"
}
[1744521165.312][INFO]: Waiting for pending navigations...
[1744521165.314][INFO]: Done waiting for pending navigations. Status: ok
[1744521165.331][INFO]: Waiting for pending navigations...
[1744521165.332][INFO]: Done waiting for pending navigations. Status: ok
[1744521165.332][INFO]: [96366644e4e44a0331331087ddd55f7c] RESPONSE GetElementText "MAGICSPOON Stainless Steel Coffee with Lid (300 ml) (Pa..."
[1744521165.338][INFO]: [96366644e4e44a0331331087ddd55f7c] COMMAND FindChildElement {
   "id": "f.FA7F9F0460E8C13CECE7AFB28C7D66DB.d.0C4AE97B349F22F0083DFBCECE0003F5.e.1036",
   "using": "xpath",
   "value": ".//img[@class='DByuf4']"
}
[1744521165.339][INFO]: Waiting for pending navigations...
[1744521165.340][INFO]: Done waiting for pending navigations. Status: ok
[1744521165.357][INFO]: Waiting for pending navigations...
[1744521165.358][INFO]: Done waiting for pending navigations. Status: ok
[1744521165.359][INFO]: [96366644e4e44a0331331087ddd55f7c] RESPONSE FindChildElement {
   "element-6066-11e4-a52e-4f735466cecf": "f.FA7F9F0460E8C13CECE7AFB28C7D66DB.d.0C4AE97B349F22F0083DFBCECE0003F5.e.1099"
}
[1744521165.365][INFO]: [96366644e4e44a0331331087ddd55f7c] COMMAND ExecuteScript {
   "args": [ {
      "element-6066-11e4-a52e-4f735466cecf": "f.FA7F9F0460E8C13CECE7AFB28C7D66DB.d.0C4AE97B349F22F0083DFBCECE0003F5.e.1099"
   }, "src" ],
   "script": "/* getAttribute */return (function(){return (function(){var d=this||self;function f(a,b){function c(){}c.prototype=b.prototype;a.prototype=new c;a.prototype.constructor=a};var h=Array.prototype.indexOf?function(a,b){return Array.prototype.indexOf.call(a,b,void 0)}:function(a,b){if(\"string\"===typeof a)return\"string\"!==typeof b||1!=b.length?-1:a.indexOf(b,0);for(var c=0;c\u003Ca.length;c++)if(c in a&&a[c]===b)return c;return-1},k=Array.prototype.forEach?function(a,b){Array.prototype.forEach.call(a,b,void 0)}:function(a,b){for(var c=a.length,e=\"string\"===typeof a?a.split(\"\"):a,g=0;g\u003Cc;g++)g in e&&b.call(void 0,e[g],g,a)};function l(a,b){this.code=a;this.a=m[a]||n;this.message=b||\"\";a=this.a.replace(/((?:^|\\s+)[a-z])/g,function(c){return c.toUpperCase().replace(/^[\\s\\xa0]+/g,\"\")});b=a.length-5;if(0>b||a.indexOf(\"Error\",b)!=b)a+=\"Error\";this.name=a;a=Error(this.message);a.name=this.name;this.stack=a.stack||\"\"}f(l,Error);var n=\"unknown error\",m={15:\"element not selectable\",11:\"element not visible\"};m[31]=n;m[30]=n;m[24]=\"invalid cookie domain\";m[29]=\"invalid element coordinates\";m[12]=\"invalid element state\";m[32]=\"invalid selector\";\nm[51]=\"invalid selector\";m[52]=\"invalid selector\";m[17]=\"javascript error\";m[405]=\"unsupported operation\";m[34]=\"move target out of bounds\";m[27]=\"no such alert\";m[7]=\"no such element\";m[8]=\"no such frame\";m[23]=\"no such window\";m[28]=\"script timeout\";m[33]=\"session not created\";m[10]=\"stale element reference\";m[21]=\"timeout\";m[25]=\"unable to set cookie\";m[26]=\"unexpected alert open\";m[13]=n;m[9]=\"unknown command\";var p;a:{var q=d.navigator;if(q){var r=q.userAgent;if(r){p=r;break a}}p=\"\"}function t(a){return-1!=p.indexOf(a)};function u(){return t(\"Firefox\")||t(\"FxiOS\")}function v(){return(t(\"Chrome\")||t(\"CriOS\"))&&!t(\"Edge\")};function w(){return t(\"iPhone\")&&!t(\"iPod\")&&!t(\"iPad\")};var y=t(\"Opera\"),z=t(\"Trident\")||t(\"MSIE\"),A=t(\"Edge\"),B=t(\"Gecko\")&&!(-1!=p.toLowerCase().indexOf(\"webkit\")&&!t(\"Edge\"))&&!(t(\"Trident\")||t(\"MSIE\"))&&!t(\"Edge\"),C=-1!=p.toLowerCase().indexOf(\"webkit\")&&!t(\"Edge\");function D(){var a=d.document;return a?a.documentMode:void 0}var E;\na:{var F=\"\",G=function(){var a=p;if(B)return/rv:([^\\);]+)(\\)|;)/.exec(a);if(A)return/Edge\\/([\\d\\.]+)/.exec(a);if(z)return/\\b(?:MSIE|rv)[: ]([^\\);]+)(\\)|;)/.exec(a);if(C)return/WebKit\\/(\\S+)/.exec(a);if(y)return/(?:Version)[ \\/]?(\\S+)/.exec(a)}();G&&(F=G?G[1]:\"\");if(z){var H=D();if(null!=H&&H>parseFloat(F)){E=String(H);break a}}E=F}var I;I=d.document&&z?D():void 0;var J=u(),K=w()||t(\"iPod\"),L=t(\"iPad\"),M=t(\"Android\")&&!(v()||u()||t(\"Opera\")||t(\"Silk\")),N=v(),aa=t(\"Safari\")&&!(v()||t(\"Coast\")||t(\"Opera\")||t(\"Edge\")||t(\"Edg/\")||t(\"OPR\")||u()||t(\"Silk\")||t(\"Android\"))&&!(w()||t(\"iPad\")||t(\"iPod\"));function O(a){return(a=a.exec(p))?a[1]:\"\"}(function(){if(J)return O(/Firefox\\/([0-9.]+)/);if(z||A||y)return E;if(N)return w()||t(\"iPad\")||t(\"iPod\")?O(/CriOS\\/([0-9.]+)/):O(/Chrome\\/([0-9.]+)/);if(aa&&!(w()||t(\"iPad\")||t(\"iPod\")))return O(/Version\\/([0-9.]+)/);if(K||L){var a=/Version\\/(\\S+).*Mobile\\/(\\S+)/.exec(p);if(a)return a[1]+\".\"+a[2]}else if(M)return(a=O(/Android\\s+([0-9.]+)/))?a:O(/Version\\/([0-9.]+)/);return\"\"})();var P=z&&!(8\u003C=Number(I)),ba=z&&!(9\u003C=Number(I));var ca={SCRIPT:1,STYLE:1,HEAD:1,IFRAME:1,OBJECT:1},Q={IMG:\" \",BR:\"\\n\"};function R(a,b,c){if(!(a.nodeName in ca))if(3==a.nodeType)c?b.push(String(a.nodeValue).replace(/(\\r\\n|\\r|\\n)/g,\"\")):b.push(a.nodeValue);else if(a.nodeName in Q)b.push(Q[a.nodeName]);else for(a=a.firstChild;a;)R(a,b,c),a=a.nextSibling};function S(a,b){b=b.toLowerCase();return\"style\"==b?da(a.style.cssText):P&&\"value\"==b&&T(a,\"INPUT\")?a.value:ba&&!0===a[b]?String(a.getAttribute(b)):(a=a.getAttributeNode(b))&&a.specified?a.value:null}var ea=/[;]+(?=(?:(?:[^\"]*\"){2})*[^\"]*$)(?=(?:(?:[^']*'){2})*[^']*$)(?=(?:[^()]*\\([^()]*\\))*[^()]*$)/;\nfunction da(a){var b=[];k(a.split(ea),function(c){var e=c.indexOf(\":\");0\u003Ce&&(c=[c.slice(0,e),c.slice(e+1)],2==c.length&&b.push(c[0].toLowerCase(),\":\",c[1],\";\"))});b=b.join(\"\");return b=\";\"==b.charAt(b.length-1)?b:b+\";\"}function U(a,b){P&&\"value\"==b&&T(a,\"OPTION\")&&null===S(a,\"value\")?(b=[],R(a,b,!1),a=b.join(\"\")):a=a[b];return a}function T(a,b){b&&\"string\"!==typeof b&&(b=b.toString());return!!a&&1==a.nodeType&&(!b||a.tagName.toUpperCase()==b)}\nfunction V(a){return T(a,\"OPTION\")?!0:T(a,\"INPUT\")?(a=a.type.toLowerCase(),\"checkbox\"==a||\"radio\"==a):!1};var fa={\"class\":\"className\",readonly:\"readOnly\"},ha=\"allowfullscreen allowpaymentrequest allowusermedia async autofocus autoplay checked compact complete controls declare default defaultchecked defaultselected defer disabled ended formnovalidate hidden indeterminate iscontenteditable ismap itemscope loop multiple muted nohref nomodule noresize noshade novalidate nowrap open paused playsinline pubdate readonly required reversed scoped seamless seeking selected truespeed typemustmatch willvalidate\".split(\" \");function W(a,b){var c=null,e=b.toLowerCase();if(\"style\"==e)return(c=a.style)&&\"string\"!=typeof c&&(c=c.cssText),c;if((\"selected\"==e||\"checked\"==e)&&V(a)){if(!V(a))throw new l(15,\"Element is not selectable\");b=\"selected\";c=a.type&&a.type.toLowerCase();if(\"checkbox\"==c||\"radio\"==c)b=\"checked\";return U(a,b)?\"true\":null}var g=T(a,\"A\");if(T(a,\"IMG\")&&\"src\"==e||g&&\"href\"==e)return(c=S(a,e))&&(c=U(a,e)),c;if(\"spellcheck\"==e){c=S(a,e);if(null!==c){if(\"false\"==c.toLowerCase())return\"false\";if(\"true\"==c.toLowerCase())return\"true\"}return U(a,\ne)+\"\"}g=fa[b]||b;if(0\u003C=h(ha,e))return(c=null!==S(a,b)||U(a,g))?\"true\":null;try{var x=U(a,g)}catch(ia){}(e=null==x)||(e=typeof x,e=\"object\"==e&&null!=x||\"function\"==e);e?c=S(a,b):c=x;return null!=c?c.toString():null}var X=[\"_\"],Y=d;X[0]in Y||\"undefined\"==typeof Y.execScript||Y.execScript(\"var \"+X[0]);for(var Z;X.length&&(Z=X.shift());)X.length||void 0===W?Y[Z]&&Y[Z]!==Object.prototype[Z]?Y=Y[Z]:Y=Y[Z]={}:Y[Z]=W;; return this._.apply(null,arguments);}).apply({navigator:typeof window!='undefined'?window.navigator:null,document:typeof window!='undefined'?window.document:null}, arguments);}\n).apply(null, arguments);"
}
[1744521165.365][INFO]: Waiting for pending navigations...
[1744521165.367][INFO]: Done waiting for pending navigations. Status: ok
[1744521165.379][INFO]: Waiting for pending navigations...
[1744521165.381][INFO]: Done waiting for pending navigations. Status: ok
[1744521165.381][INFO]: [96366644e4e44a0331331087ddd55f7c] RESPONSE ExecuteScript "https://rukminim2.flixcart.com/image/612/612/xif0q/mug/9/a/j/stainless-steel-coffee-mug-with-lid-300-ml-pack-of-2-navy-blue-original-imahyywq355d6f3d.jpeg?q=70"
[1744521165.386][INFO]: [96366644e4e44a0331331087ddd55f7c] COMMAND FindChildElement {
   "id": "f.FA7F9F0460E8C13CECE7AFB28C7D66DB.d.0C4AE97B349F22F0083DFBCECE0003F5.e.1036",
   "using": "xpath",
   "value": ".//span[@class='Wphh3N']"
}
[1744521165.386][INFO]: Waiting for pending navigations...
[1744521165.388][INFO]: Done waiting for pending navigations. Status: ok
[1744521165.407][INFO]: Waiting for pending navigations...
[1744521165.409][INFO]: Done waiting for pending navigations. Status: ok
[1744521165.409][INFO]: [96366644e4e44a0331331087ddd55f7c] RESPONSE FindChildElement {
   "element-6066-11e4-a52e-4f735466cecf": "f.FA7F9F0460E8C13CECE7AFB28C7D66DB.d.0C4AE97B349F22F0083DFBCECE0003F5.e.1100"
}
[1744521165.414][INFO]: [96366644e4e44a0331331087ddd55f7c] COMMAND GetElementText {
   "id": "f.FA7F9F0460E8C13CECE7AFB28C7D66DB.d.0C4AE97B349F22F0083DFBCECE0003F5.e.1100"
}
[1744521165.414][INFO]: Waiting for pending navigations...
[1744521165.415][INFO]: Done waiting for pending navigations. Status: ok
[1744521165.434][INFO]: Waiting for pending navigations...
[1744521165.436][INFO]: Done waiting for pending navigations. Status: ok
[1744521165.436][INFO]: [96366644e4e44a0331331087ddd55f7c] RESPONSE GetElementText "(1,073)"
[1744521165.442][INFO]: [96366644e4e44a0331331087ddd55f7c] COMMAND FindChildElement {
   "id": "f.FA7F9F0460E8C13CECE7AFB28C7D66DB.d.0C4AE97B349F22F0083DFBCECE0003F5.e.1037",
   "using": "xpath",
   "value": ".//a[@class='wjcEIp']"
}
[1744521165.442][INFO]: Waiting for pending navigations...
[1744521165.444][INFO]: Done waiting for pending navigations. Status: ok
[1744521165.462][INFO]: Waiting for pending navigations...
[1744521165.464][INFO]: Done waiting for pending navigations. Status: ok
[1744521165.464][INFO]: [96366644e4e44a0331331087ddd55f7c] RESPONSE FindChildElement {
   "element-6066-11e4-a52e-4f735466cecf": "f.FA7F9F0460E8C13CECE7AFB28C7D66DB.d.0C4AE97B349F22F0083DFBCECE0003F5.e.1101"
}
[1744521165.468][INFO]: [96366644e4e44a0331331087ddd55f7c] COMMAND GetElementText {
   "id": "f.FA7F9F0460E8C13CECE7AFB28C7D66DB.d.0C4AE97B349F22F0083DFBCECE0003F5.e.1101"
}
[1744521165.468][INFO]: Waiting for pending navigations...
[1744521165.469][INFO]: Done waiting for pending navigations. Status: ok
[1744521165.487][INFO]: Waiting for pending navigations...
[1744521165.488][INFO]: Done waiting for pending navigations. Status: ok
[1744521165.488][INFO]: [96366644e4e44a0331331087ddd55f7c] RESPONSE GetElementText "AANZIA insulated Pearls handle glass with straw Glass C..."
[1744521165.493][INFO]: [96366644e4e44a0331331087ddd55f7c] COMMAND FindChildElement {
   "id": "f.FA7F9F0460E8C13CECE7AFB28C7D66DB.d.0C4AE97B349F22F0083DFBCECE0003F5.e.1037",
   "using": "xpath",
   "value": ".//img[@class='DByuf4']"
}
[1744521165.493][INFO]: Waiting for pending navigations...
[1744521165.495][INFO]: Done waiting for pending navigations. Status: ok
[1744521165.511][INFO]: Waiting for pending navigations...
[1744521165.513][INFO]: Done waiting for pending navigations. Status: ok
[1744521165.513][INFO]: [96366644e4e44a0331331087ddd55f7c] RESPONSE FindChildElement {
   "element-6066-11e4-a52e-4f735466cecf": "f.FA7F9F0460E8C13CECE7AFB28C7D66DB.d.0C4AE97B349F22F0083DFBCECE0003F5.e.1102"
}
[1744521165.519][INFO]: [96366644e4e44a0331331087ddd55f7c] COMMAND ExecuteScript {
   "args": [ {
      "element-6066-11e4-a52e-4f735466cecf": "f.FA7F9F0460E8C13CECE7AFB28C7D66DB.d.0C4AE97B349F22F0083DFBCECE0003F5.e.1102"
   }, "src" ],
   "script": "/* getAttribute */return (function(){return (function(){var d=this||self;function f(a,b){function c(){}c.prototype=b.prototype;a.prototype=new c;a.prototype.constructor=a};var h=Array.prototype.indexOf?function(a,b){return Array.prototype.indexOf.call(a,b,void 0)}:function(a,b){if(\"string\"===typeof a)return\"string\"!==typeof b||1!=b.length?-1:a.indexOf(b,0);for(var c=0;c\u003Ca.length;c++)if(c in a&&a[c]===b)return c;return-1},k=Array.prototype.forEach?function(a,b){Array.prototype.forEach.call(a,b,void 0)}:function(a,b){for(var c=a.length,e=\"string\"===typeof a?a.split(\"\"):a,g=0;g\u003Cc;g++)g in e&&b.call(void 0,e[g],g,a)};function l(a,b){this.code=a;this.a=m[a]||n;this.message=b||\"\";a=this.a.replace(/((?:^|\\s+)[a-z])/g,function(c){return c.toUpperCase().replace(/^[\\s\\xa0]+/g,\"\")});b=a.length-5;if(0>b||a.indexOf(\"Error\",b)!=b)a+=\"Error\";this.name=a;a=Error(this.message);a.name=this.name;this.stack=a.stack||\"\"}f(l,Error);var n=\"unknown error\",m={15:\"element not selectable\",11:\"element not visible\"};m[31]=n;m[30]=n;m[24]=\"invalid cookie domain\";m[29]=\"invalid element coordinates\";m[12]=\"invalid element state\";m[32]=\"invalid selector\";\nm[51]=\"invalid selector\";m[52]=\"invalid selector\";m[17]=\"javascript error\";m[405]=\"unsupported operation\";m[34]=\"move target out of bounds\";m[27]=\"no such alert\";m[7]=\"no such element\";m[8]=\"no such frame\";m[23]=\"no such window\";m[28]=\"script timeout\";m[33]=\"session not created\";m[10]=\"stale element reference\";m[21]=\"timeout\";m[25]=\"unable to set cookie\";m[26]=\"unexpected alert open\";m[13]=n;m[9]=\"unknown command\";var p;a:{var q=d.navigator;if(q){var r=q.userAgent;if(r){p=r;break a}}p=\"\"}function t(a){return-1!=p.indexOf(a)};function u(){return t(\"Firefox\")||t(\"FxiOS\")}function v(){return(t(\"Chrome\")||t(\"CriOS\"))&&!t(\"Edge\")};function w(){return t(\"iPhone\")&&!t(\"iPod\")&&!t(\"iPad\")};var y=t(\"Opera\"),z=t(\"Trident\")||t(\"MSIE\"),A=t(\"Edge\"),B=t(\"Gecko\")&&!(-1!=p.toLowerCase().indexOf(\"webkit\")&&!t(\"Edge\"))&&!(t(\"Trident\")||t(\"MSIE\"))&&!t(\"Edge\"),C=-1!=p.toLowerCase().indexOf(\"webkit\")&&!t(\"Edge\");function D(){var a=d.document;return a?a.documentMode:void 0}var E;\na:{var F=\"\",G=function(){var a=p;if(B)return/rv:([^\\);]+)(\\)|;)/.exec(a);if(A)return/Edge\\/([\\d\\.]+)/.exec(a);if(z)return/\\b(?:MSIE|rv)[: ]([^\\);]+)(\\)|;)/.exec(a);if(C)return/WebKit\\/(\\S+)/.exec(a);if(y)return/(?:Version)[ \\/]?(\\S+)/.exec(a)}();G&&(F=G?G[1]:\"\");if(z){var H=D();if(null!=H&&H>parseFloat(F)){E=String(H);break a}}E=F}var I;I=d.document&&z?D():void 0;var J=u(),K=w()||t(\"iPod\"),L=t(\"iPad\"),M=t(\"Android\")&&!(v()||u()||t(\"Opera\")||t(\"Silk\")),N=v(),aa=t(\"Safari\")&&!(v()||t(\"Coast\")||t(\"Opera\")||t(\"Edge\")||t(\"Edg/\")||t(\"OPR\")||u()||t(\"Silk\")||t(\"Android\"))&&!(w()||t(\"iPad\")||t(\"iPod\"));function O(a){return(a=a.exec(p))?a[1]:\"\"}(function(){if(J)return O(/Firefox\\/([0-9.]+)/);if(z||A||y)return E;if(N)return w()||t(\"iPad\")||t(\"iPod\")?O(/CriOS\\/([0-9.]+)/):O(/Chrome\\/([0-9.]+)/);if(aa&&!(w()||t(\"iPad\")||t(\"iPod\")))return O(/Version\\/([0-9.]+)/);if(K||L){var a=/Version\\/(\\S+).*Mobile\\/(\\S+)/.exec(p);if(a)return a[1]+\".\"+a[2]}else if(M)return(a=O(/Android\\s+([0-9.]+)/))?a:O(/Version\\/([0-9.]+)/);return\"\"})();var P=z&&!(8\u003C=Number(I)),ba=z&&!(9\u003C=Number(I));var ca={SCRIPT:1,STYLE:1,HEAD:1,IFRAME:1,OBJECT:1},Q={IMG:\" \",BR:\"\\n\"};function R(a,b,c){if(!(a.nodeName in ca))if(3==a.nodeType)c?b.push(String(a.nodeValue).replace(/(\\r\\n|\\r|\\n)/g,\"\")):b.push(a.nodeValue);else if(a.nodeName in Q)b.push(Q[a.nodeName]);else for(a=a.firstChild;a;)R(a,b,c),a=a.nextSibling};function S(a,b){b=b.toLowerCase();return\"style\"==b?da(a.style.cssText):P&&\"value\"==b&&T(a,\"INPUT\")?a.value:ba&&!0===a[b]?String(a.getAttribute(b)):(a=a.getAttributeNode(b))&&a.specified?a.value:null}var ea=/[;]+(?=(?:(?:[^\"]*\"){2})*[^\"]*$)(?=(?:(?:[^']*'){2})*[^']*$)(?=(?:[^()]*\\([^()]*\\))*[^()]*$)/;\nfunction da(a){var b=[];k(a.split(ea),function(c){var e=c.indexOf(\":\");0\u003Ce&&(c=[c.slice(0,e),c.slice(e+1)],2==c.length&&b.push(c[0].toLowerCase(),\":\",c[1],\";\"))});b=b.join(\"\");return b=\";\"==b.charAt(b.length-1)?b:b+\";\"}function U(a,b){P&&\"value\"==b&&T(a,\"OPTION\")&&null===S(a,\"value\")?(b=[],R(a,b,!1),a=b.join(\"\")):a=a[b];return a}function T(a,b){b&&\"string\"!==typeof b&&(b=b.toString());return!!a&&1==a.nodeType&&(!b||a.tagName.toUpperCase()==b)}\nfunction V(a){return T(a,\"OPTION\")?!0:T(a,\"INPUT\")?(a=a.type.toLowerCase(),\"checkbox\"==a||\"radio\"==a):!1};var fa={\"class\":\"className\",readonly:\"readOnly\"},ha=\"allowfullscreen allowpaymentrequest allowusermedia async autofocus autoplay checked compact complete controls declare default defaultchecked defaultselected defer disabled ended formnovalidate hidden indeterminate iscontenteditable ismap itemscope loop multiple muted nohref nomodule noresize noshade novalidate nowrap open paused playsinline pubdate readonly required reversed scoped seamless seeking selected truespeed typemustmatch willvalidate\".split(\" \");function W(a,b){var c=null,e=b.toLowerCase();if(\"style\"==e)return(c=a.style)&&\"string\"!=typeof c&&(c=c.cssText),c;if((\"selected\"==e||\"checked\"==e)&&V(a)){if(!V(a))throw new l(15,\"Element is not selectable\");b=\"selected\";c=a.type&&a.type.toLowerCase();if(\"checkbox\"==c||\"radio\"==c)b=\"checked\";return U(a,b)?\"true\":null}var g=T(a,\"A\");if(T(a,\"IMG\")&&\"src\"==e||g&&\"href\"==e)return(c=S(a,e))&&(c=U(a,e)),c;if(\"spellcheck\"==e){c=S(a,e);if(null!==c){if(\"false\"==c.toLowerCase())return\"false\";if(\"true\"==c.toLowerCase())return\"true\"}return U(a,\ne)+\"\"}g=fa[b]||b;if(0\u003C=h(ha,e))return(c=null!==S(a,b)||U(a,g))?\"true\":null;try{var x=U(a,g)}catch(ia){}(e=null==x)||(e=typeof x,e=\"object\"==e&&null!=x||\"function\"==e);e?c=S(a,b):c=x;return null!=c?c.toString():null}var X=[\"_\"],Y=d;X[0]in Y||\"undefined\"==typeof Y.execScript||Y.execScript(\"var \"+X[0]);for(var Z;X.length&&(Z=X.shift());)X.length||void 0===W?Y[Z]&&Y[Z]!==Object.prototype[Z]?Y=Y[Z]:Y=Y[Z]={}:Y[Z]=W;; return this._.apply(null,arguments);}).apply({navigator:typeof window!='undefined'?window.navigator:null,document:typeof window!='undefined'?window.document:null}, arguments);}\n).apply(null, arguments);"
}
[1744521165.519][INFO]: Waiting for pending navigations...
[1744521165.521][INFO]: Done waiting for pending navigations. Status: ok
[1744521165.531][INFO]: Waiting for pending navigations...
[1744521165.533][INFO]: Done waiting for pending navigations. Status: ok
[1744521165.533][INFO]: [96366644e4e44a0331331087ddd55f7c] RESPONSE ExecuteScript "https://rukminim2.flixcart.com/image/612/612/xif0q/mug/v/r/x/moti-glass-350-1-papita-original-imah7fgna5gyhrvr.jpeg?q=70"
[1744521165.538][INFO]: [96366644e4e44a0331331087ddd55f7c] COMMAND FindChildElement {
   "id": "f.FA7F9F0460E8C13CECE7AFB28C7D66DB.d.0C4AE97B349F22F0083DFBCECE0003F5.e.1037",
   "using": "xpath",
   "value": ".//span[@class='Wphh3N']"
}
[1744521165.538][INFO]: Waiting for pending navigations...
[1744521165.540][INFO]: Done waiting for pending navigations. Status: ok
[1744521165.556][INFO]: Waiting for pending navigations...
[1744521165.557][INFO]: Done waiting for pending navigations. Status: ok
[1744521165.557][INFO]: [96366644e4e44a0331331087ddd55f7c] RESPONSE FindChildElement {
   "element-6066-11e4-a52e-4f735466cecf": "f.FA7F9F0460E8C13CECE7AFB28C7D66DB.d.0C4AE97B349F22F0083DFBCECE0003F5.e.1103"
}
[1744521165.562][INFO]: [96366644e4e44a0331331087ddd55f7c] COMMAND GetElementText {
   "id": "f.FA7F9F0460E8C13CECE7AFB28C7D66DB.d.0C4AE97B349F22F0083DFBCECE0003F5.e.1103"
}
[1744521165.562][INFO]: Waiting for pending navigations...
[1744521165.564][INFO]: Done waiting for pending navigations. Status: ok
[1744521165.581][INFO]: Waiting for pending navigations...
[1744521165.582][INFO]: Done waiting for pending navigations. Status: ok
[1744521165.582][INFO]: [96366644e4e44a0331331087ddd55f7c] RESPONSE GetElementText "(325)"
[1744521165.588][INFO]: [96366644e4e44a0331331087ddd55f7c] COMMAND FindChildElement {
   "id": "f.FA7F9F0460E8C13CECE7AFB28C7D66DB.d.0C4AE97B349F22F0083DFBCECE0003F5.e.1038",
   "using": "xpath",
   "value": ".//a[@class='wjcEIp']"
}
[1744521165.588][INFO]: Waiting for pending navigations...
[1744521165.589][INFO]: Done waiting for pending navigations. Status: ok
[1744521165.606][INFO]: Waiting for pending navigations...
[1744521165.607][INFO]: Done waiting for pending navigations. Status: ok
[1744521165.607][INFO]: [96366644e4e44a0331331087ddd55f7c] RESPONSE FindChildElement {
   "element-6066-11e4-a52e-4f735466cecf": "f.FA7F9F0460E8C13CECE7AFB28C7D66DB.d.0C4AE97B349F22F0083DFBCECE0003F5.e.1104"
}
[1744521165.611][INFO]: [96366644e4e44a0331331087ddd55f7c] COMMAND GetElementText {
   "id": "f.FA7F9F0460E8C13CECE7AFB28C7D66DB.d.0C4AE97B349F22F0083DFBCECE0003F5.e.1104"
}
[1744521165.611][INFO]: Waiting for pending navigations...
[1744521165.613][INFO]: Done waiting for pending navigations. Status: ok
[1744521165.631][INFO]: Waiting for pending navigations...
[1744521165.632][INFO]: Done waiting for pending navigations. Status: ok
[1744521165.632][INFO]: [96366644e4e44a0331331087ddd55f7c] RESPONSE GetElementText "Nirvaana Double Wall Vacuum Insulated Tea Coffee Thermo..."
[1744521165.638][INFO]: [96366644e4e44a0331331087ddd55f7c] COMMAND FindChildElement {
   "id": "f.FA7F9F0460E8C13CECE7AFB28C7D66DB.d.0C4AE97B349F22F0083DFBCECE0003F5.e.1038",
   "using": "xpath",
   "value": ".//img[@class='DByuf4']"
}
[1744521165.638][INFO]: Waiting for pending navigations...
[1744521165.640][INFO]: Done waiting for pending navigations. Status: ok
[1744521165.661][INFO]: Waiting for pending navigations...
[1744521165.662][INFO]: Done waiting for pending navigations. Status: ok
[1744521165.662][INFO]: [96366644e4e44a0331331087ddd55f7c] RESPONSE FindChildElement {
   "element-6066-11e4-a52e-4f735466cecf": "f.FA7F9F0460E8C13CECE7AFB28C7D66DB.d.0C4AE97B349F22F0083DFBCECE0003F5.e.1105"
}
[1744521165.670][INFO]: [96366644e4e44a0331331087ddd55f7c] COMMAND ExecuteScript {
   "args": [ {
      "element-6066-11e4-a52e-4f735466cecf": "f.FA7F9F0460E8C13CECE7AFB28C7D66DB.d.0C4AE97B349F22F0083DFBCECE0003F5.e.1105"
   }, "src" ],
   "script": "/* getAttribute */return (function(){return (function(){var d=this||self;function f(a,b){function c(){}c.prototype=b.prototype;a.prototype=new c;a.prototype.constructor=a};var h=Array.prototype.indexOf?function(a,b){return Array.prototype.indexOf.call(a,b,void 0)}:function(a,b){if(\"string\"===typeof a)return\"string\"!==typeof b||1!=b.length?-1:a.indexOf(b,0);for(var c=0;c\u003Ca.length;c++)if(c in a&&a[c]===b)return c;return-1},k=Array.prototype.forEach?function(a,b){Array.prototype.forEach.call(a,b,void 0)}:function(a,b){for(var c=a.length,e=\"string\"===typeof a?a.split(\"\"):a,g=0;g\u003Cc;g++)g in e&&b.call(void 0,e[g],g,a)};function l(a,b){this.code=a;this.a=m[a]||n;this.message=b||\"\";a=this.a.replace(/((?:^|\\s+)[a-z])/g,function(c){return c.toUpperCase().replace(/^[\\s\\xa0]+/g,\"\")});b=a.length-5;if(0>b||a.indexOf(\"Error\",b)!=b)a+=\"Error\";this.name=a;a=Error(this.message);a.name=this.name;this.stack=a.stack||\"\"}f(l,Error);var n=\"unknown error\",m={15:\"element not selectable\",11:\"element not visible\"};m[31]=n;m[30]=n;m[24]=\"invalid cookie domain\";m[29]=\"invalid element coordinates\";m[12]=\"invalid element state\";m[32]=\"invalid selector\";\nm[51]=\"invalid selector\";m[52]=\"invalid selector\";m[17]=\"javascript error\";m[405]=\"unsupported operation\";m[34]=\"move target out of bounds\";m[27]=\"no such alert\";m[7]=\"no such element\";m[8]=\"no such frame\";m[23]=\"no such window\";m[28]=\"script timeout\";m[33]=\"session not created\";m[10]=\"stale element reference\";m[21]=\"timeout\";m[25]=\"unable to set cookie\";m[26]=\"unexpected alert open\";m[13]=n;m[9]=\"unknown command\";var p;a:{var q=d.navigator;if(q){var r=q.userAgent;if(r){p=r;break a}}p=\"\"}function t(a){return-1!=p.indexOf(a)};function u(){return t(\"Firefox\")||t(\"FxiOS\")}function v(){return(t(\"Chrome\")||t(\"CriOS\"))&&!t(\"Edge\")};function w(){return t(\"iPhone\")&&!t(\"iPod\")&&!t(\"iPad\")};var y=t(\"Opera\"),z=t(\"Trident\")||t(\"MSIE\"),A=t(\"Edge\"),B=t(\"Gecko\")&&!(-1!=p.toLowerCase().indexOf(\"webkit\")&&!t(\"Edge\"))&&!(t(\"Trident\")||t(\"MSIE\"))&&!t(\"Edge\"),C=-1!=p.toLowerCase().indexOf(\"webkit\")&&!t(\"Edge\");function D(){var a=d.document;return a?a.documentMode:void 0}var E;\na:{var F=\"\",G=function(){var a=p;if(B)return/rv:([^\\);]+)(\\)|;)/.exec(a);if(A)return/Edge\\/([\\d\\.]+)/.exec(a);if(z)return/\\b(?:MSIE|rv)[: ]([^\\);]+)(\\)|;)/.exec(a);if(C)return/WebKit\\/(\\S+)/.exec(a);if(y)return/(?:Version)[ \\/]?(\\S+)/.exec(a)}();G&&(F=G?G[1]:\"\");if(z){var H=D();if(null!=H&&H>parseFloat(F)){E=String(H);break a}}E=F}var I;I=d.document&&z?D():void 0;var J=u(),K=w()||t(\"iPod\"),L=t(\"iPad\"),M=t(\"Android\")&&!(v()||u()||t(\"Opera\")||t(\"Silk\")),N=v(),aa=t(\"Safari\")&&!(v()||t(\"Coast\")||t(\"Opera\")||t(\"Edge\")||t(\"Edg/\")||t(\"OPR\")||u()||t(\"Silk\")||t(\"Android\"))&&!(w()||t(\"iPad\")||t(\"iPod\"));function O(a){return(a=a.exec(p))?a[1]:\"\"}(function(){if(J)return O(/Firefox\\/([0-9.]+)/);if(z||A||y)return E;if(N)return w()||t(\"iPad\")||t(\"iPod\")?O(/CriOS\\/([0-9.]+)/):O(/Chrome\\/([0-9.]+)/);if(aa&&!(w()||t(\"iPad\")||t(\"iPod\")))return O(/Version\\/([0-9.]+)/);if(K||L){var a=/Version\\/(\\S+).*Mobile\\/(\\S+)/.exec(p);if(a)return a[1]+\".\"+a[2]}else if(M)return(a=O(/Android\\s+([0-9.]+)/))?a:O(/Version\\/([0-9.]+)/);return\"\"})();var P=z&&!(8\u003C=Number(I)),ba=z&&!(9\u003C=Number(I));var ca={SCRIPT:1,STYLE:1,HEAD:1,IFRAME:1,OBJECT:1},Q={IMG:\" \",BR:\"\\n\"};function R(a,b,c){if(!(a.nodeName in ca))if(3==a.nodeType)c?b.push(String(a.nodeValue).replace(/(\\r\\n|\\r|\\n)/g,\"\")):b.push(a.nodeValue);else if(a.nodeName in Q)b.push(Q[a.nodeName]);else for(a=a.firstChild;a;)R(a,b,c),a=a.nextSibling};function S(a,b){b=b.toLowerCase();return\"style\"==b?da(a.style.cssText):P&&\"value\"==b&&T(a,\"INPUT\")?a.value:ba&&!0===a[b]?String(a.getAttribute(b)):(a=a.getAttributeNode(b))&&a.specified?a.value:null}var ea=/[;]+(?=(?:(?:[^\"]*\"){2})*[^\"]*$)(?=(?:(?:[^']*'){2})*[^']*$)(?=(?:[^()]*\\([^()]*\\))*[^()]*$)/;\nfunction da(a){var b=[];k(a.split(ea),function(c){var e=c.indexOf(\":\");0\u003Ce&&(c=[c.slice(0,e),c.slice(e+1)],2==c.length&&b.push(c[0].toLowerCase(),\":\",c[1],\";\"))});b=b.join(\"\");return b=\";\"==b.charAt(b.length-1)?b:b+\";\"}function U(a,b){P&&\"value\"==b&&T(a,\"OPTION\")&&null===S(a,\"value\")?(b=[],R(a,b,!1),a=b.join(\"\")):a=a[b];return a}function T(a,b){b&&\"string\"!==typeof b&&(b=b.toString());return!!a&&1==a.nodeType&&(!b||a.tagName.toUpperCase()==b)}\nfunction V(a){return T(a,\"OPTION\")?!0:T(a,\"INPUT\")?(a=a.type.toLowerCase(),\"checkbox\"==a||\"radio\"==a):!1};var fa={\"class\":\"className\",readonly:\"readOnly\"},ha=\"allowfullscreen allowpaymentrequest allowusermedia async autofocus autoplay checked compact complete controls declare default defaultchecked defaultselected defer disabled ended formnovalidate hidden indeterminate iscontenteditable ismap itemscope loop multiple muted nohref nomodule noresize noshade novalidate nowrap open paused playsinline pubdate readonly required reversed scoped seamless seeking selected truespeed typemustmatch willvalidate\".split(\" \");function W(a,b){var c=null,e=b.toLowerCase();if(\"style\"==e)return(c=a.style)&&\"string\"!=typeof c&&(c=c.cssText),c;if((\"selected\"==e||\"checked\"==e)&&V(a)){if(!V(a))throw new l(15,\"Element is not selectable\");b=\"selected\";c=a.type&&a.type.toLowerCase();if(\"checkbox\"==c||\"radio\"==c)b=\"checked\";return U(a,b)?\"true\":null}var g=T(a,\"A\");if(T(a,\"IMG\")&&\"src\"==e||g&&\"href\"==e)return(c=S(a,e))&&(c=U(a,e)),c;if(\"spellcheck\"==e){c=S(a,e);if(null!==c){if(\"false\"==c.toLowerCase())return\"false\";if(\"true\"==c.toLowerCase())return\"true\"}return U(a,\ne)+\"\"}g=fa[b]||b;if(0\u003C=h(ha,e))return(c=null!==S(a,b)||U(a,g))?\"true\":null;try{var x=U(a,g)}catch(ia){}(e=null==x)||(e=typeof x,e=\"object\"==e&&null!=x||\"function\"==e);e?c=S(a,b):c=x;return null!=c?c.toString():null}var X=[\"_\"],Y=d;X[0]in Y||\"undefined\"==typeof Y.execScript||Y.execScript(\"var \"+X[0]);for(var Z;X.length&&(Z=X.shift());)X.length||void 0===W?Y[Z]&&Y[Z]!==Object.prototype[Z]?Y=Y[Z]:Y=Y[Z]={}:Y[Z]=W;; return this._.apply(null,arguments);}).apply({navigator:typeof window!='undefined'?window.navigator:null,document:typeof window!='undefined'?window.document:null}, arguments);}\n).apply(null, arguments);"
}
[1744521165.670][INFO]: Waiting for pending navigations...
[1744521165.672][INFO]: Done waiting for pending navigations. Status: ok
[1744521165.683][INFO]: Waiting for pending navigations...
[1744521165.684][INFO]: Done waiting for pending navigations. Status: ok
[1744521165.685][INFO]: [96366644e4e44a0331331087ddd55f7c] RESPONSE ExecuteScript "https://rukminim2.flixcart.com/image/612/612/xif0q/mug/e/c/1/double-wall-vacuum-insulated-tea-coffee-mug-thermos-flask-travel-original-imah4zfmzcsxbshw.jpeg?q=70"
[1744521165.691][INFO]: [96366644e4e44a0331331087ddd55f7c] COMMAND FindChildElement {
   "id": "f.FA7F9F0460E8C13CECE7AFB28C7D66DB.d.0C4AE97B349F22F0083DFBCECE0003F5.e.1038",
   "using": "xpath",
   "value": ".//span[@class='Wphh3N']"
}
[1744521165.691][INFO]: Waiting for pending navigations...
[1744521165.692][INFO]: Done waiting for pending navigations. Status: ok
[1744521165.714][INFO]: Waiting for pending navigations...
[1744521165.715][INFO]: Done waiting for pending navigations. Status: ok
[1744521165.715][INFO]: [96366644e4e44a0331331087ddd55f7c] RESPONSE FindChildElement {
   "element-6066-11e4-a52e-4f735466cecf": "f.FA7F9F0460E8C13CECE7AFB28C7D66DB.d.0C4AE97B349F22F0083DFBCECE0003F5.e.1106"
}
[1744521165.721][INFO]: [96366644e4e44a0331331087ddd55f7c] COMMAND GetElementText {
   "id": "f.FA7F9F0460E8C13CECE7AFB28C7D66DB.d.0C4AE97B349F22F0083DFBCECE0003F5.e.1106"
}
[1744521165.721][INFO]: Waiting for pending navigations...
[1744521165.723][INFO]: Done waiting for pending navigations. Status: ok
[1744521165.742][INFO]: Waiting for pending navigations...
[1744521165.743][INFO]: Done waiting for pending navigations. Status: ok
[1744521165.743][INFO]: [96366644e4e44a0331331087ddd55f7c] RESPONSE GetElementText "(1,960)"
[1744521165.750][INFO]: [96366644e4e44a0331331087ddd55f7c] COMMAND FindChildElement {
   "id": "f.FA7F9F0460E8C13CECE7AFB28C7D66DB.d.0C4AE97B349F22F0083DFBCECE0003F5.e.1039",
   "using": "xpath",
   "value": ".//a[@class='wjcEIp']"
}
[1744521165.750][INFO]: Waiting for pending navigations...
[1744521165.751][INFO]: Done waiting for pending navigations. Status: ok
[1744521165.768][INFO]: Waiting for pending navigations...
[1744521165.769][INFO]: Done waiting for pending navigations. Status: ok
[1744521165.769][INFO]: [96366644e4e44a0331331087ddd55f7c] RESPONSE FindChildElement {
   "element-6066-11e4-a52e-4f735466cecf": "f.FA7F9F0460E8C13CECE7AFB28C7D66DB.d.0C4AE97B349F22F0083DFBCECE0003F5.e.1107"
}
[1744521165.772][INFO]: [96366644e4e44a0331331087ddd55f7c] COMMAND GetElementText {
   "id": "f.FA7F9F0460E8C13CECE7AFB28C7D66DB.d.0C4AE97B349F22F0083DFBCECE0003F5.e.1107"
}
[1744521165.772][INFO]: Waiting for pending navigations...
[1744521165.773][INFO]: Done waiting for pending navigations. Status: ok
[1744521165.782][INFO]: Waiting for pending navigations...
[1744521165.783][INFO]: Done waiting for pending navigations. Status: ok
[1744521165.783][INFO]: [96366644e4e44a0331331087ddd55f7c] RESPONSE GetElementText "Eha Earth-Friendly Classic Coffee | Made with Rice Husk..."
[1744521165.786][INFO]: [96366644e4e44a0331331087ddd55f7c] COMMAND FindChildElement {
   "id": "f.FA7F9F0460E8C13CECE7AFB28C7D66DB.d.0C4AE97B349F22F0083DFBCECE0003F5.e.1039",
   "using": "xpath",
   "value": ".//img[@class='DByuf4']"
}
[1744521165.786][INFO]: Waiting for pending navigations...
[1744521165.787][INFO]: Done waiting for pending navigations. Status: ok
[1744521165.797][INFO]: Waiting for pending navigations...
[1744521165.798][INFO]: Done waiting for pending navigations. Status: ok
[1744521165.798][INFO]: [96366644e4e44a0331331087ddd55f7c] RESPONSE FindChildElement {
   "element-6066-11e4-a52e-4f735466cecf": "f.FA7F9F0460E8C13CECE7AFB28C7D66DB.d.0C4AE97B349F22F0083DFBCECE0003F5.e.1108"
}
[1744521165.803][INFO]: [96366644e4e44a0331331087ddd55f7c] COMMAND ExecuteScript {
   "args": [ {
      "element-6066-11e4-a52e-4f735466cecf": "f.FA7F9F0460E8C13CECE7AFB28C7D66DB.d.0C4AE97B349F22F0083DFBCECE0003F5.e.1108"
   }, "src" ],
   "script": "/* getAttribute */return (function(){return (function(){var d=this||self;function f(a,b){function c(){}c.prototype=b.prototype;a.prototype=new c;a.prototype.constructor=a};var h=Array.prototype.indexOf?function(a,b){return Array.prototype.indexOf.call(a,b,void 0)}:function(a,b){if(\"string\"===typeof a)return\"string\"!==typeof b||1!=b.length?-1:a.indexOf(b,0);for(var c=0;c\u003Ca.length;c++)if(c in a&&a[c]===b)return c;return-1},k=Array.prototype.forEach?function(a,b){Array.prototype.forEach.call(a,b,void 0)}:function(a,b){for(var c=a.length,e=\"string\"===typeof a?a.split(\"\"):a,g=0;g\u003Cc;g++)g in e&&b.call(void 0,e[g],g,a)};function l(a,b){this.code=a;this.a=m[a]||n;this.message=b||\"\";a=this.a.replace(/((?:^|\\s+)[a-z])/g,function(c){return c.toUpperCase().replace(/^[\\s\\xa0]+/g,\"\")});b=a.length-5;if(0>b||a.indexOf(\"Error\",b)!=b)a+=\"Error\";this.name=a;a=Error(this.message);a.name=this.name;this.stack=a.stack||\"\"}f(l,Error);var n=\"unknown error\",m={15:\"element not selectable\",11:\"element not visible\"};m[31]=n;m[30]=n;m[24]=\"invalid cookie domain\";m[29]=\"invalid element coordinates\";m[12]=\"invalid element state\";m[32]=\"invalid selector\";\nm[51]=\"invalid selector\";m[52]=\"invalid selector\";m[17]=\"javascript error\";m[405]=\"unsupported operation\";m[34]=\"move target out of bounds\";m[27]=\"no such alert\";m[7]=\"no such element\";m[8]=\"no such frame\";m[23]=\"no such window\";m[28]=\"script timeout\";m[33]=\"session not created\";m[10]=\"stale element reference\";m[21]=\"timeout\";m[25]=\"unable to set cookie\";m[26]=\"unexpected alert open\";m[13]=n;m[9]=\"unknown command\";var p;a:{var q=d.navigator;if(q){var r=q.userAgent;if(r){p=r;break a}}p=\"\"}function t(a){return-1!=p.indexOf(a)};function u(){return t(\"Firefox\")||t(\"FxiOS\")}function v(){return(t(\"Chrome\")||t(\"CriOS\"))&&!t(\"Edge\")};function w(){return t(\"iPhone\")&&!t(\"iPod\")&&!t(\"iPad\")};var y=t(\"Opera\"),z=t(\"Trident\")||t(\"MSIE\"),A=t(\"Edge\"),B=t(\"Gecko\")&&!(-1!=p.toLowerCase().indexOf(\"webkit\")&&!t(\"Edge\"))&&!(t(\"Trident\")||t(\"MSIE\"))&&!t(\"Edge\"),C=-1!=p.toLowerCase().indexOf(\"webkit\")&&!t(\"Edge\");function D(){var a=d.document;return a?a.documentMode:void 0}var E;\na:{var F=\"\",G=function(){var a=p;if(B)return/rv:([^\\);]+)(\\)|;)/.exec(a);if(A)return/Edge\\/([\\d\\.]+)/.exec(a);if(z)return/\\b(?:MSIE|rv)[: ]([^\\);]+)(\\)|;)/.exec(a);if(C)return/WebKit\\/(\\S+)/.exec(a);if(y)return/(?:Version)[ \\/]?(\\S+)/.exec(a)}();G&&(F=G?G[1]:\"\");if(z){var H=D();if(null!=H&&H>parseFloat(F)){E=String(H);break a}}E=F}var I;I=d.document&&z?D():void 0;var J=u(),K=w()||t(\"iPod\"),L=t(\"iPad\"),M=t(\"Android\")&&!(v()||u()||t(\"Opera\")||t(\"Silk\")),N=v(),aa=t(\"Safari\")&&!(v()||t(\"Coast\")||t(\"Opera\")||t(\"Edge\")||t(\"Edg/\")||t(\"OPR\")||u()||t(\"Silk\")||t(\"Android\"))&&!(w()||t(\"iPad\")||t(\"iPod\"));function O(a){return(a=a.exec(p))?a[1]:\"\"}(function(){if(J)return O(/Firefox\\/([0-9.]+)/);if(z||A||y)return E;if(N)return w()||t(\"iPad\")||t(\"iPod\")?O(/CriOS\\/([0-9.]+)/):O(/Chrome\\/([0-9.]+)/);if(aa&&!(w()||t(\"iPad\")||t(\"iPod\")))return O(/Version\\/([0-9.]+)/);if(K||L){var a=/Version\\/(\\S+).*Mobile\\/(\\S+)/.exec(p);if(a)return a[1]+\".\"+a[2]}else if(M)return(a=O(/Android\\s+([0-9.]+)/))?a:O(/Version\\/([0-9.]+)/);return\"\"})();var P=z&&!(8\u003C=Number(I)),ba=z&&!(9\u003C=Number(I));var ca={SCRIPT:1,STYLE:1,HEAD:1,IFRAME:1,OBJECT:1},Q={IMG:\" \",BR:\"\\n\"};function R(a,b,c){if(!(a.nodeName in ca))if(3==a.nodeType)c?b.push(String(a.nodeValue).replace(/(\\r\\n|\\r|\\n)/g,\"\")):b.push(a.nodeValue);else if(a.nodeName in Q)b.push(Q[a.nodeName]);else for(a=a.firstChild;a;)R(a,b,c),a=a.nextSibling};function S(a,b){b=b.toLowerCase();return\"style\"==b?da(a.style.cssText):P&&\"value\"==b&&T(a,\"INPUT\")?a.value:ba&&!0===a[b]?String(a.getAttribute(b)):(a=a.getAttributeNode(b))&&a.specified?a.value:null}var ea=/[;]+(?=(?:(?:[^\"]*\"){2})*[^\"]*$)(?=(?:(?:[^']*'){2})*[^']*$)(?=(?:[^()]*\\([^()]*\\))*[^()]*$)/;\nfunction da(a){var b=[];k(a.split(ea),function(c){var e=c.indexOf(\":\");0\u003Ce&&(c=[c.slice(0,e),c.slice(e+1)],2==c.length&&b.push(c[0].toLowerCase(),\":\",c[1],\";\"))});b=b.join(\"\");return b=\";\"==b.charAt(b.length-1)?b:b+\";\"}function U(a,b){P&&\"value\"==b&&T(a,\"OPTION\")&&null===S(a,\"value\")?(b=[],R(a,b,!1),a=b.join(\"\")):a=a[b];return a}function T(a,b){b&&\"string\"!==typeof b&&(b=b.toString());return!!a&&1==a.nodeType&&(!b||a.tagName.toUpperCase()==b)}\nfunction V(a){return T(a,\"OPTION\")?!0:T(a,\"INPUT\")?(a=a.type.toLowerCase(),\"checkbox\"==a||\"radio\"==a):!1};var fa={\"class\":\"className\",readonly:\"readOnly\"},ha=\"allowfullscreen allowpaymentrequest allowusermedia async autofocus autoplay checked compact complete controls declare default defaultchecked defaultselected defer disabled ended formnovalidate hidden indeterminate iscontenteditable ismap itemscope loop multiple muted nohref nomodule noresize noshade novalidate nowrap open paused playsinline pubdate readonly required reversed scoped seamless seeking selected truespeed typemustmatch willvalidate\".split(\" \");function W(a,b){var c=null,e=b.toLowerCase();if(\"style\"==e)return(c=a.style)&&\"string\"!=typeof c&&(c=c.cssText),c;if((\"selected\"==e||\"checked\"==e)&&V(a)){if(!V(a))throw new l(15,\"Element is not selectable\");b=\"selected\";c=a.type&&a.type.toLowerCase();if(\"checkbox\"==c||\"radio\"==c)b=\"checked\";return U(a,b)?\"true\":null}var g=T(a,\"A\");if(T(a,\"IMG\")&&\"src\"==e||g&&\"href\"==e)return(c=S(a,e))&&(c=U(a,e)),c;if(\"spellcheck\"==e){c=S(a,e);if(null!==c){if(\"false\"==c.toLowerCase())return\"false\";if(\"true\"==c.toLowerCase())return\"true\"}return U(a,\ne)+\"\"}g=fa[b]||b;if(0\u003C=h(ha,e))return(c=null!==S(a,b)||U(a,g))?\"true\":null;try{var x=U(a,g)}catch(ia){}(e=null==x)||(e=typeof x,e=\"object\"==e&&null!=x||\"function\"==e);e?c=S(a,b):c=x;return null!=c?c.toString():null}var X=[\"_\"],Y=d;X[0]in Y||\"undefined\"==typeof Y.execScript||Y.execScript(\"var \"+X[0]);for(var Z;X.length&&(Z=X.shift());)X.length||void 0===W?Y[Z]&&Y[Z]!==Object.prototype[Z]?Y=Y[Z]:Y=Y[Z]={}:Y[Z]=W;; return this._.apply(null,arguments);}).apply({navigator:typeof window!='undefined'?window.navigator:null,document:typeof window!='undefined'?window.document:null}, arguments);}\n).apply(null, arguments);"
}
[1744521165.803][INFO]: Waiting for pending navigations...
[1744521165.804][INFO]: Done waiting for pending navigations. Status: ok
[1744521165.810][INFO]: Waiting for pending navigations...
[1744521165.810][INFO]: Done waiting for pending navigations. Status: ok
[1744521165.810][INFO]: [96366644e4e44a0331331087ddd55f7c] RESPONSE ExecuteScript "https://rukminim2.flixcart.com/image/612/612/xif0q/mug/s/h/d/earth-friendly-classic-coffee-mug-made-with-rice-husk-bamboo-original-imah3yq7whyymb35.jpeg?q=70"
[1744521165.814][INFO]: [96366644e4e44a0331331087ddd55f7c] COMMAND FindChildElement {
   "id": "f.FA7F9F0460E8C13CECE7AFB28C7D66DB.d.0C4AE97B349F22F0083DFBCECE0003F5.e.1039",
   "using": "xpath",
   "value": ".//span[@class='Wphh3N']"
}
[1744521165.814][INFO]: Waiting for pending navigations...
[1744521165.814][INFO]: Done waiting for pending navigations. Status: ok
[1744521165.821][INFO]: Waiting for pending navigations...
[1744521165.822][INFO]: Done waiting for pending navigations. Status: ok
[1744521165.822][INFO]: [96366644e4e44a0331331087ddd55f7c] RESPONSE FindChildElement {
   "element-6066-11e4-a52e-4f735466cecf": "f.FA7F9F0460E8C13CECE7AFB28C7D66DB.d.0C4AE97B349F22F0083DFBCECE0003F5.e.1109"
}
[1744521165.824][INFO]: [96366644e4e44a0331331087ddd55f7c] COMMAND GetElementText {
   "id": "f.FA7F9F0460E8C13CECE7AFB28C7D66DB.d.0C4AE97B349F22F0083DFBCECE0003F5.e.1109"
}
[1744521165.824][INFO]: Waiting for pending navigations...
[1744521165.824][INFO]: Done waiting for pending navigations. Status: ok
[1744521165.830][INFO]: Waiting for pending navigations...
[1744521165.830][INFO]: Done waiting for pending navigations. Status: ok
[1744521165.830][INFO]: [96366644e4e44a0331331087ddd55f7c] RESPONSE GetElementText "(218)"
[1744521165.832][INFO]: [96366644e4e44a0331331087ddd55f7c] COMMAND FindChildElement {
   "id": "f.FA7F9F0460E8C13CECE7AFB28C7D66DB.d.0C4AE97B349F22F0083DFBCECE0003F5.e.1040",
   "using": "xpath",
   "value": ".//a[@class='wjcEIp']"
}
[1744521165.832][INFO]: Waiting for pending navigations...
[1744521165.833][INFO]: Done waiting for pending navigations. Status: ok
[1744521165.839][INFO]: Waiting for pending navigations...
[1744521165.839][INFO]: Done waiting for pending navigations. Status: ok
[1744521165.839][INFO]: [96366644e4e44a0331331087ddd55f7c] RESPONSE FindChildElement {
   "element-6066-11e4-a52e-4f735466cecf": "f.FA7F9F0460E8C13CECE7AFB28C7D66DB.d.0C4AE97B349F22F0083DFBCECE0003F5.e.1110"
}
[1744521165.841][INFO]: [96366644e4e44a0331331087ddd55f7c] COMMAND GetElementText {
   "id": "f.FA7F9F0460E8C13CECE7AFB28C7D66DB.d.0C4AE97B349F22F0083DFBCECE0003F5.e.1110"
}
[1744521165.841][INFO]: Waiting for pending navigations...
[1744521165.841][INFO]: Done waiting for pending navigations. Status: ok
[1744521165.847][INFO]: Waiting for pending navigations...
[1744521165.847][INFO]: Done waiting for pending navigations. Status: ok
[1744521165.848][INFO]: [96366644e4e44a0331331087ddd55f7c] RESPONSE GetElementText "ADN21 Naruto Anime Printed (350 ml) Coffee, (Naruto 17)..."
[1744521165.850][INFO]: [96366644e4e44a0331331087ddd55f7c] COMMAND FindChildElement {
   "id": "f.FA7F9F0460E8C13CECE7AFB28C7D66DB.d.0C4AE97B349F22F0083DFBCECE0003F5.e.1040",
   "using": "xpath",
   "value": ".//img[@class='DByuf4']"
}
[1744521165.850][INFO]: Waiting for pending navigations...
[1744521165.851][INFO]: Done waiting for pending navigations. Status: ok
[1744521165.858][INFO]: Waiting for pending navigations...
[1744521165.859][INFO]: Done waiting for pending navigations. Status: ok
[1744521165.859][INFO]: [96366644e4e44a0331331087ddd55f7c] RESPONSE FindChildElement {
   "element-6066-11e4-a52e-4f735466cecf": "f.FA7F9F0460E8C13CECE7AFB28C7D66DB.d.0C4AE97B349F22F0083DFBCECE0003F5.e.1111"
}
[1744521165.873][INFO]: [96366644e4e44a0331331087ddd55f7c] COMMAND ExecuteScript {
   "args": [ {
      "element-6066-11e4-a52e-4f735466cecf": "f.FA7F9F0460E8C13CECE7AFB28C7D66DB.d.0C4AE97B349F22F0083DFBCECE0003F5.e.1111"
   }, "src" ],
   "script": "/* getAttribute */return (function(){return (function(){var d=this||self;function f(a,b){function c(){}c.prototype=b.prototype;a.prototype=new c;a.prototype.constructor=a};var h=Array.prototype.indexOf?function(a,b){return Array.prototype.indexOf.call(a,b,void 0)}:function(a,b){if(\"string\"===typeof a)return\"string\"!==typeof b||1!=b.length?-1:a.indexOf(b,0);for(var c=0;c\u003Ca.length;c++)if(c in a&&a[c]===b)return c;return-1},k=Array.prototype.forEach?function(a,b){Array.prototype.forEach.call(a,b,void 0)}:function(a,b){for(var c=a.length,e=\"string\"===typeof a?a.split(\"\"):a,g=0;g\u003Cc;g++)g in e&&b.call(void 0,e[g],g,a)};function l(a,b){this.code=a;this.a=m[a]||n;this.message=b||\"\";a=this.a.replace(/((?:^|\\s+)[a-z])/g,function(c){return c.toUpperCase().replace(/^[\\s\\xa0]+/g,\"\")});b=a.length-5;if(0>b||a.indexOf(\"Error\",b)!=b)a+=\"Error\";this.name=a;a=Error(this.message);a.name=this.name;this.stack=a.stack||\"\"}f(l,Error);var n=\"unknown error\",m={15:\"element not selectable\",11:\"element not visible\"};m[31]=n;m[30]=n;m[24]=\"invalid cookie domain\";m[29]=\"invalid element coordinates\";m[12]=\"invalid element state\";m[32]=\"invalid selector\";\nm[51]=\"invalid selector\";m[52]=\"invalid selector\";m[17]=\"javascript error\";m[405]=\"unsupported operation\";m[34]=\"move target out of bounds\";m[27]=\"no such alert\";m[7]=\"no such element\";m[8]=\"no such frame\";m[23]=\"no such window\";m[28]=\"script timeout\";m[33]=\"session not created\";m[10]=\"stale element reference\";m[21]=\"timeout\";m[25]=\"unable to set cookie\";m[26]=\"unexpected alert open\";m[13]=n;m[9]=\"unknown command\";var p;a:{var q=d.navigator;if(q){var r=q.userAgent;if(r){p=r;break a}}p=\"\"}function t(a){return-1!=p.indexOf(a)};function u(){return t(\"Firefox\")||t(\"FxiOS\")}function v(){return(t(\"Chrome\")||t(\"CriOS\"))&&!t(\"Edge\")};function w(){return t(\"iPhone\")&&!t(\"iPod\")&&!t(\"iPad\")};var y=t(\"Opera\"),z=t(\"Trident\")||t(\"MSIE\"),A=t(\"Edge\"),B=t(\"Gecko\")&&!(-1!=p.toLowerCase().indexOf(\"webkit\")&&!t(\"Edge\"))&&!(t(\"Trident\")||t(\"MSIE\"))&&!t(\"Edge\"),C=-1!=p.toLowerCase().indexOf(\"webkit\")&&!t(\"Edge\");function D(){var a=d.document;return a?a.documentMode:void 0}var E;\na:{var F=\"\",G=function(){var a=p;if(B)return/rv:([^\\);]+)(\\)|;)/.exec(a);if(A)return/Edge\\/([\\d\\.]+)/.exec(a);if(z)return/\\b(?:MSIE|rv)[: ]([^\\);]+)(\\)|;)/.exec(a);if(C)return/WebKit\\/(\\S+)/.exec(a);if(y)return/(?:Version)[ \\/]?(\\S+)/.exec(a)}();G&&(F=G?G[1]:\"\");if(z){var H=D();if(null!=H&&H>parseFloat(F)){E=String(H);break a}}E=F}var I;I=d.document&&z?D():void 0;var J=u(),K=w()||t(\"iPod\"),L=t(\"iPad\"),M=t(\"Android\")&&!(v()||u()||t(\"Opera\")||t(\"Silk\")),N=v(),aa=t(\"Safari\")&&!(v()||t(\"Coast\")||t(\"Opera\")||t(\"Edge\")||t(\"Edg/\")||t(\"OPR\")||u()||t(\"Silk\")||t(\"Android\"))&&!(w()||t(\"iPad\")||t(\"iPod\"));function O(a){return(a=a.exec(p))?a[1]:\"\"}(function(){if(J)return O(/Firefox\\/([0-9.]+)/);if(z||A||y)return E;if(N)return w()||t(\"iPad\")||t(\"iPod\")?O(/CriOS\\/([0-9.]+)/):O(/Chrome\\/([0-9.]+)/);if(aa&&!(w()||t(\"iPad\")||t(\"iPod\")))return O(/Version\\/([0-9.]+)/);if(K||L){var a=/Version\\/(\\S+).*Mobile\\/(\\S+)/.exec(p);if(a)return a[1]+\".\"+a[2]}else if(M)return(a=O(/Android\\s+([0-9.]+)/))?a:O(/Version\\/([0-9.]+)/);return\"\"})();var P=z&&!(8\u003C=Number(I)),ba=z&&!(9\u003C=Number(I));var ca={SCRIPT:1,STYLE:1,HEAD:1,IFRAME:1,OBJECT:1},Q={IMG:\" \",BR:\"\\n\"};function R(a,b,c){if(!(a.nodeName in ca))if(3==a.nodeType)c?b.push(String(a.nodeValue).replace(/(\\r\\n|\\r|\\n)/g,\"\")):b.push(a.nodeValue);else if(a.nodeName in Q)b.push(Q[a.nodeName]);else for(a=a.firstChild;a;)R(a,b,c),a=a.nextSibling};function S(a,b){b=b.toLowerCase();return\"style\"==b?da(a.style.cssText):P&&\"value\"==b&&T(a,\"INPUT\")?a.value:ba&&!0===a[b]?String(a.getAttribute(b)):(a=a.getAttributeNode(b))&&a.specified?a.value:null}var ea=/[;]+(?=(?:(?:[^\"]*\"){2})*[^\"]*$)(?=(?:(?:[^']*'){2})*[^']*$)(?=(?:[^()]*\\([^()]*\\))*[^()]*$)/;\nfunction da(a){var b=[];k(a.split(ea),function(c){var e=c.indexOf(\":\");0\u003Ce&&(c=[c.slice(0,e),c.slice(e+1)],2==c.length&&b.push(c[0].toLowerCase(),\":\",c[1],\";\"))});b=b.join(\"\");return b=\";\"==b.charAt(b.length-1)?b:b+\";\"}function U(a,b){P&&\"value\"==b&&T(a,\"OPTION\")&&null===S(a,\"value\")?(b=[],R(a,b,!1),a=b.join(\"\")):a=a[b];return a}function T(a,b){b&&\"string\"!==typeof b&&(b=b.toString());return!!a&&1==a.nodeType&&(!b||a.tagName.toUpperCase()==b)}\nfunction V(a){return T(a,\"OPTION\")?!0:T(a,\"INPUT\")?(a=a.type.toLowerCase(),\"checkbox\"==a||\"radio\"==a):!1};var fa={\"class\":\"className\",readonly:\"readOnly\"},ha=\"allowfullscreen allowpaymentrequest allowusermedia async autofocus autoplay checked compact complete controls declare default defaultchecked defaultselected defer disabled ended formnovalidate hidden indeterminate iscontenteditable ismap itemscope loop multiple muted nohref nomodule noresize noshade novalidate nowrap open paused playsinline pubdate readonly required reversed scoped seamless seeking selected truespeed typemustmatch willvalidate\".split(\" \");function W(a,b){var c=null,e=b.toLowerCase();if(\"style\"==e)return(c=a.style)&&\"string\"!=typeof c&&(c=c.cssText),c;if((\"selected\"==e||\"checked\"==e)&&V(a)){if(!V(a))throw new l(15,\"Element is not selectable\");b=\"selected\";c=a.type&&a.type.toLowerCase();if(\"checkbox\"==c||\"radio\"==c)b=\"checked\";return U(a,b)?\"true\":null}var g=T(a,\"A\");if(T(a,\"IMG\")&&\"src\"==e||g&&\"href\"==e)return(c=S(a,e))&&(c=U(a,e)),c;if(\"spellcheck\"==e){c=S(a,e);if(null!==c){if(\"false\"==c.toLowerCase())return\"false\";if(\"true\"==c.toLowerCase())return\"true\"}return U(a,\ne)+\"\"}g=fa[b]||b;if(0\u003C=h(ha,e))return(c=null!==S(a,b)||U(a,g))?\"true\":null;try{var x=U(a,g)}catch(ia){}(e=null==x)||(e=typeof x,e=\"object\"==e&&null!=x||\"function\"==e);e?c=S(a,b):c=x;return null!=c?c.toString():null}var X=[\"_\"],Y=d;X[0]in Y||\"undefined\"==typeof Y.execScript||Y.execScript(\"var \"+X[0]);for(var Z;X.length&&(Z=X.shift());)X.length||void 0===W?Y[Z]&&Y[Z]!==Object.prototype[Z]?Y=Y[Z]:Y=Y[Z]={}:Y[Z]=W;; return this._.apply(null,arguments);}).apply({navigator:typeof window!='undefined'?window.navigator:null,document:typeof window!='undefined'?window.document:null}, arguments);}\n).apply(null, arguments);"
}
[1744521165.873][INFO]: Waiting for pending navigations...
[1744521165.878][INFO]: Done waiting for pending navigations. Status: ok
[1744521165.884][INFO]: Waiting for pending navigations...
[1744521165.884][INFO]: Done waiting for pending navigations. Status: ok
[1744521165.884][INFO]: [96366644e4e44a0331331087ddd55f7c] RESPONSE ExecuteScript "https://rukminim2.flixcart.com/image/612/612/xif0q/mug/5/t/8/naruto-anime-printed-350-ml-coffee-mug-naruto-17-a-21-325-1-original-imahawzcwxrm7zzd.jpeg?q=70"
[1744521165.886][INFO]: [96366644e4e44a0331331087ddd55f7c] COMMAND FindChildElement {
   "id": "f.FA7F9F0460E8C13CECE7AFB28C7D66DB.d.0C4AE97B349F22F0083DFBCECE0003F5.e.1040",
   "using": "xpath",
   "value": ".//span[@class='Wphh3N']"
}
[1744521165.886][INFO]: Waiting for pending navigations...
[1744521165.887][INFO]: Done waiting for pending navigations. Status: ok
[1744521175.950][INFO]: Waiting for pending navigations...
[1744521175.951][INFO]: Done waiting for pending navigations. Status: ok
[1744521175.952][INFO]: [96366644e4e44a0331331087ddd55f7c] RESPONSE FindChildElement ERROR no such element: Unable to locate element: {"method":"xpath","selector":".//span[@class='Wphh3N']"}
  (Session info: chrome=135.0.7049.84)
[1744521175.961][INFO]: [96366644e4e44a0331331087ddd55f7c] COMMAND FindChildElement {
   "id": "f.FA7F9F0460E8C13CECE7AFB28C7D66DB.d.0C4AE97B349F22F0083DFBCECE0003F5.e.1041",
   "using": "xpath",
   "value": ".//a[@class='wjcEIp']"
}
[1744521175.961][INFO]: Waiting for pending navigations...
[1744521175.963][INFO]: Done waiting for pending navigations. Status: ok
[1744521175.980][INFO]: Waiting for pending navigations...
[1744521175.981][INFO]: Done waiting for pending navigations. Status: ok
[1744521175.981][INFO]: [96366644e4e44a0331331087ddd55f7c] RESPONSE FindChildElement {
   "element-6066-11e4-a52e-4f735466cecf": "f.FA7F9F0460E8C13CECE7AFB28C7D66DB.d.0C4AE97B349F22F0083DFBCECE0003F5.e.1112"
}
[1744521175.986][INFO]: [96366644e4e44a0331331087ddd55f7c] COMMAND GetElementText {
   "id": "f.FA7F9F0460E8C13CECE7AFB28C7D66DB.d.0C4AE97B349F22F0083DFBCECE0003F5.e.1112"
}
[1744521175.986][INFO]: Waiting for pending navigations...
[1744521175.988][INFO]: Done waiting for pending navigations. Status: ok
[1744521176.007][INFO]: Waiting for pending navigations...
[1744521176.008][INFO]: Done waiting for pending navigations. Status: ok
[1744521176.008][INFO]: [96366644e4e44a0331331087ddd55f7c] RESPONSE GetElementText "SAXAT Double Wall Vacuum Insulated Travel Coffee mug me..."
[1744521176.015][INFO]: [96366644e4e44a0331331087ddd55f7c] COMMAND FindChildElement {
   "id": "f.FA7F9F0460E8C13CECE7AFB28C7D66DB.d.0C4AE97B349F22F0083DFBCECE0003F5.e.1041",
   "using": "xpath",
   "value": ".//img[@class='DByuf4']"
}
[1744521176.015][INFO]: Waiting for pending navigations...
[1744521176.017][INFO]: Done waiting for pending navigations. Status: ok
[1744521176.035][INFO]: Waiting for pending navigations...
[1744521176.036][INFO]: Done waiting for pending navigations. Status: ok
[1744521176.036][INFO]: [96366644e4e44a0331331087ddd55f7c] RESPONSE FindChildElement {
   "element-6066-11e4-a52e-4f735466cecf": "f.FA7F9F0460E8C13CECE7AFB28C7D66DB.d.0C4AE97B349F22F0083DFBCECE0003F5.e.1113"
}
[1744521176.043][INFO]: [96366644e4e44a0331331087ddd55f7c] COMMAND ExecuteScript {
   "args": [ {
      "element-6066-11e4-a52e-4f735466cecf": "f.FA7F9F0460E8C13CECE7AFB28C7D66DB.d.0C4AE97B349F22F0083DFBCECE0003F5.e.1113"
   }, "src" ],
   "script": "/* getAttribute */return (function(){return (function(){var d=this||self;function f(a,b){function c(){}c.prototype=b.prototype;a.prototype=new c;a.prototype.constructor=a};var h=Array.prototype.indexOf?function(a,b){return Array.prototype.indexOf.call(a,b,void 0)}:function(a,b){if(\"string\"===typeof a)return\"string\"!==typeof b||1!=b.length?-1:a.indexOf(b,0);for(var c=0;c\u003Ca.length;c++)if(c in a&&a[c]===b)return c;return-1},k=Array.prototype.forEach?function(a,b){Array.prototype.forEach.call(a,b,void 0)}:function(a,b){for(var c=a.length,e=\"string\"===typeof a?a.split(\"\"):a,g=0;g\u003Cc;g++)g in e&&b.call(void 0,e[g],g,a)};function l(a,b){this.code=a;this.a=m[a]||n;this.message=b||\"\";a=this.a.replace(/((?:^|\\s+)[a-z])/g,function(c){return c.toUpperCase().replace(/^[\\s\\xa0]+/g,\"\")});b=a.length-5;if(0>b||a.indexOf(\"Error\",b)!=b)a+=\"Error\";this.name=a;a=Error(this.message);a.name=this.name;this.stack=a.stack||\"\"}f(l,Error);var n=\"unknown error\",m={15:\"element not selectable\",11:\"element not visible\"};m[31]=n;m[30]=n;m[24]=\"invalid cookie domain\";m[29]=\"invalid element coordinates\";m[12]=\"invalid element state\";m[32]=\"invalid selector\";\nm[51]=\"invalid selector\";m[52]=\"invalid selector\";m[17]=\"javascript error\";m[405]=\"unsupported operation\";m[34]=\"move target out of bounds\";m[27]=\"no such alert\";m[7]=\"no such element\";m[8]=\"no such frame\";m[23]=\"no such window\";m[28]=\"script timeout\";m[33]=\"session not created\";m[10]=\"stale element reference\";m[21]=\"timeout\";m[25]=\"unable to set cookie\";m[26]=\"unexpected alert open\";m[13]=n;m[9]=\"unknown command\";var p;a:{var q=d.navigator;if(q){var r=q.userAgent;if(r){p=r;break a}}p=\"\"}function t(a){return-1!=p.indexOf(a)};function u(){return t(\"Firefox\")||t(\"FxiOS\")}function v(){return(t(\"Chrome\")||t(\"CriOS\"))&&!t(\"Edge\")};function w(){return t(\"iPhone\")&&!t(\"iPod\")&&!t(\"iPad\")};var y=t(\"Opera\"),z=t(\"Trident\")||t(\"MSIE\"),A=t(\"Edge\"),B=t(\"Gecko\")&&!(-1!=p.toLowerCase().indexOf(\"webkit\")&&!t(\"Edge\"))&&!(t(\"Trident\")||t(\"MSIE\"))&&!t(\"Edge\"),C=-1!=p.toLowerCase().indexOf(\"webkit\")&&!t(\"Edge\");function D(){var a=d.document;return a?a.documentMode:void 0}var E;\na:{var F=\"\",G=function(){var a=p;if(B)return/rv:([^\\);]+)(\\)|;)/.exec(a);if(A)return/Edge\\/([\\d\\.]+)/.exec(a);if(z)return/\\b(?:MSIE|rv)[: ]([^\\);]+)(\\)|;)/.exec(a);if(C)return/WebKit\\/(\\S+)/.exec(a);if(y)return/(?:Version)[ \\/]?(\\S+)/.exec(a)}();G&&(F=G?G[1]:\"\");if(z){var H=D();if(null!=H&&H>parseFloat(F)){E=String(H);break a}}E=F}var I;I=d.document&&z?D():void 0;var J=u(),K=w()||t(\"iPod\"),L=t(\"iPad\"),M=t(\"Android\")&&!(v()||u()||t(\"Opera\")||t(\"Silk\")),N=v(),aa=t(\"Safari\")&&!(v()||t(\"Coast\")||t(\"Opera\")||t(\"Edge\")||t(\"Edg/\")||t(\"OPR\")||u()||t(\"Silk\")||t(\"Android\"))&&!(w()||t(\"iPad\")||t(\"iPod\"));function O(a){return(a=a.exec(p))?a[1]:\"\"}(function(){if(J)return O(/Firefox\\/([0-9.]+)/);if(z||A||y)return E;if(N)return w()||t(\"iPad\")||t(\"iPod\")?O(/CriOS\\/([0-9.]+)/):O(/Chrome\\/([0-9.]+)/);if(aa&&!(w()||t(\"iPad\")||t(\"iPod\")))return O(/Version\\/([0-9.]+)/);if(K||L){var a=/Version\\/(\\S+).*Mobile\\/(\\S+)/.exec(p);if(a)return a[1]+\".\"+a[2]}else if(M)return(a=O(/Android\\s+([0-9.]+)/))?a:O(/Version\\/([0-9.]+)/);return\"\"})();var P=z&&!(8\u003C=Number(I)),ba=z&&!(9\u003C=Number(I));var ca={SCRIPT:1,STYLE:1,HEAD:1,IFRAME:1,OBJECT:1},Q={IMG:\" \",BR:\"\\n\"};function R(a,b,c){if(!(a.nodeName in ca))if(3==a.nodeType)c?b.push(String(a.nodeValue).replace(/(\\r\\n|\\r|\\n)/g,\"\")):b.push(a.nodeValue);else if(a.nodeName in Q)b.push(Q[a.nodeName]);else for(a=a.firstChild;a;)R(a,b,c),a=a.nextSibling};function S(a,b){b=b.toLowerCase();return\"style\"==b?da(a.style.cssText):P&&\"value\"==b&&T(a,\"INPUT\")?a.value:ba&&!0===a[b]?String(a.getAttribute(b)):(a=a.getAttributeNode(b))&&a.specified?a.value:null}var ea=/[;]+(?=(?:(?:[^\"]*\"){2})*[^\"]*$)(?=(?:(?:[^']*'){2})*[^']*$)(?=(?:[^()]*\\([^()]*\\))*[^()]*$)/;\nfunction da(a){var b=[];k(a.split(ea),function(c){var e=c.indexOf(\":\");0\u003Ce&&(c=[c.slice(0,e),c.slice(e+1)],2==c.length&&b.push(c[0].toLowerCase(),\":\",c[1],\";\"))});b=b.join(\"\");return b=\";\"==b.charAt(b.length-1)?b:b+\";\"}function U(a,b){P&&\"value\"==b&&T(a,\"OPTION\")&&null===S(a,\"value\")?(b=[],R(a,b,!1),a=b.join(\"\")):a=a[b];return a}function T(a,b){b&&\"string\"!==typeof b&&(b=b.toString());return!!a&&1==a.nodeType&&(!b||a.tagName.toUpperCase()==b)}\nfunction V(a){return T(a,\"OPTION\")?!0:T(a,\"INPUT\")?(a=a.type.toLowerCase(),\"checkbox\"==a||\"radio\"==a):!1};var fa={\"class\":\"className\",readonly:\"readOnly\"},ha=\"allowfullscreen allowpaymentrequest allowusermedia async autofocus autoplay checked compact complete controls declare default defaultchecked defaultselected defer disabled ended formnovalidate hidden indeterminate iscontenteditable ismap itemscope loop multiple muted nohref nomodule noresize noshade novalidate nowrap open paused playsinline pubdate readonly required reversed scoped seamless seeking selected truespeed typemustmatch willvalidate\".split(\" \");function W(a,b){var c=null,e=b.toLowerCase();if(\"style\"==e)return(c=a.style)&&\"string\"!=typeof c&&(c=c.cssText),c;if((\"selected\"==e||\"checked\"==e)&&V(a)){if(!V(a))throw new l(15,\"Element is not selectable\");b=\"selected\";c=a.type&&a.type.toLowerCase();if(\"checkbox\"==c||\"radio\"==c)b=\"checked\";return U(a,b)?\"true\":null}var g=T(a,\"A\");if(T(a,\"IMG\")&&\"src\"==e||g&&\"href\"==e)return(c=S(a,e))&&(c=U(a,e)),c;if(\"spellcheck\"==e){c=S(a,e);if(null!==c){if(\"false\"==c.toLowerCase())return\"false\";if(\"true\"==c.toLowerCase())return\"true\"}return U(a,\ne)+\"\"}g=fa[b]||b;if(0\u003C=h(ha,e))return(c=null!==S(a,b)||U(a,g))?\"true\":null;try{var x=U(a,g)}catch(ia){}(e=null==x)||(e=typeof x,e=\"object\"==e&&null!=x||\"function\"==e);e?c=S(a,b):c=x;return null!=c?c.toString():null}var X=[\"_\"],Y=d;X[0]in Y||\"undefined\"==typeof Y.execScript||Y.execScript(\"var \"+X[0]);for(var Z;X.length&&(Z=X.shift());)X.length||void 0===W?Y[Z]&&Y[Z]!==Object.prototype[Z]?Y=Y[Z]:Y=Y[Z]={}:Y[Z]=W;; return this._.apply(null,arguments);}).apply({navigator:typeof window!='undefined'?window.navigator:null,document:typeof window!='undefined'?window.document:null}, arguments);}\n).apply(null, arguments);"
}
[1744521176.044][INFO]: Waiting for pending navigations...
[1744521176.045][INFO]: Done waiting for pending navigations. Status: ok
[1744521176.056][INFO]: Waiting for pending navigations...
[1744521176.057][INFO]: Done waiting for pending navigations. Status: ok
[1744521176.058][INFO]: [96366644e4e44a0331331087ddd55f7c] RESPONSE ExecuteScript "https://rukminim2.flixcart.com/image/612/612/xif0q/mug/c/3/t/double-wall-vacuum-insulated-travel-coffee-mug-men-women-500-1-original-imah7qzhkqfvgzyx.jpeg?q=70"
[1744521176.063][INFO]: [96366644e4e44a0331331087ddd55f7c] COMMAND FindChildElement {
   "id": "f.FA7F9F0460E8C13CECE7AFB28C7D66DB.d.0C4AE97B349F22F0083DFBCECE0003F5.e.1041",
   "using": "xpath",
   "value": ".//span[@class='Wphh3N']"
}
[1744521176.063][INFO]: Waiting for pending navigations...
[1744521176.064][INFO]: Done waiting for pending navigations. Status: ok
[1744521176.082][INFO]: Waiting for pending navigations...
[1744521176.083][INFO]: Done waiting for pending navigations. Status: ok
[1744521176.083][INFO]: [96366644e4e44a0331331087ddd55f7c] RESPONSE FindChildElement {
   "element-6066-11e4-a52e-4f735466cecf": "f.FA7F9F0460E8C13CECE7AFB28C7D66DB.d.0C4AE97B349F22F0083DFBCECE0003F5.e.1114"
}
[1744521176.088][INFO]: [96366644e4e44a0331331087ddd55f7c] COMMAND GetElementText {
   "id": "f.FA7F9F0460E8C13CECE7AFB28C7D66DB.d.0C4AE97B349F22F0083DFBCECE0003F5.e.1114"
}
[1744521176.088][INFO]: Waiting for pending navigations...
[1744521176.090][INFO]: Done waiting for pending navigations. Status: ok
[1744521176.106][INFO]: Waiting for pending navigations...
[1744521176.107][INFO]: Done waiting for pending navigations. Status: ok
[1744521176.107][INFO]: [96366644e4e44a0331331087ddd55f7c] RESPONSE GetElementText "(1,345)"
[1744521176.115][INFO]: [96366644e4e44a0331331087ddd55f7c] COMMAND FindChildElement {
   "id": "f.FA7F9F0460E8C13CECE7AFB28C7D66DB.d.0C4AE97B349F22F0083DFBCECE0003F5.e.1042",
   "using": "xpath",
   "value": ".//a[@class='wjcEIp']"
}
[1744521176.115][INFO]: Waiting for pending navigations...
[1744521176.117][INFO]: Done waiting for pending navigations. Status: ok
[1744521176.137][INFO]: Waiting for pending navigations...
[1744521176.139][INFO]: Done waiting for pending navigations. Status: ok
[1744521176.139][INFO]: [96366644e4e44a0331331087ddd55f7c] RESPONSE FindChildElement {
   "element-6066-11e4-a52e-4f735466cecf": "f.FA7F9F0460E8C13CECE7AFB28C7D66DB.d.0C4AE97B349F22F0083DFBCECE0003F5.e.1115"
}
[1744521176.143][INFO]: [96366644e4e44a0331331087ddd55f7c] COMMAND GetElementText {
   "id": "f.FA7F9F0460E8C13CECE7AFB28C7D66DB.d.0C4AE97B349F22F0083DFBCECE0003F5.e.1115"
}
[1744521176.144][INFO]: Waiting for pending navigations...
[1744521176.145][INFO]: Done waiting for pending navigations. Status: ok
[1744521176.162][INFO]: Waiting for pending navigations...
[1744521176.164][INFO]: Done waiting for pending navigations. Status: ok
[1744521176.164][INFO]: [96366644e4e44a0331331087ddd55f7c] RESPONSE GetElementText "Thiwa Double Wall Stainless Steel Tea Coffee Solid Morn..."
[1744521176.169][INFO]: [96366644e4e44a0331331087ddd55f7c] COMMAND FindChildElement {
   "id": "f.FA7F9F0460E8C13CECE7AFB28C7D66DB.d.0C4AE97B349F22F0083DFBCECE0003F5.e.1042",
   "using": "xpath",
   "value": ".//img[@class='DByuf4']"
}
[1744521176.169][INFO]: Waiting for pending navigations...
[1744521176.170][INFO]: Done waiting for pending navigations. Status: ok
[1744521176.186][INFO]: Waiting for pending navigations...
[1744521176.188][INFO]: Done waiting for pending navigations. Status: ok
[1744521176.188][INFO]: [96366644e4e44a0331331087ddd55f7c] RESPONSE FindChildElement {
   "element-6066-11e4-a52e-4f735466cecf": "f.FA7F9F0460E8C13CECE7AFB28C7D66DB.d.0C4AE97B349F22F0083DFBCECE0003F5.e.1116"
}
[1744521176.194][INFO]: [96366644e4e44a0331331087ddd55f7c] COMMAND ExecuteScript {
   "args": [ {
      "element-6066-11e4-a52e-4f735466cecf": "f.FA7F9F0460E8C13CECE7AFB28C7D66DB.d.0C4AE97B349F22F0083DFBCECE0003F5.e.1116"
   }, "src" ],
   "script": "/* getAttribute */return (function(){return (function(){var d=this||self;function f(a,b){function c(){}c.prototype=b.prototype;a.prototype=new c;a.prototype.constructor=a};var h=Array.prototype.indexOf?function(a,b){return Array.prototype.indexOf.call(a,b,void 0)}:function(a,b){if(\"string\"===typeof a)return\"string\"!==typeof b||1!=b.length?-1:a.indexOf(b,0);for(var c=0;c\u003Ca.length;c++)if(c in a&&a[c]===b)return c;return-1},k=Array.prototype.forEach?function(a,b){Array.prototype.forEach.call(a,b,void 0)}:function(a,b){for(var c=a.length,e=\"string\"===typeof a?a.split(\"\"):a,g=0;g\u003Cc;g++)g in e&&b.call(void 0,e[g],g,a)};function l(a,b){this.code=a;this.a=m[a]||n;this.message=b||\"\";a=this.a.replace(/((?:^|\\s+)[a-z])/g,function(c){return c.toUpperCase().replace(/^[\\s\\xa0]+/g,\"\")});b=a.length-5;if(0>b||a.indexOf(\"Error\",b)!=b)a+=\"Error\";this.name=a;a=Error(this.message);a.name=this.name;this.stack=a.stack||\"\"}f(l,Error);var n=\"unknown error\",m={15:\"element not selectable\",11:\"element not visible\"};m[31]=n;m[30]=n;m[24]=\"invalid cookie domain\";m[29]=\"invalid element coordinates\";m[12]=\"invalid element state\";m[32]=\"invalid selector\";\nm[51]=\"invalid selector\";m[52]=\"invalid selector\";m[17]=\"javascript error\";m[405]=\"unsupported operation\";m[34]=\"move target out of bounds\";m[27]=\"no such alert\";m[7]=\"no such element\";m[8]=\"no such frame\";m[23]=\"no such window\";m[28]=\"script timeout\";m[33]=\"session not created\";m[10]=\"stale element reference\";m[21]=\"timeout\";m[25]=\"unable to set cookie\";m[26]=\"unexpected alert open\";m[13]=n;m[9]=\"unknown command\";var p;a:{var q=d.navigator;if(q){var r=q.userAgent;if(r){p=r;break a}}p=\"\"}function t(a){return-1!=p.indexOf(a)};function u(){return t(\"Firefox\")||t(\"FxiOS\")}function v(){return(t(\"Chrome\")||t(\"CriOS\"))&&!t(\"Edge\")};function w(){return t(\"iPhone\")&&!t(\"iPod\")&&!t(\"iPad\")};var y=t(\"Opera\"),z=t(\"Trident\")||t(\"MSIE\"),A=t(\"Edge\"),B=t(\"Gecko\")&&!(-1!=p.toLowerCase().indexOf(\"webkit\")&&!t(\"Edge\"))&&!(t(\"Trident\")||t(\"MSIE\"))&&!t(\"Edge\"),C=-1!=p.toLowerCase().indexOf(\"webkit\")&&!t(\"Edge\");function D(){var a=d.document;return a?a.documentMode:void 0}var E;\na:{var F=\"\",G=function(){var a=p;if(B)return/rv:([^\\);]+)(\\)|;)/.exec(a);if(A)return/Edge\\/([\\d\\.]+)/.exec(a);if(z)return/\\b(?:MSIE|rv)[: ]([^\\);]+)(\\)|;)/.exec(a);if(C)return/WebKit\\/(\\S+)/.exec(a);if(y)return/(?:Version)[ \\/]?(\\S+)/.exec(a)}();G&&(F=G?G[1]:\"\");if(z){var H=D();if(null!=H&&H>parseFloat(F)){E=String(H);break a}}E=F}var I;I=d.document&&z?D():void 0;var J=u(),K=w()||t(\"iPod\"),L=t(\"iPad\"),M=t(\"Android\")&&!(v()||u()||t(\"Opera\")||t(\"Silk\")),N=v(),aa=t(\"Safari\")&&!(v()||t(\"Coast\")||t(\"Opera\")||t(\"Edge\")||t(\"Edg/\")||t(\"OPR\")||u()||t(\"Silk\")||t(\"Android\"))&&!(w()||t(\"iPad\")||t(\"iPod\"));function O(a){return(a=a.exec(p))?a[1]:\"\"}(function(){if(J)return O(/Firefox\\/([0-9.]+)/);if(z||A||y)return E;if(N)return w()||t(\"iPad\")||t(\"iPod\")?O(/CriOS\\/([0-9.]+)/):O(/Chrome\\/([0-9.]+)/);if(aa&&!(w()||t(\"iPad\")||t(\"iPod\")))return O(/Version\\/([0-9.]+)/);if(K||L){var a=/Version\\/(\\S+).*Mobile\\/(\\S+)/.exec(p);if(a)return a[1]+\".\"+a[2]}else if(M)return(a=O(/Android\\s+([0-9.]+)/))?a:O(/Version\\/([0-9.]+)/);return\"\"})();var P=z&&!(8\u003C=Number(I)),ba=z&&!(9\u003C=Number(I));var ca={SCRIPT:1,STYLE:1,HEAD:1,IFRAME:1,OBJECT:1},Q={IMG:\" \",BR:\"\\n\"};function R(a,b,c){if(!(a.nodeName in ca))if(3==a.nodeType)c?b.push(String(a.nodeValue).replace(/(\\r\\n|\\r|\\n)/g,\"\")):b.push(a.nodeValue);else if(a.nodeName in Q)b.push(Q[a.nodeName]);else for(a=a.firstChild;a;)R(a,b,c),a=a.nextSibling};function S(a,b){b=b.toLowerCase();return\"style\"==b?da(a.style.cssText):P&&\"value\"==b&&T(a,\"INPUT\")?a.value:ba&&!0===a[b]?String(a.getAttribute(b)):(a=a.getAttributeNode(b))&&a.specified?a.value:null}var ea=/[;]+(?=(?:(?:[^\"]*\"){2})*[^\"]*$)(?=(?:(?:[^']*'){2})*[^']*$)(?=(?:[^()]*\\([^()]*\\))*[^()]*$)/;\nfunction da(a){var b=[];k(a.split(ea),function(c){var e=c.indexOf(\":\");0\u003Ce&&(c=[c.slice(0,e),c.slice(e+1)],2==c.length&&b.push(c[0].toLowerCase(),\":\",c[1],\";\"))});b=b.join(\"\");return b=\";\"==b.charAt(b.length-1)?b:b+\";\"}function U(a,b){P&&\"value\"==b&&T(a,\"OPTION\")&&null===S(a,\"value\")?(b=[],R(a,b,!1),a=b.join(\"\")):a=a[b];return a}function T(a,b){b&&\"string\"!==typeof b&&(b=b.toString());return!!a&&1==a.nodeType&&(!b||a.tagName.toUpperCase()==b)}\nfunction V(a){return T(a,\"OPTION\")?!0:T(a,\"INPUT\")?(a=a.type.toLowerCase(),\"checkbox\"==a||\"radio\"==a):!1};var fa={\"class\":\"className\",readonly:\"readOnly\"},ha=\"allowfullscreen allowpaymentrequest allowusermedia async autofocus autoplay checked compact complete controls declare default defaultchecked defaultselected defer disabled ended formnovalidate hidden indeterminate iscontenteditable ismap itemscope loop multiple muted nohref nomodule noresize noshade novalidate nowrap open paused playsinline pubdate readonly required reversed scoped seamless seeking selected truespeed typemustmatch willvalidate\".split(\" \");function W(a,b){var c=null,e=b.toLowerCase();if(\"style\"==e)return(c=a.style)&&\"string\"!=typeof c&&(c=c.cssText),c;if((\"selected\"==e||\"checked\"==e)&&V(a)){if(!V(a))throw new l(15,\"Element is not selectable\");b=\"selected\";c=a.type&&a.type.toLowerCase();if(\"checkbox\"==c||\"radio\"==c)b=\"checked\";return U(a,b)?\"true\":null}var g=T(a,\"A\");if(T(a,\"IMG\")&&\"src\"==e||g&&\"href\"==e)return(c=S(a,e))&&(c=U(a,e)),c;if(\"spellcheck\"==e){c=S(a,e);if(null!==c){if(\"false\"==c.toLowerCase())return\"false\";if(\"true\"==c.toLowerCase())return\"true\"}return U(a,\ne)+\"\"}g=fa[b]||b;if(0\u003C=h(ha,e))return(c=null!==S(a,b)||U(a,g))?\"true\":null;try{var x=U(a,g)}catch(ia){}(e=null==x)||(e=typeof x,e=\"object\"==e&&null!=x||\"function\"==e);e?c=S(a,b):c=x;return null!=c?c.toString():null}var X=[\"_\"],Y=d;X[0]in Y||\"undefined\"==typeof Y.execScript||Y.execScript(\"var \"+X[0]);for(var Z;X.length&&(Z=X.shift());)X.length||void 0===W?Y[Z]&&Y[Z]!==Object.prototype[Z]?Y=Y[Z]:Y=Y[Z]={}:Y[Z]=W;; return this._.apply(null,arguments);}).apply({navigator:typeof window!='undefined'?window.navigator:null,document:typeof window!='undefined'?window.document:null}, arguments);}\n).apply(null, arguments);"
}
[1744521176.194][INFO]: Waiting for pending navigations...
[1744521176.196][INFO]: Done waiting for pending navigations. Status: ok
[1744521176.211][INFO]: Waiting for pending navigations...
[1744521176.213][INFO]: Done waiting for pending navigations. Status: ok
[1744521176.213][INFO]: [96366644e4e44a0331331087ddd55f7c] RESPONSE ExecuteScript "https://rukminim2.flixcart.com/image/612/612/xif0q/mug/w/b/t/double-wall-stainless-steel-tea-coffee-mug-solid-morning-use-original-imah4bykrxh2veez.jpeg?q=70"
[1744521176.218][INFO]: [96366644e4e44a0331331087ddd55f7c] COMMAND FindChildElement {
   "id": "f.FA7F9F0460E8C13CECE7AFB28C7D66DB.d.0C4AE97B349F22F0083DFBCECE0003F5.e.1042",
   "using": "xpath",
   "value": ".//span[@class='Wphh3N']"
}
[1744521176.219][INFO]: Waiting for pending navigations...
[1744521176.220][INFO]: Done waiting for pending navigations. Status: ok
[1744521176.236][INFO]: Waiting for pending navigations...
[1744521176.238][INFO]: Done waiting for pending navigations. Status: ok
[1744521176.238][INFO]: [96366644e4e44a0331331087ddd55f7c] RESPONSE FindChildElement {
   "element-6066-11e4-a52e-4f735466cecf": "f.FA7F9F0460E8C13CECE7AFB28C7D66DB.d.0C4AE97B349F22F0083DFBCECE0003F5.e.1117"
}
[1744521176.242][INFO]: [96366644e4e44a0331331087ddd55f7c] COMMAND GetElementText {
   "id": "f.FA7F9F0460E8C13CECE7AFB28C7D66DB.d.0C4AE97B349F22F0083DFBCECE0003F5.e.1117"
}
[1744521176.242][INFO]: Waiting for pending navigations...
[1744521176.244][INFO]: Done waiting for pending navigations. Status: ok
[1744521176.260][INFO]: Waiting for pending navigations...
[1744521176.261][INFO]: Done waiting for pending navigations. Status: ok
[1744521176.262][INFO]: [96366644e4e44a0331331087ddd55f7c] RESPONSE GetElementText "(1,885)"
[1744521176.266][INFO]: [96366644e4e44a0331331087ddd55f7c] COMMAND FindChildElement {
   "id": "f.FA7F9F0460E8C13CECE7AFB28C7D66DB.d.0C4AE97B349F22F0083DFBCECE0003F5.e.1043",
   "using": "xpath",
   "value": ".//a[@class='wjcEIp']"
}
[1744521176.266][INFO]: Waiting for pending navigations...
[1744521176.268][INFO]: Done waiting for pending navigations. Status: ok
[1744521176.284][INFO]: Waiting for pending navigations...
[1744521176.286][INFO]: Done waiting for pending navigations. Status: ok
[1744521176.286][INFO]: [96366644e4e44a0331331087ddd55f7c] RESPONSE FindChildElement {
   "element-6066-11e4-a52e-4f735466cecf": "f.FA7F9F0460E8C13CECE7AFB28C7D66DB.d.0C4AE97B349F22F0083DFBCECE0003F5.e.1118"
}
[1744521176.290][INFO]: [96366644e4e44a0331331087ddd55f7c] COMMAND GetElementText {
   "id": "f.FA7F9F0460E8C13CECE7AFB28C7D66DB.d.0C4AE97B349F22F0083DFBCECE0003F5.e.1118"
}
[1744521176.290][INFO]: Waiting for pending navigations...
[1744521176.292][INFO]: Done waiting for pending navigations. Status: ok
[1744521176.308][INFO]: Waiting for pending navigations...
[1744521176.310][INFO]: Done waiting for pending navigations. Status: ok
[1744521176.310][INFO]: [96366644e4e44a0331331087ddd55f7c] RESPONSE GetElementText "Adhunyk jumbo mug with handle for tea, coffee, juice, w..."
[1744521176.314][INFO]: [96366644e4e44a0331331087ddd55f7c] COMMAND FindChildElement {
   "id": "f.FA7F9F0460E8C13CECE7AFB28C7D66DB.d.0C4AE97B349F22F0083DFBCECE0003F5.e.1043",
   "using": "xpath",
   "value": ".//img[@class='DByuf4']"
}
[1744521176.314][INFO]: Waiting for pending navigations...
[1744521176.316][INFO]: Done waiting for pending navigations. Status: ok
[1744521176.332][INFO]: Waiting for pending navigations...
[1744521176.334][INFO]: Done waiting for pending navigations. Status: ok
[1744521176.334][INFO]: [96366644e4e44a0331331087ddd55f7c] RESPONSE FindChildElement {
   "element-6066-11e4-a52e-4f735466cecf": "f.FA7F9F0460E8C13CECE7AFB28C7D66DB.d.0C4AE97B349F22F0083DFBCECE0003F5.e.1119"
}
[1744521176.339][INFO]: [96366644e4e44a0331331087ddd55f7c] COMMAND ExecuteScript {
   "args": [ {
      "element-6066-11e4-a52e-4f735466cecf": "f.FA7F9F0460E8C13CECE7AFB28C7D66DB.d.0C4AE97B349F22F0083DFBCECE0003F5.e.1119"
   }, "src" ],
   "script": "/* getAttribute */return (function(){return (function(){var d=this||self;function f(a,b){function c(){}c.prototype=b.prototype;a.prototype=new c;a.prototype.constructor=a};var h=Array.prototype.indexOf?function(a,b){return Array.prototype.indexOf.call(a,b,void 0)}:function(a,b){if(\"string\"===typeof a)return\"string\"!==typeof b||1!=b.length?-1:a.indexOf(b,0);for(var c=0;c\u003Ca.length;c++)if(c in a&&a[c]===b)return c;return-1},k=Array.prototype.forEach?function(a,b){Array.prototype.forEach.call(a,b,void 0)}:function(a,b){for(var c=a.length,e=\"string\"===typeof a?a.split(\"\"):a,g=0;g\u003Cc;g++)g in e&&b.call(void 0,e[g],g,a)};function l(a,b){this.code=a;this.a=m[a]||n;this.message=b||\"\";a=this.a.replace(/((?:^|\\s+)[a-z])/g,function(c){return c.toUpperCase().replace(/^[\\s\\xa0]+/g,\"\")});b=a.length-5;if(0>b||a.indexOf(\"Error\",b)!=b)a+=\"Error\";this.name=a;a=Error(this.message);a.name=this.name;this.stack=a.stack||\"\"}f(l,Error);var n=\"unknown error\",m={15:\"element not selectable\",11:\"element not visible\"};m[31]=n;m[30]=n;m[24]=\"invalid cookie domain\";m[29]=\"invalid element coordinates\";m[12]=\"invalid element state\";m[32]=\"invalid selector\";\nm[51]=\"invalid selector\";m[52]=\"invalid selector\";m[17]=\"javascript error\";m[405]=\"unsupported operation\";m[34]=\"move target out of bounds\";m[27]=\"no such alert\";m[7]=\"no such element\";m[8]=\"no such frame\";m[23]=\"no such window\";m[28]=\"script timeout\";m[33]=\"session not created\";m[10]=\"stale element reference\";m[21]=\"timeout\";m[25]=\"unable to set cookie\";m[26]=\"unexpected alert open\";m[13]=n;m[9]=\"unknown command\";var p;a:{var q=d.navigator;if(q){var r=q.userAgent;if(r){p=r;break a}}p=\"\"}function t(a){return-1!=p.indexOf(a)};function u(){return t(\"Firefox\")||t(\"FxiOS\")}function v(){return(t(\"Chrome\")||t(\"CriOS\"))&&!t(\"Edge\")};function w(){return t(\"iPhone\")&&!t(\"iPod\")&&!t(\"iPad\")};var y=t(\"Opera\"),z=t(\"Trident\")||t(\"MSIE\"),A=t(\"Edge\"),B=t(\"Gecko\")&&!(-1!=p.toLowerCase().indexOf(\"webkit\")&&!t(\"Edge\"))&&!(t(\"Trident\")||t(\"MSIE\"))&&!t(\"Edge\"),C=-1!=p.toLowerCase().indexOf(\"webkit\")&&!t(\"Edge\");function D(){var a=d.document;return a?a.documentMode:void 0}var E;\na:{var F=\"\",G=function(){var a=p;if(B)return/rv:([^\\);]+)(\\)|;)/.exec(a);if(A)return/Edge\\/([\\d\\.]+)/.exec(a);if(z)return/\\b(?:MSIE|rv)[: ]([^\\);]+)(\\)|;)/.exec(a);if(C)return/WebKit\\/(\\S+)/.exec(a);if(y)return/(?:Version)[ \\/]?(\\S+)/.exec(a)}();G&&(F=G?G[1]:\"\");if(z){var H=D();if(null!=H&&H>parseFloat(F)){E=String(H);break a}}E=F}var I;I=d.document&&z?D():void 0;var J=u(),K=w()||t(\"iPod\"),L=t(\"iPad\"),M=t(\"Android\")&&!(v()||u()||t(\"Opera\")||t(\"Silk\")),N=v(),aa=t(\"Safari\")&&!(v()||t(\"Coast\")||t(\"Opera\")||t(\"Edge\")||t(\"Edg/\")||t(\"OPR\")||u()||t(\"Silk\")||t(\"Android\"))&&!(w()||t(\"iPad\")||t(\"iPod\"));function O(a){return(a=a.exec(p))?a[1]:\"\"}(function(){if(J)return O(/Firefox\\/([0-9.]+)/);if(z||A||y)return E;if(N)return w()||t(\"iPad\")||t(\"iPod\")?O(/CriOS\\/([0-9.]+)/):O(/Chrome\\/([0-9.]+)/);if(aa&&!(w()||t(\"iPad\")||t(\"iPod\")))return O(/Version\\/([0-9.]+)/);if(K||L){var a=/Version\\/(\\S+).*Mobile\\/(\\S+)/.exec(p);if(a)return a[1]+\".\"+a[2]}else if(M)return(a=O(/Android\\s+([0-9.]+)/))?a:O(/Version\\/([0-9.]+)/);return\"\"})();var P=z&&!(8\u003C=Number(I)),ba=z&&!(9\u003C=Number(I));var ca={SCRIPT:1,STYLE:1,HEAD:1,IFRAME:1,OBJECT:1},Q={IMG:\" \",BR:\"\\n\"};function R(a,b,c){if(!(a.nodeName in ca))if(3==a.nodeType)c?b.push(String(a.nodeValue).replace(/(\\r\\n|\\r|\\n)/g,\"\")):b.push(a.nodeValue);else if(a.nodeName in Q)b.push(Q[a.nodeName]);else for(a=a.firstChild;a;)R(a,b,c),a=a.nextSibling};function S(a,b){b=b.toLowerCase();return\"style\"==b?da(a.style.cssText):P&&\"value\"==b&&T(a,\"INPUT\")?a.value:ba&&!0===a[b]?String(a.getAttribute(b)):(a=a.getAttributeNode(b))&&a.specified?a.value:null}var ea=/[;]+(?=(?:(?:[^\"]*\"){2})*[^\"]*$)(?=(?:(?:[^']*'){2})*[^']*$)(?=(?:[^()]*\\([^()]*\\))*[^()]*$)/;\nfunction da(a){var b=[];k(a.split(ea),function(c){var e=c.indexOf(\":\");0\u003Ce&&(c=[c.slice(0,e),c.slice(e+1)],2==c.length&&b.push(c[0].toLowerCase(),\":\",c[1],\";\"))});b=b.join(\"\");return b=\";\"==b.charAt(b.length-1)?b:b+\";\"}function U(a,b){P&&\"value\"==b&&T(a,\"OPTION\")&&null===S(a,\"value\")?(b=[],R(a,b,!1),a=b.join(\"\")):a=a[b];return a}function T(a,b){b&&\"string\"!==typeof b&&(b=b.toString());return!!a&&1==a.nodeType&&(!b||a.tagName.toUpperCase()==b)}\nfunction V(a){return T(a,\"OPTION\")?!0:T(a,\"INPUT\")?(a=a.type.toLowerCase(),\"checkbox\"==a||\"radio\"==a):!1};var fa={\"class\":\"className\",readonly:\"readOnly\"},ha=\"allowfullscreen allowpaymentrequest allowusermedia async autofocus autoplay checked compact complete controls declare default defaultchecked defaultselected defer disabled ended formnovalidate hidden indeterminate iscontenteditable ismap itemscope loop multiple muted nohref nomodule noresize noshade novalidate nowrap open paused playsinline pubdate readonly required reversed scoped seamless seeking selected truespeed typemustmatch willvalidate\".split(\" \");function W(a,b){var c=null,e=b.toLowerCase();if(\"style\"==e)return(c=a.style)&&\"string\"!=typeof c&&(c=c.cssText),c;if((\"selected\"==e||\"checked\"==e)&&V(a)){if(!V(a))throw new l(15,\"Element is not selectable\");b=\"selected\";c=a.type&&a.type.toLowerCase();if(\"checkbox\"==c||\"radio\"==c)b=\"checked\";return U(a,b)?\"true\":null}var g=T(a,\"A\");if(T(a,\"IMG\")&&\"src\"==e||g&&\"href\"==e)return(c=S(a,e))&&(c=U(a,e)),c;if(\"spellcheck\"==e){c=S(a,e);if(null!==c){if(\"false\"==c.toLowerCase())return\"false\";if(\"true\"==c.toLowerCase())return\"true\"}return U(a,\ne)+\"\"}g=fa[b]||b;if(0\u003C=h(ha,e))return(c=null!==S(a,b)||U(a,g))?\"true\":null;try{var x=U(a,g)}catch(ia){}(e=null==x)||(e=typeof x,e=\"object\"==e&&null!=x||\"function\"==e);e?c=S(a,b):c=x;return null!=c?c.toString():null}var X=[\"_\"],Y=d;X[0]in Y||\"undefined\"==typeof Y.execScript||Y.execScript(\"var \"+X[0]);for(var Z;X.length&&(Z=X.shift());)X.length||void 0===W?Y[Z]&&Y[Z]!==Object.prototype[Z]?Y=Y[Z]:Y=Y[Z]={}:Y[Z]=W;; return this._.apply(null,arguments);}).apply({navigator:typeof window!='undefined'?window.navigator:null,document:typeof window!='undefined'?window.document:null}, arguments);}\n).apply(null, arguments);"
}
[1744521176.340][INFO]: Waiting for pending navigations...
[1744521176.341][INFO]: Done waiting for pending navigations. Status: ok
[1744521176.351][INFO]: Waiting for pending navigations...
[1744521176.353][INFO]: Done waiting for pending navigations. Status: ok
[1744521176.353][INFO]: [96366644e4e44a0331331087ddd55f7c] RESPONSE ExecuteScript "https://rukminim2.flixcart.com/image/612/612/xif0q/cup-saucer/l/6/i/jumbo-tea-cup-with-handle-for-juice-mug-coffee-mug-milk-mug-etc-original-imagpncmfcbamq3y.jpeg?q=70"
[1744521176.357][INFO]: [96366644e4e44a0331331087ddd55f7c] COMMAND FindChildElement {
   "id": "f.FA7F9F0460E8C13CECE7AFB28C7D66DB.d.0C4AE97B349F22F0083DFBCECE0003F5.e.1043",
   "using": "xpath",
   "value": ".//span[@class='Wphh3N']"
}
[1744521176.358][INFO]: Waiting for pending navigations...
[1744521176.359][INFO]: Done waiting for pending navigations. Status: ok
[1744521176.376][INFO]: Waiting for pending navigations...
[1744521176.378][INFO]: Done waiting for pending navigations. Status: ok
[1744521176.378][INFO]: [96366644e4e44a0331331087ddd55f7c] RESPONSE FindChildElement {
   "element-6066-11e4-a52e-4f735466cecf": "f.FA7F9F0460E8C13CECE7AFB28C7D66DB.d.0C4AE97B349F22F0083DFBCECE0003F5.e.1120"
}
[1744521176.382][INFO]: [96366644e4e44a0331331087ddd55f7c] COMMAND GetElementText {
   "id": "f.FA7F9F0460E8C13CECE7AFB28C7D66DB.d.0C4AE97B349F22F0083DFBCECE0003F5.e.1120"
}
[1744521176.382][INFO]: Waiting for pending navigations...
[1744521176.384][INFO]: Done waiting for pending navigations. Status: ok
[1744521176.401][INFO]: Waiting for pending navigations...
[1744521176.403][INFO]: Done waiting for pending navigations. Status: ok
[1744521176.403][INFO]: [96366644e4e44a0331331087ddd55f7c] RESPONSE GetElementText "(144)"
[1744521176.407][INFO]: [96366644e4e44a0331331087ddd55f7c] COMMAND FindChildElement {
   "id": "f.FA7F9F0460E8C13CECE7AFB28C7D66DB.d.0C4AE97B349F22F0083DFBCECE0003F5.e.1044",
   "using": "xpath",
   "value": ".//a[@class='wjcEIp']"
}
[1744521176.407][INFO]: Waiting for pending navigations...
[1744521176.409][INFO]: Done waiting for pending navigations. Status: ok
[1744521176.426][INFO]: Waiting for pending navigations...
[1744521176.428][INFO]: Done waiting for pending navigations. Status: ok
[1744521176.428][INFO]: [96366644e4e44a0331331087ddd55f7c] RESPONSE FindChildElement {
   "element-6066-11e4-a52e-4f735466cecf": "f.FA7F9F0460E8C13CECE7AFB28C7D66DB.d.0C4AE97B349F22F0083DFBCECE0003F5.e.989"
}
[1744521176.432][INFO]: [96366644e4e44a0331331087ddd55f7c] COMMAND GetElementText {
   "id": "f.FA7F9F0460E8C13CECE7AFB28C7D66DB.d.0C4AE97B349F22F0083DFBCECE0003F5.e.989"
}
[1744521176.432][INFO]: Waiting for pending navigations...
[1744521176.434][INFO]: Done waiting for pending navigations. Status: ok
[1744521176.453][INFO]: Waiting for pending navigations...
[1744521176.454][INFO]: Done waiting for pending navigations. Status: ok
[1744521176.455][INFO]: [96366644e4e44a0331331087ddd55f7c] RESPONSE GetElementText "MAGICSPOON Stainless Steel Coffee with Lid (300 ml) (Pa..."
[1744521176.459][INFO]: [96366644e4e44a0331331087ddd55f7c] COMMAND FindChildElement {
   "id": "f.FA7F9F0460E8C13CECE7AFB28C7D66DB.d.0C4AE97B349F22F0083DFBCECE0003F5.e.1044",
   "using": "xpath",
   "value": ".//img[@class='DByuf4']"
}
[1744521176.459][INFO]: Waiting for pending navigations...
[1744521176.461][INFO]: Done waiting for pending navigations. Status: ok
[1744521176.478][INFO]: Waiting for pending navigations...
[1744521176.479][INFO]: Done waiting for pending navigations. Status: ok
[1744521176.479][INFO]: [96366644e4e44a0331331087ddd55f7c] RESPONSE FindChildElement {
   "element-6066-11e4-a52e-4f735466cecf": "f.FA7F9F0460E8C13CECE7AFB28C7D66DB.d.0C4AE97B349F22F0083DFBCECE0003F5.e.1121"
}
[1744521176.485][INFO]: [96366644e4e44a0331331087ddd55f7c] COMMAND ExecuteScript {
   "args": [ {
      "element-6066-11e4-a52e-4f735466cecf": "f.FA7F9F0460E8C13CECE7AFB28C7D66DB.d.0C4AE97B349F22F0083DFBCECE0003F5.e.1121"
   }, "src" ],
   "script": "/* getAttribute */return (function(){return (function(){var d=this||self;function f(a,b){function c(){}c.prototype=b.prototype;a.prototype=new c;a.prototype.constructor=a};var h=Array.prototype.indexOf?function(a,b){return Array.prototype.indexOf.call(a,b,void 0)}:function(a,b){if(\"string\"===typeof a)return\"string\"!==typeof b||1!=b.length?-1:a.indexOf(b,0);for(var c=0;c\u003Ca.length;c++)if(c in a&&a[c]===b)return c;return-1},k=Array.prototype.forEach?function(a,b){Array.prototype.forEach.call(a,b,void 0)}:function(a,b){for(var c=a.length,e=\"string\"===typeof a?a.split(\"\"):a,g=0;g\u003Cc;g++)g in e&&b.call(void 0,e[g],g,a)};function l(a,b){this.code=a;this.a=m[a]||n;this.message=b||\"\";a=this.a.replace(/((?:^|\\s+)[a-z])/g,function(c){return c.toUpperCase().replace(/^[\\s\\xa0]+/g,\"\")});b=a.length-5;if(0>b||a.indexOf(\"Error\",b)!=b)a+=\"Error\";this.name=a;a=Error(this.message);a.name=this.name;this.stack=a.stack||\"\"}f(l,Error);var n=\"unknown error\",m={15:\"element not selectable\",11:\"element not visible\"};m[31]=n;m[30]=n;m[24]=\"invalid cookie domain\";m[29]=\"invalid element coordinates\";m[12]=\"invalid element state\";m[32]=\"invalid selector\";\nm[51]=\"invalid selector\";m[52]=\"invalid selector\";m[17]=\"javascript error\";m[405]=\"unsupported operation\";m[34]=\"move target out of bounds\";m[27]=\"no such alert\";m[7]=\"no such element\";m[8]=\"no such frame\";m[23]=\"no such window\";m[28]=\"script timeout\";m[33]=\"session not created\";m[10]=\"stale element reference\";m[21]=\"timeout\";m[25]=\"unable to set cookie\";m[26]=\"unexpected alert open\";m[13]=n;m[9]=\"unknown command\";var p;a:{var q=d.navigator;if(q){var r=q.userAgent;if(r){p=r;break a}}p=\"\"}function t(a){return-1!=p.indexOf(a)};function u(){return t(\"Firefox\")||t(\"FxiOS\")}function v(){return(t(\"Chrome\")||t(\"CriOS\"))&&!t(\"Edge\")};function w(){return t(\"iPhone\")&&!t(\"iPod\")&&!t(\"iPad\")};var y=t(\"Opera\"),z=t(\"Trident\")||t(\"MSIE\"),A=t(\"Edge\"),B=t(\"Gecko\")&&!(-1!=p.toLowerCase().indexOf(\"webkit\")&&!t(\"Edge\"))&&!(t(\"Trident\")||t(\"MSIE\"))&&!t(\"Edge\"),C=-1!=p.toLowerCase().indexOf(\"webkit\")&&!t(\"Edge\");function D(){var a=d.document;return a?a.documentMode:void 0}var E;\na:{var F=\"\",G=function(){var a=p;if(B)return/rv:([^\\);]+)(\\)|;)/.exec(a);if(A)return/Edge\\/([\\d\\.]+)/.exec(a);if(z)return/\\b(?:MSIE|rv)[: ]([^\\);]+)(\\)|;)/.exec(a);if(C)return/WebKit\\/(\\S+)/.exec(a);if(y)return/(?:Version)[ \\/]?(\\S+)/.exec(a)}();G&&(F=G?G[1]:\"\");if(z){var H=D();if(null!=H&&H>parseFloat(F)){E=String(H);break a}}E=F}var I;I=d.document&&z?D():void 0;var J=u(),K=w()||t(\"iPod\"),L=t(\"iPad\"),M=t(\"Android\")&&!(v()||u()||t(\"Opera\")||t(\"Silk\")),N=v(),aa=t(\"Safari\")&&!(v()||t(\"Coast\")||t(\"Opera\")||t(\"Edge\")||t(\"Edg/\")||t(\"OPR\")||u()||t(\"Silk\")||t(\"Android\"))&&!(w()||t(\"iPad\")||t(\"iPod\"));function O(a){return(a=a.exec(p))?a[1]:\"\"}(function(){if(J)return O(/Firefox\\/([0-9.]+)/);if(z||A||y)return E;if(N)return w()||t(\"iPad\")||t(\"iPod\")?O(/CriOS\\/([0-9.]+)/):O(/Chrome\\/([0-9.]+)/);if(aa&&!(w()||t(\"iPad\")||t(\"iPod\")))return O(/Version\\/([0-9.]+)/);if(K||L){var a=/Version\\/(\\S+).*Mobile\\/(\\S+)/.exec(p);if(a)return a[1]+\".\"+a[2]}else if(M)return(a=O(/Android\\s+([0-9.]+)/))?a:O(/Version\\/([0-9.]+)/);return\"\"})();var P=z&&!(8\u003C=Number(I)),ba=z&&!(9\u003C=Number(I));var ca={SCRIPT:1,STYLE:1,HEAD:1,IFRAME:1,OBJECT:1},Q={IMG:\" \",BR:\"\\n\"};function R(a,b,c){if(!(a.nodeName in ca))if(3==a.nodeType)c?b.push(String(a.nodeValue).replace(/(\\r\\n|\\r|\\n)/g,\"\")):b.push(a.nodeValue);else if(a.nodeName in Q)b.push(Q[a.nodeName]);else for(a=a.firstChild;a;)R(a,b,c),a=a.nextSibling};function S(a,b){b=b.toLowerCase();return\"style\"==b?da(a.style.cssText):P&&\"value\"==b&&T(a,\"INPUT\")?a.value:ba&&!0===a[b]?String(a.getAttribute(b)):(a=a.getAttributeNode(b))&&a.specified?a.value:null}var ea=/[;]+(?=(?:(?:[^\"]*\"){2})*[^\"]*$)(?=(?:(?:[^']*'){2})*[^']*$)(?=(?:[^()]*\\([^()]*\\))*[^()]*$)/;\nfunction da(a){var b=[];k(a.split(ea),function(c){var e=c.indexOf(\":\");0\u003Ce&&(c=[c.slice(0,e),c.slice(e+1)],2==c.length&&b.push(c[0].toLowerCase(),\":\",c[1],\";\"))});b=b.join(\"\");return b=\";\"==b.charAt(b.length-1)?b:b+\";\"}function U(a,b){P&&\"value\"==b&&T(a,\"OPTION\")&&null===S(a,\"value\")?(b=[],R(a,b,!1),a=b.join(\"\")):a=a[b];return a}function T(a,b){b&&\"string\"!==typeof b&&(b=b.toString());return!!a&&1==a.nodeType&&(!b||a.tagName.toUpperCase()==b)}\nfunction V(a){return T(a,\"OPTION\")?!0:T(a,\"INPUT\")?(a=a.type.toLowerCase(),\"checkbox\"==a||\"radio\"==a):!1};var fa={\"class\":\"className\",readonly:\"readOnly\"},ha=\"allowfullscreen allowpaymentrequest allowusermedia async autofocus autoplay checked compact complete controls declare default defaultchecked defaultselected defer disabled ended formnovalidate hidden indeterminate iscontenteditable ismap itemscope loop multiple muted nohref nomodule noresize noshade novalidate nowrap open paused playsinline pubdate readonly required reversed scoped seamless seeking selected truespeed typemustmatch willvalidate\".split(\" \");function W(a,b){var c=null,e=b.toLowerCase();if(\"style\"==e)return(c=a.style)&&\"string\"!=typeof c&&(c=c.cssText),c;if((\"selected\"==e||\"checked\"==e)&&V(a)){if(!V(a))throw new l(15,\"Element is not selectable\");b=\"selected\";c=a.type&&a.type.toLowerCase();if(\"checkbox\"==c||\"radio\"==c)b=\"checked\";return U(a,b)?\"true\":null}var g=T(a,\"A\");if(T(a,\"IMG\")&&\"src\"==e||g&&\"href\"==e)return(c=S(a,e))&&(c=U(a,e)),c;if(\"spellcheck\"==e){c=S(a,e);if(null!==c){if(\"false\"==c.toLowerCase())return\"false\";if(\"true\"==c.toLowerCase())return\"true\"}return U(a,\ne)+\"\"}g=fa[b]||b;if(0\u003C=h(ha,e))return(c=null!==S(a,b)||U(a,g))?\"true\":null;try{var x=U(a,g)}catch(ia){}(e=null==x)||(e=typeof x,e=\"object\"==e&&null!=x||\"function\"==e);e?c=S(a,b):c=x;return null!=c?c.toString():null}var X=[\"_\"],Y=d;X[0]in Y||\"undefined\"==typeof Y.execScript||Y.execScript(\"var \"+X[0]);for(var Z;X.length&&(Z=X.shift());)X.length||void 0===W?Y[Z]&&Y[Z]!==Object.prototype[Z]?Y=Y[Z]:Y=Y[Z]={}:Y[Z]=W;; return this._.apply(null,arguments);}).apply({navigator:typeof window!='undefined'?window.navigator:null,document:typeof window!='undefined'?window.document:null}, arguments);}\n).apply(null, arguments);"
}
[1744521176.486][INFO]: Waiting for pending navigations...
[1744521176.487][INFO]: Done waiting for pending navigations. Status: ok
[1744521176.498][INFO]: Waiting for pending navigations...
[1744521176.499][INFO]: Done waiting for pending navigations. Status: ok
[1744521176.500][INFO]: [96366644e4e44a0331331087ddd55f7c] RESPONSE ExecuteScript "https://rukminim2.flixcart.com/image/612/612/xif0q/shopsy-mug/b/2/w/stainless-steel-coffee-mug-with-lid-300-ml-pack-of-2-pista-grey-original-imahyf7xjg96nghc.jpeg?q=70"
[1744521176.504][INFO]: [96366644e4e44a0331331087ddd55f7c] COMMAND FindChildElement {
   "id": "f.FA7F9F0460E8C13CECE7AFB28C7D66DB.d.0C4AE97B349F22F0083DFBCECE0003F5.e.1044",
   "using": "xpath",
   "value": ".//span[@class='Wphh3N']"
}
[1744521176.504][INFO]: Waiting for pending navigations...
[1744521176.506][INFO]: Done waiting for pending navigations. Status: ok
[1744521176.522][INFO]: Waiting for pending navigations...
[1744521176.524][INFO]: Done waiting for pending navigations. Status: ok
[1744521176.524][INFO]: [96366644e4e44a0331331087ddd55f7c] RESPONSE FindChildElement {
   "element-6066-11e4-a52e-4f735466cecf": "f.FA7F9F0460E8C13CECE7AFB28C7D66DB.d.0C4AE97B349F22F0083DFBCECE0003F5.e.1122"
}
[1744521176.528][INFO]: [96366644e4e44a0331331087ddd55f7c] COMMAND GetElementText {
   "id": "f.FA7F9F0460E8C13CECE7AFB28C7D66DB.d.0C4AE97B349F22F0083DFBCECE0003F5.e.1122"
}
[1744521176.528][INFO]: Waiting for pending navigations...
[1744521176.530][INFO]: Done waiting for pending navigations. Status: ok
[1744521176.546][INFO]: Waiting for pending navigations...
[1744521176.547][INFO]: Done waiting for pending navigations. Status: ok
[1744521176.547][INFO]: [96366644e4e44a0331331087ddd55f7c] RESPONSE GetElementText "(526)"
[1744521176.552][INFO]: [96366644e4e44a0331331087ddd55f7c] COMMAND FindChildElement {
   "id": "f.FA7F9F0460E8C13CECE7AFB28C7D66DB.d.0C4AE97B349F22F0083DFBCECE0003F5.e.1045",
   "using": "xpath",
   "value": ".//a[@class='wjcEIp']"
}
[1744521176.552][INFO]: Waiting for pending navigations...
[1744521176.554][INFO]: Done waiting for pending navigations. Status: ok
[1744521176.569][INFO]: Waiting for pending navigations...
[1744521176.571][INFO]: Done waiting for pending navigations. Status: ok
[1744521176.571][INFO]: [96366644e4e44a0331331087ddd55f7c] RESPONSE FindChildElement {
   "element-6066-11e4-a52e-4f735466cecf": "f.FA7F9F0460E8C13CECE7AFB28C7D66DB.d.0C4AE97B349F22F0083DFBCECE0003F5.e.1123"
}
[1744521176.575][INFO]: [96366644e4e44a0331331087ddd55f7c] COMMAND GetElementText {
   "id": "f.FA7F9F0460E8C13CECE7AFB28C7D66DB.d.0C4AE97B349F22F0083DFBCECE0003F5.e.1123"
}
[1744521176.575][INFO]: Waiting for pending navigations...
[1744521176.577][INFO]: Done waiting for pending navigations. Status: ok
[1744521176.592][INFO]: Waiting for pending navigations...
[1744521176.593][INFO]: Done waiting for pending navigations. Status: ok
[1744521176.593][INFO]: [96366644e4e44a0331331087ddd55f7c] RESPONSE GetElementText "Superior craft Full Black Plane Coffee and Tea Ceramic ..."
[1744521176.598][INFO]: [96366644e4e44a0331331087ddd55f7c] COMMAND FindChildElement {
   "id": "f.FA7F9F0460E8C13CECE7AFB28C7D66DB.d.0C4AE97B349F22F0083DFBCECE0003F5.e.1045",
   "using": "xpath",
   "value": ".//img[@class='DByuf4']"
}
[1744521176.598][INFO]: Waiting for pending navigations...
[1744521176.600][INFO]: Done waiting for pending navigations. Status: ok
[1744521176.614][INFO]: Waiting for pending navigations...
[1744521176.616][INFO]: Done waiting for pending navigations. Status: ok
[1744521176.616][INFO]: [96366644e4e44a0331331087ddd55f7c] RESPONSE FindChildElement {
   "element-6066-11e4-a52e-4f735466cecf": "f.FA7F9F0460E8C13CECE7AFB28C7D66DB.d.0C4AE97B349F22F0083DFBCECE0003F5.e.1124"
}
[1744521176.621][INFO]: [96366644e4e44a0331331087ddd55f7c] COMMAND ExecuteScript {
   "args": [ {
      "element-6066-11e4-a52e-4f735466cecf": "f.FA7F9F0460E8C13CECE7AFB28C7D66DB.d.0C4AE97B349F22F0083DFBCECE0003F5.e.1124"
   }, "src" ],
   "script": "/* getAttribute */return (function(){return (function(){var d=this||self;function f(a,b){function c(){}c.prototype=b.prototype;a.prototype=new c;a.prototype.constructor=a};var h=Array.prototype.indexOf?function(a,b){return Array.prototype.indexOf.call(a,b,void 0)}:function(a,b){if(\"string\"===typeof a)return\"string\"!==typeof b||1!=b.length?-1:a.indexOf(b,0);for(var c=0;c\u003Ca.length;c++)if(c in a&&a[c]===b)return c;return-1},k=Array.prototype.forEach?function(a,b){Array.prototype.forEach.call(a,b,void 0)}:function(a,b){for(var c=a.length,e=\"string\"===typeof a?a.split(\"\"):a,g=0;g\u003Cc;g++)g in e&&b.call(void 0,e[g],g,a)};function l(a,b){this.code=a;this.a=m[a]||n;this.message=b||\"\";a=this.a.replace(/((?:^|\\s+)[a-z])/g,function(c){return c.toUpperCase().replace(/^[\\s\\xa0]+/g,\"\")});b=a.length-5;if(0>b||a.indexOf(\"Error\",b)!=b)a+=\"Error\";this.name=a;a=Error(this.message);a.name=this.name;this.stack=a.stack||\"\"}f(l,Error);var n=\"unknown error\",m={15:\"element not selectable\",11:\"element not visible\"};m[31]=n;m[30]=n;m[24]=\"invalid cookie domain\";m[29]=\"invalid element coordinates\";m[12]=\"invalid element state\";m[32]=\"invalid selector\";\nm[51]=\"invalid selector\";m[52]=\"invalid selector\";m[17]=\"javascript error\";m[405]=\"unsupported operation\";m[34]=\"move target out of bounds\";m[27]=\"no such alert\";m[7]=\"no such element\";m[8]=\"no such frame\";m[23]=\"no such window\";m[28]=\"script timeout\";m[33]=\"session not created\";m[10]=\"stale element reference\";m[21]=\"timeout\";m[25]=\"unable to set cookie\";m[26]=\"unexpected alert open\";m[13]=n;m[9]=\"unknown command\";var p;a:{var q=d.navigator;if(q){var r=q.userAgent;if(r){p=r;break a}}p=\"\"}function t(a){return-1!=p.indexOf(a)};function u(){return t(\"Firefox\")||t(\"FxiOS\")}function v(){return(t(\"Chrome\")||t(\"CriOS\"))&&!t(\"Edge\")};function w(){return t(\"iPhone\")&&!t(\"iPod\")&&!t(\"iPad\")};var y=t(\"Opera\"),z=t(\"Trident\")||t(\"MSIE\"),A=t(\"Edge\"),B=t(\"Gecko\")&&!(-1!=p.toLowerCase().indexOf(\"webkit\")&&!t(\"Edge\"))&&!(t(\"Trident\")||t(\"MSIE\"))&&!t(\"Edge\"),C=-1!=p.toLowerCase().indexOf(\"webkit\")&&!t(\"Edge\");function D(){var a=d.document;return a?a.documentMode:void 0}var E;\na:{var F=\"\",G=function(){var a=p;if(B)return/rv:([^\\);]+)(\\)|;)/.exec(a);if(A)return/Edge\\/([\\d\\.]+)/.exec(a);if(z)return/\\b(?:MSIE|rv)[: ]([^\\);]+)(\\)|;)/.exec(a);if(C)return/WebKit\\/(\\S+)/.exec(a);if(y)return/(?:Version)[ \\/]?(\\S+)/.exec(a)}();G&&(F=G?G[1]:\"\");if(z){var H=D();if(null!=H&&H>parseFloat(F)){E=String(H);break a}}E=F}var I;I=d.document&&z?D():void 0;var J=u(),K=w()||t(\"iPod\"),L=t(\"iPad\"),M=t(\"Android\")&&!(v()||u()||t(\"Opera\")||t(\"Silk\")),N=v(),aa=t(\"Safari\")&&!(v()||t(\"Coast\")||t(\"Opera\")||t(\"Edge\")||t(\"Edg/\")||t(\"OPR\")||u()||t(\"Silk\")||t(\"Android\"))&&!(w()||t(\"iPad\")||t(\"iPod\"));function O(a){return(a=a.exec(p))?a[1]:\"\"}(function(){if(J)return O(/Firefox\\/([0-9.]+)/);if(z||A||y)return E;if(N)return w()||t(\"iPad\")||t(\"iPod\")?O(/CriOS\\/([0-9.]+)/):O(/Chrome\\/([0-9.]+)/);if(aa&&!(w()||t(\"iPad\")||t(\"iPod\")))return O(/Version\\/([0-9.]+)/);if(K||L){var a=/Version\\/(\\S+).*Mobile\\/(\\S+)/.exec(p);if(a)return a[1]+\".\"+a[2]}else if(M)return(a=O(/Android\\s+([0-9.]+)/))?a:O(/Version\\/([0-9.]+)/);return\"\"})();var P=z&&!(8\u003C=Number(I)),ba=z&&!(9\u003C=Number(I));var ca={SCRIPT:1,STYLE:1,HEAD:1,IFRAME:1,OBJECT:1},Q={IMG:\" \",BR:\"\\n\"};function R(a,b,c){if(!(a.nodeName in ca))if(3==a.nodeType)c?b.push(String(a.nodeValue).replace(/(\\r\\n|\\r|\\n)/g,\"\")):b.push(a.nodeValue);else if(a.nodeName in Q)b.push(Q[a.nodeName]);else for(a=a.firstChild;a;)R(a,b,c),a=a.nextSibling};function S(a,b){b=b.toLowerCase();return\"style\"==b?da(a.style.cssText):P&&\"value\"==b&&T(a,\"INPUT\")?a.value:ba&&!0===a[b]?String(a.getAttribute(b)):(a=a.getAttributeNode(b))&&a.specified?a.value:null}var ea=/[;]+(?=(?:(?:[^\"]*\"){2})*[^\"]*$)(?=(?:(?:[^']*'){2})*[^']*$)(?=(?:[^()]*\\([^()]*\\))*[^()]*$)/;\nfunction da(a){var b=[];k(a.split(ea),function(c){var e=c.indexOf(\":\");0\u003Ce&&(c=[c.slice(0,e),c.slice(e+1)],2==c.length&&b.push(c[0].toLowerCase(),\":\",c[1],\";\"))});b=b.join(\"\");return b=\";\"==b.charAt(b.length-1)?b:b+\";\"}function U(a,b){P&&\"value\"==b&&T(a,\"OPTION\")&&null===S(a,\"value\")?(b=[],R(a,b,!1),a=b.join(\"\")):a=a[b];return a}function T(a,b){b&&\"string\"!==typeof b&&(b=b.toString());return!!a&&1==a.nodeType&&(!b||a.tagName.toUpperCase()==b)}\nfunction V(a){return T(a,\"OPTION\")?!0:T(a,\"INPUT\")?(a=a.type.toLowerCase(),\"checkbox\"==a||\"radio\"==a):!1};var fa={\"class\":\"className\",readonly:\"readOnly\"},ha=\"allowfullscreen allowpaymentrequest allowusermedia async autofocus autoplay checked compact complete controls declare default defaultchecked defaultselected defer disabled ended formnovalidate hidden indeterminate iscontenteditable ismap itemscope loop multiple muted nohref nomodule noresize noshade novalidate nowrap open paused playsinline pubdate readonly required reversed scoped seamless seeking selected truespeed typemustmatch willvalidate\".split(\" \");function W(a,b){var c=null,e=b.toLowerCase();if(\"style\"==e)return(c=a.style)&&\"string\"!=typeof c&&(c=c.cssText),c;if((\"selected\"==e||\"checked\"==e)&&V(a)){if(!V(a))throw new l(15,\"Element is not selectable\");b=\"selected\";c=a.type&&a.type.toLowerCase();if(\"checkbox\"==c||\"radio\"==c)b=\"checked\";return U(a,b)?\"true\":null}var g=T(a,\"A\");if(T(a,\"IMG\")&&\"src\"==e||g&&\"href\"==e)return(c=S(a,e))&&(c=U(a,e)),c;if(\"spellcheck\"==e){c=S(a,e);if(null!==c){if(\"false\"==c.toLowerCase())return\"false\";if(\"true\"==c.toLowerCase())return\"true\"}return U(a,\ne)+\"\"}g=fa[b]||b;if(0\u003C=h(ha,e))return(c=null!==S(a,b)||U(a,g))?\"true\":null;try{var x=U(a,g)}catch(ia){}(e=null==x)||(e=typeof x,e=\"object\"==e&&null!=x||\"function\"==e);e?c=S(a,b):c=x;return null!=c?c.toString():null}var X=[\"_\"],Y=d;X[0]in Y||\"undefined\"==typeof Y.execScript||Y.execScript(\"var \"+X[0]);for(var Z;X.length&&(Z=X.shift());)X.length||void 0===W?Y[Z]&&Y[Z]!==Object.prototype[Z]?Y=Y[Z]:Y=Y[Z]={}:Y[Z]=W;; return this._.apply(null,arguments);}).apply({navigator:typeof window!='undefined'?window.navigator:null,document:typeof window!='undefined'?window.document:null}, arguments);}\n).apply(null, arguments);"
}
[1744521176.622][INFO]: Waiting for pending navigations...
[1744521176.623][INFO]: Done waiting for pending navigations. Status: ok
[1744521176.633][INFO]: Waiting for pending navigations...
[1744521176.635][INFO]: Done waiting for pending navigations. Status: ok
[1744521176.635][INFO]: [96366644e4e44a0331331087ddd55f7c] RESPONSE ExecuteScript "https://rukminim2.flixcart.com/image/612/612/kp8ntzk0/mug/z/a/d/golssy-black-microwave-dishwasher-safe-high-quality-ceramic-original-imag3hzdd383g62t.jpeg?q=70"
[1744521176.639][INFO]: [96366644e4e44a0331331087ddd55f7c] COMMAND FindChildElement {
   "id": "f.FA7F9F0460E8C13CECE7AFB28C7D66DB.d.0C4AE97B349F22F0083DFBCECE0003F5.e.1045",
   "using": "xpath",
   "value": ".//span[@class='Wphh3N']"
}
[1744521176.639][INFO]: Waiting for pending navigations...
[1744521176.641][INFO]: Done waiting for pending navigations. Status: ok
[1744521176.656][INFO]: Waiting for pending navigations...
[1744521176.657][INFO]: Done waiting for pending navigations. Status: ok
[1744521176.657][INFO]: [96366644e4e44a0331331087ddd55f7c] RESPONSE FindChildElement {
   "element-6066-11e4-a52e-4f735466cecf": "f.FA7F9F0460E8C13CECE7AFB28C7D66DB.d.0C4AE97B349F22F0083DFBCECE0003F5.e.1125"
}
[1744521176.661][INFO]: [96366644e4e44a0331331087ddd55f7c] COMMAND GetElementText {
   "id": "f.FA7F9F0460E8C13CECE7AFB28C7D66DB.d.0C4AE97B349F22F0083DFBCECE0003F5.e.1125"
}
[1744521176.661][INFO]: Waiting for pending navigations...
[1744521176.663][INFO]: Done waiting for pending navigations. Status: ok
[1744521176.678][INFO]: Waiting for pending navigations...
[1744521176.679][INFO]: Done waiting for pending navigations. Status: ok
[1744521176.679][INFO]: [96366644e4e44a0331331087ddd55f7c] RESPONSE GetElementText "(500)"
[1744521176.684][INFO]: [96366644e4e44a0331331087ddd55f7c] COMMAND FindChildElement {
   "id": "f.FA7F9F0460E8C13CECE7AFB28C7D66DB.d.0C4AE97B349F22F0083DFBCECE0003F5.e.1046",
   "using": "xpath",
   "value": ".//a[@class='wjcEIp']"
}
[1744521176.684][INFO]: Waiting for pending navigations...
[1744521176.685][INFO]: Done waiting for pending navigations. Status: ok
[1744521176.700][INFO]: Waiting for pending navigations...
[1744521176.702][INFO]: Done waiting for pending navigations. Status: ok
[1744521176.702][INFO]: [96366644e4e44a0331331087ddd55f7c] RESPONSE FindChildElement {
   "element-6066-11e4-a52e-4f735466cecf": "f.FA7F9F0460E8C13CECE7AFB28C7D66DB.d.0C4AE97B349F22F0083DFBCECE0003F5.e.1126"
}
[1744521176.705][INFO]: [96366644e4e44a0331331087ddd55f7c] COMMAND GetElementText {
   "id": "f.FA7F9F0460E8C13CECE7AFB28C7D66DB.d.0C4AE97B349F22F0083DFBCECE0003F5.e.1126"
}
[1744521176.705][INFO]: Waiting for pending navigations...
[1744521176.707][INFO]: Done waiting for pending navigations. Status: ok
[1744521176.722][INFO]: Waiting for pending navigations...
[1744521176.723][INFO]: Done waiting for pending navigations. Status: ok
[1744521176.724][INFO]: [96366644e4e44a0331331087ddd55f7c] RESPONSE GetElementText "SK Prints Magic Ceramic Coffee Mug"
[1744521176.728][INFO]: [96366644e4e44a0331331087ddd55f7c] COMMAND FindChildElement {
   "id": "f.FA7F9F0460E8C13CECE7AFB28C7D66DB.d.0C4AE97B349F22F0083DFBCECE0003F5.e.1046",
   "using": "xpath",
   "value": ".//img[@class='DByuf4']"
}
[1744521176.728][INFO]: Waiting for pending navigations...
[1744521176.730][INFO]: Done waiting for pending navigations. Status: ok
[1744521176.744][INFO]: Waiting for pending navigations...
[1744521176.746][INFO]: Done waiting for pending navigations. Status: ok
[1744521176.746][INFO]: [96366644e4e44a0331331087ddd55f7c] RESPONSE FindChildElement {
   "element-6066-11e4-a52e-4f735466cecf": "f.FA7F9F0460E8C13CECE7AFB28C7D66DB.d.0C4AE97B349F22F0083DFBCECE0003F5.e.1127"
}
[1744521176.752][INFO]: [96366644e4e44a0331331087ddd55f7c] COMMAND ExecuteScript {
   "args": [ {
      "element-6066-11e4-a52e-4f735466cecf": "f.FA7F9F0460E8C13CECE7AFB28C7D66DB.d.0C4AE97B349F22F0083DFBCECE0003F5.e.1127"
   }, "src" ],
   "script": "/* getAttribute */return (function(){return (function(){var d=this||self;function f(a,b){function c(){}c.prototype=b.prototype;a.prototype=new c;a.prototype.constructor=a};var h=Array.prototype.indexOf?function(a,b){return Array.prototype.indexOf.call(a,b,void 0)}:function(a,b){if(\"string\"===typeof a)return\"string\"!==typeof b||1!=b.length?-1:a.indexOf(b,0);for(var c=0;c\u003Ca.length;c++)if(c in a&&a[c]===b)return c;return-1},k=Array.prototype.forEach?function(a,b){Array.prototype.forEach.call(a,b,void 0)}:function(a,b){for(var c=a.length,e=\"string\"===typeof a?a.split(\"\"):a,g=0;g\u003Cc;g++)g in e&&b.call(void 0,e[g],g,a)};function l(a,b){this.code=a;this.a=m[a]||n;this.message=b||\"\";a=this.a.replace(/((?:^|\\s+)[a-z])/g,function(c){return c.toUpperCase().replace(/^[\\s\\xa0]+/g,\"\")});b=a.length-5;if(0>b||a.indexOf(\"Error\",b)!=b)a+=\"Error\";this.name=a;a=Error(this.message);a.name=this.name;this.stack=a.stack||\"\"}f(l,Error);var n=\"unknown error\",m={15:\"element not selectable\",11:\"element not visible\"};m[31]=n;m[30]=n;m[24]=\"invalid cookie domain\";m[29]=\"invalid element coordinates\";m[12]=\"invalid element state\";m[32]=\"invalid selector\";\nm[51]=\"invalid selector\";m[52]=\"invalid selector\";m[17]=\"javascript error\";m[405]=\"unsupported operation\";m[34]=\"move target out of bounds\";m[27]=\"no such alert\";m[7]=\"no such element\";m[8]=\"no such frame\";m[23]=\"no such window\";m[28]=\"script timeout\";m[33]=\"session not created\";m[10]=\"stale element reference\";m[21]=\"timeout\";m[25]=\"unable to set cookie\";m[26]=\"unexpected alert open\";m[13]=n;m[9]=\"unknown command\";var p;a:{var q=d.navigator;if(q){var r=q.userAgent;if(r){p=r;break a}}p=\"\"}function t(a){return-1!=p.indexOf(a)};function u(){return t(\"Firefox\")||t(\"FxiOS\")}function v(){return(t(\"Chrome\")||t(\"CriOS\"))&&!t(\"Edge\")};function w(){return t(\"iPhone\")&&!t(\"iPod\")&&!t(\"iPad\")};var y=t(\"Opera\"),z=t(\"Trident\")||t(\"MSIE\"),A=t(\"Edge\"),B=t(\"Gecko\")&&!(-1!=p.toLowerCase().indexOf(\"webkit\")&&!t(\"Edge\"))&&!(t(\"Trident\")||t(\"MSIE\"))&&!t(\"Edge\"),C=-1!=p.toLowerCase().indexOf(\"webkit\")&&!t(\"Edge\");function D(){var a=d.document;return a?a.documentMode:void 0}var E;\na:{var F=\"\",G=function(){var a=p;if(B)return/rv:([^\\);]+)(\\)|;)/.exec(a);if(A)return/Edge\\/([\\d\\.]+)/.exec(a);if(z)return/\\b(?:MSIE|rv)[: ]([^\\);]+)(\\)|;)/.exec(a);if(C)return/WebKit\\/(\\S+)/.exec(a);if(y)return/(?:Version)[ \\/]?(\\S+)/.exec(a)}();G&&(F=G?G[1]:\"\");if(z){var H=D();if(null!=H&&H>parseFloat(F)){E=String(H);break a}}E=F}var I;I=d.document&&z?D():void 0;var J=u(),K=w()||t(\"iPod\"),L=t(\"iPad\"),M=t(\"Android\")&&!(v()||u()||t(\"Opera\")||t(\"Silk\")),N=v(),aa=t(\"Safari\")&&!(v()||t(\"Coast\")||t(\"Opera\")||t(\"Edge\")||t(\"Edg/\")||t(\"OPR\")||u()||t(\"Silk\")||t(\"Android\"))&&!(w()||t(\"iPad\")||t(\"iPod\"));function O(a){return(a=a.exec(p))?a[1]:\"\"}(function(){if(J)return O(/Firefox\\/([0-9.]+)/);if(z||A||y)return E;if(N)return w()||t(\"iPad\")||t(\"iPod\")?O(/CriOS\\/([0-9.]+)/):O(/Chrome\\/([0-9.]+)/);if(aa&&!(w()||t(\"iPad\")||t(\"iPod\")))return O(/Version\\/([0-9.]+)/);if(K||L){var a=/Version\\/(\\S+).*Mobile\\/(\\S+)/.exec(p);if(a)return a[1]+\".\"+a[2]}else if(M)return(a=O(/Android\\s+([0-9.]+)/))?a:O(/Version\\/([0-9.]+)/);return\"\"})();var P=z&&!(8\u003C=Number(I)),ba=z&&!(9\u003C=Number(I));var ca={SCRIPT:1,STYLE:1,HEAD:1,IFRAME:1,OBJECT:1},Q={IMG:\" \",BR:\"\\n\"};function R(a,b,c){if(!(a.nodeName in ca))if(3==a.nodeType)c?b.push(String(a.nodeValue).replace(/(\\r\\n|\\r|\\n)/g,\"\")):b.push(a.nodeValue);else if(a.nodeName in Q)b.push(Q[a.nodeName]);else for(a=a.firstChild;a;)R(a,b,c),a=a.nextSibling};function S(a,b){b=b.toLowerCase();return\"style\"==b?da(a.style.cssText):P&&\"value\"==b&&T(a,\"INPUT\")?a.value:ba&&!0===a[b]?String(a.getAttribute(b)):(a=a.getAttributeNode(b))&&a.specified?a.value:null}var ea=/[;]+(?=(?:(?:[^\"]*\"){2})*[^\"]*$)(?=(?:(?:[^']*'){2})*[^']*$)(?=(?:[^()]*\\([^()]*\\))*[^()]*$)/;\nfunction da(a){var b=[];k(a.split(ea),function(c){var e=c.indexOf(\":\");0\u003Ce&&(c=[c.slice(0,e),c.slice(e+1)],2==c.length&&b.push(c[0].toLowerCase(),\":\",c[1],\";\"))});b=b.join(\"\");return b=\";\"==b.charAt(b.length-1)?b:b+\";\"}function U(a,b){P&&\"value\"==b&&T(a,\"OPTION\")&&null===S(a,\"value\")?(b=[],R(a,b,!1),a=b.join(\"\")):a=a[b];return a}function T(a,b){b&&\"string\"!==typeof b&&(b=b.toString());return!!a&&1==a.nodeType&&(!b||a.tagName.toUpperCase()==b)}\nfunction V(a){return T(a,\"OPTION\")?!0:T(a,\"INPUT\")?(a=a.type.toLowerCase(),\"checkbox\"==a||\"radio\"==a):!1};var fa={\"class\":\"className\",readonly:\"readOnly\"},ha=\"allowfullscreen allowpaymentrequest allowusermedia async autofocus autoplay checked compact complete controls declare default defaultchecked defaultselected defer disabled ended formnovalidate hidden indeterminate iscontenteditable ismap itemscope loop multiple muted nohref nomodule noresize noshade novalidate nowrap open paused playsinline pubdate readonly required reversed scoped seamless seeking selected truespeed typemustmatch willvalidate\".split(\" \");function W(a,b){var c=null,e=b.toLowerCase();if(\"style\"==e)return(c=a.style)&&\"string\"!=typeof c&&(c=c.cssText),c;if((\"selected\"==e||\"checked\"==e)&&V(a)){if(!V(a))throw new l(15,\"Element is not selectable\");b=\"selected\";c=a.type&&a.type.toLowerCase();if(\"checkbox\"==c||\"radio\"==c)b=\"checked\";return U(a,b)?\"true\":null}var g=T(a,\"A\");if(T(a,\"IMG\")&&\"src\"==e||g&&\"href\"==e)return(c=S(a,e))&&(c=U(a,e)),c;if(\"spellcheck\"==e){c=S(a,e);if(null!==c){if(\"false\"==c.toLowerCase())return\"false\";if(\"true\"==c.toLowerCase())return\"true\"}return U(a,\ne)+\"\"}g=fa[b]||b;if(0\u003C=h(ha,e))return(c=null!==S(a,b)||U(a,g))?\"true\":null;try{var x=U(a,g)}catch(ia){}(e=null==x)||(e=typeof x,e=\"object\"==e&&null!=x||\"function\"==e);e?c=S(a,b):c=x;return null!=c?c.toString():null}var X=[\"_\"],Y=d;X[0]in Y||\"undefined\"==typeof Y.execScript||Y.execScript(\"var \"+X[0]);for(var Z;X.length&&(Z=X.shift());)X.length||void 0===W?Y[Z]&&Y[Z]!==Object.prototype[Z]?Y=Y[Z]:Y=Y[Z]={}:Y[Z]=W;; return this._.apply(null,arguments);}).apply({navigator:typeof window!='undefined'?window.navigator:null,document:typeof window!='undefined'?window.document:null}, arguments);}\n).apply(null, arguments);"
}
[1744521176.752][INFO]: Waiting for pending navigations...
[1744521176.753][INFO]: Done waiting for pending navigations. Status: ok
[1744521176.763][INFO]: Waiting for pending navigations...
[1744521176.765][INFO]: Done waiting for pending navigations. Status: ok
[1744521176.765][INFO]: [96366644e4e44a0331331087ddd55f7c] RESPONSE ExecuteScript "https://rukminim2.flixcart.com/image/612/612/xif0q/mug/4/a/h/magic-mug-325-1-sk-prints-original-imah6y25gzvgfvyc.jpeg?q=70"
[1744521176.769][INFO]: [96366644e4e44a0331331087ddd55f7c] COMMAND FindChildElement {
   "id": "f.FA7F9F0460E8C13CECE7AFB28C7D66DB.d.0C4AE97B349F22F0083DFBCECE0003F5.e.1046",
   "using": "xpath",
   "value": ".//span[@class='Wphh3N']"
}
[1744521176.769][INFO]: Waiting for pending navigations...
[1744521176.771][INFO]: Done waiting for pending navigations. Status: ok
[1744521176.786][INFO]: Waiting for pending navigations...
[1744521176.788][INFO]: Done waiting for pending navigations. Status: ok
[1744521176.788][INFO]: [96366644e4e44a0331331087ddd55f7c] RESPONSE FindChildElement {
   "element-6066-11e4-a52e-4f735466cecf": "f.FA7F9F0460E8C13CECE7AFB28C7D66DB.d.0C4AE97B349F22F0083DFBCECE0003F5.e.1128"
}
[1744521176.791][INFO]: [96366644e4e44a0331331087ddd55f7c] COMMAND GetElementText {
   "id": "f.FA7F9F0460E8C13CECE7AFB28C7D66DB.d.0C4AE97B349F22F0083DFBCECE0003F5.e.1128"
}
[1744521176.791][INFO]: Waiting for pending navigations...
[1744521176.793][INFO]: Done waiting for pending navigations. Status: ok
[1744521176.808][INFO]: Waiting for pending navigations...
[1744521176.810][INFO]: Done waiting for pending navigations. Status: ok
[1744521176.810][INFO]: [96366644e4e44a0331331087ddd55f7c] RESPONSE GetElementText "(3,713)"
[1744521176.814][INFO]: [96366644e4e44a0331331087ddd55f7c] COMMAND FindChildElement {
   "id": "f.FA7F9F0460E8C13CECE7AFB28C7D66DB.d.0C4AE97B349F22F0083DFBCECE0003F5.e.1047",
   "using": "xpath",
   "value": ".//a[@class='wjcEIp']"
}
[1744521176.814][INFO]: Waiting for pending navigations...
[1744521176.816][INFO]: Done waiting for pending navigations. Status: ok
[1744521176.830][INFO]: Waiting for pending navigations...
[1744521176.832][INFO]: Done waiting for pending navigations. Status: ok
[1744521176.832][INFO]: [96366644e4e44a0331331087ddd55f7c] RESPONSE FindChildElement {
   "element-6066-11e4-a52e-4f735466cecf": "f.FA7F9F0460E8C13CECE7AFB28C7D66DB.d.0C4AE97B349F22F0083DFBCECE0003F5.e.1129"
}
[1744521176.835][INFO]: [96366644e4e44a0331331087ddd55f7c] COMMAND GetElementText {
   "id": "f.FA7F9F0460E8C13CECE7AFB28C7D66DB.d.0C4AE97B349F22F0083DFBCECE0003F5.e.1129"
}
[1744521176.836][INFO]: Waiting for pending navigations...
[1744521176.837][INFO]: Done waiting for pending navigations. Status: ok
[1744521176.852][INFO]: Waiting for pending navigations...
[1744521176.853][INFO]: Done waiting for pending navigations. Status: ok
[1744521176.853][INFO]: [96366644e4e44a0331331087ddd55f7c] RESPONSE GetElementText "Bhakhand Multi Purpose Steel Insulated Camera Lens Shap..."
[1744521176.858][INFO]: [96366644e4e44a0331331087ddd55f7c] COMMAND FindChildElement {
   "id": "f.FA7F9F0460E8C13CECE7AFB28C7D66DB.d.0C4AE97B349F22F0083DFBCECE0003F5.e.1047",
   "using": "xpath",
   "value": ".//img[@class='DByuf4']"
}
[1744521176.858][INFO]: Waiting for pending navigations...
[1744521176.860][INFO]: Done waiting for pending navigations. Status: ok
[1744521176.875][INFO]: Waiting for pending navigations...
[1744521176.876][INFO]: Done waiting for pending navigations. Status: ok
[1744521176.876][INFO]: [96366644e4e44a0331331087ddd55f7c] RESPONSE FindChildElement {
   "element-6066-11e4-a52e-4f735466cecf": "f.FA7F9F0460E8C13CECE7AFB28C7D66DB.d.0C4AE97B349F22F0083DFBCECE0003F5.e.1130"
}
[1744521176.883][INFO]: [96366644e4e44a0331331087ddd55f7c] COMMAND ExecuteScript {
   "args": [ {
      "element-6066-11e4-a52e-4f735466cecf": "f.FA7F9F0460E8C13CECE7AFB28C7D66DB.d.0C4AE97B349F22F0083DFBCECE0003F5.e.1130"
   }, "src" ],
   "script": "/* getAttribute */return (function(){return (function(){var d=this||self;function f(a,b){function c(){}c.prototype=b.prototype;a.prototype=new c;a.prototype.constructor=a};var h=Array.prototype.indexOf?function(a,b){return Array.prototype.indexOf.call(a,b,void 0)}:function(a,b){if(\"string\"===typeof a)return\"string\"!==typeof b||1!=b.length?-1:a.indexOf(b,0);for(var c=0;c\u003Ca.length;c++)if(c in a&&a[c]===b)return c;return-1},k=Array.prototype.forEach?function(a,b){Array.prototype.forEach.call(a,b,void 0)}:function(a,b){for(var c=a.length,e=\"string\"===typeof a?a.split(\"\"):a,g=0;g\u003Cc;g++)g in e&&b.call(void 0,e[g],g,a)};function l(a,b){this.code=a;this.a=m[a]||n;this.message=b||\"\";a=this.a.replace(/((?:^|\\s+)[a-z])/g,function(c){return c.toUpperCase().replace(/^[\\s\\xa0]+/g,\"\")});b=a.length-5;if(0>b||a.indexOf(\"Error\",b)!=b)a+=\"Error\";this.name=a;a=Error(this.message);a.name=this.name;this.stack=a.stack||\"\"}f(l,Error);var n=\"unknown error\",m={15:\"element not selectable\",11:\"element not visible\"};m[31]=n;m[30]=n;m[24]=\"invalid cookie domain\";m[29]=\"invalid element coordinates\";m[12]=\"invalid element state\";m[32]=\"invalid selector\";\nm[51]=\"invalid selector\";m[52]=\"invalid selector\";m[17]=\"javascript error\";m[405]=\"unsupported operation\";m[34]=\"move target out of bounds\";m[27]=\"no such alert\";m[7]=\"no such element\";m[8]=\"no such frame\";m[23]=\"no such window\";m[28]=\"script timeout\";m[33]=\"session not created\";m[10]=\"stale element reference\";m[21]=\"timeout\";m[25]=\"unable to set cookie\";m[26]=\"unexpected alert open\";m[13]=n;m[9]=\"unknown command\";var p;a:{var q=d.navigator;if(q){var r=q.userAgent;if(r){p=r;break a}}p=\"\"}function t(a){return-1!=p.indexOf(a)};function u(){return t(\"Firefox\")||t(\"FxiOS\")}function v(){return(t(\"Chrome\")||t(\"CriOS\"))&&!t(\"Edge\")};function w(){return t(\"iPhone\")&&!t(\"iPod\")&&!t(\"iPad\")};var y=t(\"Opera\"),z=t(\"Trident\")||t(\"MSIE\"),A=t(\"Edge\"),B=t(\"Gecko\")&&!(-1!=p.toLowerCase().indexOf(\"webkit\")&&!t(\"Edge\"))&&!(t(\"Trident\")||t(\"MSIE\"))&&!t(\"Edge\"),C=-1!=p.toLowerCase().indexOf(\"webkit\")&&!t(\"Edge\");function D(){var a=d.document;return a?a.documentMode:void 0}var E;\na:{var F=\"\",G=function(){var a=p;if(B)return/rv:([^\\);]+)(\\)|;)/.exec(a);if(A)return/Edge\\/([\\d\\.]+)/.exec(a);if(z)return/\\b(?:MSIE|rv)[: ]([^\\);]+)(\\)|;)/.exec(a);if(C)return/WebKit\\/(\\S+)/.exec(a);if(y)return/(?:Version)[ \\/]?(\\S+)/.exec(a)}();G&&(F=G?G[1]:\"\");if(z){var H=D();if(null!=H&&H>parseFloat(F)){E=String(H);break a}}E=F}var I;I=d.document&&z?D():void 0;var J=u(),K=w()||t(\"iPod\"),L=t(\"iPad\"),M=t(\"Android\")&&!(v()||u()||t(\"Opera\")||t(\"Silk\")),N=v(),aa=t(\"Safari\")&&!(v()||t(\"Coast\")||t(\"Opera\")||t(\"Edge\")||t(\"Edg/\")||t(\"OPR\")||u()||t(\"Silk\")||t(\"Android\"))&&!(w()||t(\"iPad\")||t(\"iPod\"));function O(a){return(a=a.exec(p))?a[1]:\"\"}(function(){if(J)return O(/Firefox\\/([0-9.]+)/);if(z||A||y)return E;if(N)return w()||t(\"iPad\")||t(\"iPod\")?O(/CriOS\\/([0-9.]+)/):O(/Chrome\\/([0-9.]+)/);if(aa&&!(w()||t(\"iPad\")||t(\"iPod\")))return O(/Version\\/([0-9.]+)/);if(K||L){var a=/Version\\/(\\S+).*Mobile\\/(\\S+)/.exec(p);if(a)return a[1]+\".\"+a[2]}else if(M)return(a=O(/Android\\s+([0-9.]+)/))?a:O(/Version\\/([0-9.]+)/);return\"\"})();var P=z&&!(8\u003C=Number(I)),ba=z&&!(9\u003C=Number(I));var ca={SCRIPT:1,STYLE:1,HEAD:1,IFRAME:1,OBJECT:1},Q={IMG:\" \",BR:\"\\n\"};function R(a,b,c){if(!(a.nodeName in ca))if(3==a.nodeType)c?b.push(String(a.nodeValue).replace(/(\\r\\n|\\r|\\n)/g,\"\")):b.push(a.nodeValue);else if(a.nodeName in Q)b.push(Q[a.nodeName]);else for(a=a.firstChild;a;)R(a,b,c),a=a.nextSibling};function S(a,b){b=b.toLowerCase();return\"style\"==b?da(a.style.cssText):P&&\"value\"==b&&T(a,\"INPUT\")?a.value:ba&&!0===a[b]?String(a.getAttribute(b)):(a=a.getAttributeNode(b))&&a.specified?a.value:null}var ea=/[;]+(?=(?:(?:[^\"]*\"){2})*[^\"]*$)(?=(?:(?:[^']*'){2})*[^']*$)(?=(?:[^()]*\\([^()]*\\))*[^()]*$)/;\nfunction da(a){var b=[];k(a.split(ea),function(c){var e=c.indexOf(\":\");0\u003Ce&&(c=[c.slice(0,e),c.slice(e+1)],2==c.length&&b.push(c[0].toLowerCase(),\":\",c[1],\";\"))});b=b.join(\"\");return b=\";\"==b.charAt(b.length-1)?b:b+\";\"}function U(a,b){P&&\"value\"==b&&T(a,\"OPTION\")&&null===S(a,\"value\")?(b=[],R(a,b,!1),a=b.join(\"\")):a=a[b];return a}function T(a,b){b&&\"string\"!==typeof b&&(b=b.toString());return!!a&&1==a.nodeType&&(!b||a.tagName.toUpperCase()==b)}\nfunction V(a){return T(a,\"OPTION\")?!0:T(a,\"INPUT\")?(a=a.type.toLowerCase(),\"checkbox\"==a||\"radio\"==a):!1};var fa={\"class\":\"className\",readonly:\"readOnly\"},ha=\"allowfullscreen allowpaymentrequest allowusermedia async autofocus autoplay checked compact complete controls declare default defaultchecked defaultselected defer disabled ended formnovalidate hidden indeterminate iscontenteditable ismap itemscope loop multiple muted nohref nomodule noresize noshade novalidate nowrap open paused playsinline pubdate readonly required reversed scoped seamless seeking selected truespeed typemustmatch willvalidate\".split(\" \");function W(a,b){var c=null,e=b.toLowerCase();if(\"style\"==e)return(c=a.style)&&\"string\"!=typeof c&&(c=c.cssText),c;if((\"selected\"==e||\"checked\"==e)&&V(a)){if(!V(a))throw new l(15,\"Element is not selectable\");b=\"selected\";c=a.type&&a.type.toLowerCase();if(\"checkbox\"==c||\"radio\"==c)b=\"checked\";return U(a,b)?\"true\":null}var g=T(a,\"A\");if(T(a,\"IMG\")&&\"src\"==e||g&&\"href\"==e)return(c=S(a,e))&&(c=U(a,e)),c;if(\"spellcheck\"==e){c=S(a,e);if(null!==c){if(\"false\"==c.toLowerCase())return\"false\";if(\"true\"==c.toLowerCase())return\"true\"}return U(a,\ne)+\"\"}g=fa[b]||b;if(0\u003C=h(ha,e))return(c=null!==S(a,b)||U(a,g))?\"true\":null;try{var x=U(a,g)}catch(ia){}(e=null==x)||(e=typeof x,e=\"object\"==e&&null!=x||\"function\"==e);e?c=S(a,b):c=x;return null!=c?c.toString():null}var X=[\"_\"],Y=d;X[0]in Y||\"undefined\"==typeof Y.execScript||Y.execScript(\"var \"+X[0]);for(var Z;X.length&&(Z=X.shift());)X.length||void 0===W?Y[Z]&&Y[Z]!==Object.prototype[Z]?Y=Y[Z]:Y=Y[Z]={}:Y[Z]=W;; return this._.apply(null,arguments);}).apply({navigator:typeof window!='undefined'?window.navigator:null,document:typeof window!='undefined'?window.document:null}, arguments);}\n).apply(null, arguments);"
}
[1744521176.883][INFO]: Waiting for pending navigations...
[1744521176.885][INFO]: Done waiting for pending navigations. Status: ok
[1744521176.894][INFO]: Waiting for pending navigations...
[1744521176.895][INFO]: Done waiting for pending navigations. Status: ok
[1744521176.895][INFO]: [96366644e4e44a0331331087ddd55f7c] RESPONSE ExecuteScript "https://rukminim2.flixcart.com/image/612/612/xif0q/mug/p/t/d/multi-purpose-steel-insulated-camera-lens-shaped-travel-coffee-original-imah5zf3qfxukwcj.jpeg?q=70"
[1744521176.900][INFO]: [96366644e4e44a0331331087ddd55f7c] COMMAND FindChildElement {
   "id": "f.FA7F9F0460E8C13CECE7AFB28C7D66DB.d.0C4AE97B349F22F0083DFBCECE0003F5.e.1047",
   "using": "xpath",
   "value": ".//span[@class='Wphh3N']"
}
[1744521176.900][INFO]: Waiting for pending navigations...
[1744521176.901][INFO]: Done waiting for pending navigations. Status: ok
[1744521176.917][INFO]: Waiting for pending navigations...
[1744521176.918][INFO]: Done waiting for pending navigations. Status: ok
[1744521176.918][INFO]: [96366644e4e44a0331331087ddd55f7c] RESPONSE FindChildElement {
   "element-6066-11e4-a52e-4f735466cecf": "f.FA7F9F0460E8C13CECE7AFB28C7D66DB.d.0C4AE97B349F22F0083DFBCECE0003F5.e.1131"
}
[1744521176.922][INFO]: [96366644e4e44a0331331087ddd55f7c] COMMAND GetElementText {
   "id": "f.FA7F9F0460E8C13CECE7AFB28C7D66DB.d.0C4AE97B349F22F0083DFBCECE0003F5.e.1131"
}
[1744521176.922][INFO]: Waiting for pending navigations...
[1744521176.923][INFO]: Done waiting for pending navigations. Status: ok
[1744521176.938][INFO]: Waiting for pending navigations...
[1744521176.940][INFO]: Done waiting for pending navigations. Status: ok
[1744521176.940][INFO]: [96366644e4e44a0331331087ddd55f7c] RESPONSE GetElementText "(1,025)"
[1744521176.944][INFO]: [96366644e4e44a0331331087ddd55f7c] COMMAND FindChildElement {
   "id": "f.FA7F9F0460E8C13CECE7AFB28C7D66DB.d.0C4AE97B349F22F0083DFBCECE0003F5.e.1048",
   "using": "xpath",
   "value": ".//a[@class='wjcEIp']"
}
[1744521176.944][INFO]: Waiting for pending navigations...
[1744521176.946][INFO]: Done waiting for pending navigations. Status: ok
[1744521176.960][INFO]: Waiting for pending navigations...
[1744521176.962][INFO]: Done waiting for pending navigations. Status: ok
[1744521176.962][INFO]: [96366644e4e44a0331331087ddd55f7c] RESPONSE FindChildElement {
   "element-6066-11e4-a52e-4f735466cecf": "f.FA7F9F0460E8C13CECE7AFB28C7D66DB.d.0C4AE97B349F22F0083DFBCECE0003F5.e.1132"
}
[1744521176.966][INFO]: [96366644e4e44a0331331087ddd55f7c] COMMAND GetElementText {
   "id": "f.FA7F9F0460E8C13CECE7AFB28C7D66DB.d.0C4AE97B349F22F0083DFBCECE0003F5.e.1132"
}
[1744521176.966][INFO]: Waiting for pending navigations...
[1744521176.967][INFO]: Done waiting for pending navigations. Status: ok
[1744521176.982][INFO]: Waiting for pending navigations...
[1744521176.984][INFO]: Done waiting for pending navigations. Status: ok
[1744521176.984][INFO]: [96366644e4e44a0331331087ddd55f7c] RESPONSE GetElementText "Tuelip Beautiful Cute Ceramic Printed for Tea and Coffe..."
[1744521176.988][INFO]: [96366644e4e44a0331331087ddd55f7c] COMMAND FindChildElement {
   "id": "f.FA7F9F0460E8C13CECE7AFB28C7D66DB.d.0C4AE97B349F22F0083DFBCECE0003F5.e.1048",
   "using": "xpath",
   "value": ".//img[@class='DByuf4']"
}
[1744521176.988][INFO]: Waiting for pending navigations...
[1744521176.990][INFO]: Done waiting for pending navigations. Status: ok
[1744521177.004][INFO]: Waiting for pending navigations...
[1744521177.006][INFO]: Done waiting for pending navigations. Status: ok
[1744521177.006][INFO]: [96366644e4e44a0331331087ddd55f7c] RESPONSE FindChildElement {
   "element-6066-11e4-a52e-4f735466cecf": "f.FA7F9F0460E8C13CECE7AFB28C7D66DB.d.0C4AE97B349F22F0083DFBCECE0003F5.e.1133"
}
[1744521177.011][INFO]: [96366644e4e44a0331331087ddd55f7c] COMMAND ExecuteScript {
   "args": [ {
      "element-6066-11e4-a52e-4f735466cecf": "f.FA7F9F0460E8C13CECE7AFB28C7D66DB.d.0C4AE97B349F22F0083DFBCECE0003F5.e.1133"
   }, "src" ],
   "script": "/* getAttribute */return (function(){return (function(){var d=this||self;function f(a,b){function c(){}c.prototype=b.prototype;a.prototype=new c;a.prototype.constructor=a};var h=Array.prototype.indexOf?function(a,b){return Array.prototype.indexOf.call(a,b,void 0)}:function(a,b){if(\"string\"===typeof a)return\"string\"!==typeof b||1!=b.length?-1:a.indexOf(b,0);for(var c=0;c\u003Ca.length;c++)if(c in a&&a[c]===b)return c;return-1},k=Array.prototype.forEach?function(a,b){Array.prototype.forEach.call(a,b,void 0)}:function(a,b){for(var c=a.length,e=\"string\"===typeof a?a.split(\"\"):a,g=0;g\u003Cc;g++)g in e&&b.call(void 0,e[g],g,a)};function l(a,b){this.code=a;this.a=m[a]||n;this.message=b||\"\";a=this.a.replace(/((?:^|\\s+)[a-z])/g,function(c){return c.toUpperCase().replace(/^[\\s\\xa0]+/g,\"\")});b=a.length-5;if(0>b||a.indexOf(\"Error\",b)!=b)a+=\"Error\";this.name=a;a=Error(this.message);a.name=this.name;this.stack=a.stack||\"\"}f(l,Error);var n=\"unknown error\",m={15:\"element not selectable\",11:\"element not visible\"};m[31]=n;m[30]=n;m[24]=\"invalid cookie domain\";m[29]=\"invalid element coordinates\";m[12]=\"invalid element state\";m[32]=\"invalid selector\";\nm[51]=\"invalid selector\";m[52]=\"invalid selector\";m[17]=\"javascript error\";m[405]=\"unsupported operation\";m[34]=\"move target out of bounds\";m[27]=\"no such alert\";m[7]=\"no such element\";m[8]=\"no such frame\";m[23]=\"no such window\";m[28]=\"script timeout\";m[33]=\"session not created\";m[10]=\"stale element reference\";m[21]=\"timeout\";m[25]=\"unable to set cookie\";m[26]=\"unexpected alert open\";m[13]=n;m[9]=\"unknown command\";var p;a:{var q=d.navigator;if(q){var r=q.userAgent;if(r){p=r;break a}}p=\"\"}function t(a){return-1!=p.indexOf(a)};function u(){return t(\"Firefox\")||t(\"FxiOS\")}function v(){return(t(\"Chrome\")||t(\"CriOS\"))&&!t(\"Edge\")};function w(){return t(\"iPhone\")&&!t(\"iPod\")&&!t(\"iPad\")};var y=t(\"Opera\"),z=t(\"Trident\")||t(\"MSIE\"),A=t(\"Edge\"),B=t(\"Gecko\")&&!(-1!=p.toLowerCase().indexOf(\"webkit\")&&!t(\"Edge\"))&&!(t(\"Trident\")||t(\"MSIE\"))&&!t(\"Edge\"),C=-1!=p.toLowerCase().indexOf(\"webkit\")&&!t(\"Edge\");function D(){var a=d.document;return a?a.documentMode:void 0}var E;\na:{var F=\"\",G=function(){var a=p;if(B)return/rv:([^\\);]+)(\\)|;)/.exec(a);if(A)return/Edge\\/([\\d\\.]+)/.exec(a);if(z)return/\\b(?:MSIE|rv)[: ]([^\\);]+)(\\)|;)/.exec(a);if(C)return/WebKit\\/(\\S+)/.exec(a);if(y)return/(?:Version)[ \\/]?(\\S+)/.exec(a)}();G&&(F=G?G[1]:\"\");if(z){var H=D();if(null!=H&&H>parseFloat(F)){E=String(H);break a}}E=F}var I;I=d.document&&z?D():void 0;var J=u(),K=w()||t(\"iPod\"),L=t(\"iPad\"),M=t(\"Android\")&&!(v()||u()||t(\"Opera\")||t(\"Silk\")),N=v(),aa=t(\"Safari\")&&!(v()||t(\"Coast\")||t(\"Opera\")||t(\"Edge\")||t(\"Edg/\")||t(\"OPR\")||u()||t(\"Silk\")||t(\"Android\"))&&!(w()||t(\"iPad\")||t(\"iPod\"));function O(a){return(a=a.exec(p))?a[1]:\"\"}(function(){if(J)return O(/Firefox\\/([0-9.]+)/);if(z||A||y)return E;if(N)return w()||t(\"iPad\")||t(\"iPod\")?O(/CriOS\\/([0-9.]+)/):O(/Chrome\\/([0-9.]+)/);if(aa&&!(w()||t(\"iPad\")||t(\"iPod\")))return O(/Version\\/([0-9.]+)/);if(K||L){var a=/Version\\/(\\S+).*Mobile\\/(\\S+)/.exec(p);if(a)return a[1]+\".\"+a[2]}else if(M)return(a=O(/Android\\s+([0-9.]+)/))?a:O(/Version\\/([0-9.]+)/);return\"\"})();var P=z&&!(8\u003C=Number(I)),ba=z&&!(9\u003C=Number(I));var ca={SCRIPT:1,STYLE:1,HEAD:1,IFRAME:1,OBJECT:1},Q={IMG:\" \",BR:\"\\n\"};function R(a,b,c){if(!(a.nodeName in ca))if(3==a.nodeType)c?b.push(String(a.nodeValue).replace(/(\\r\\n|\\r|\\n)/g,\"\")):b.push(a.nodeValue);else if(a.nodeName in Q)b.push(Q[a.nodeName]);else for(a=a.firstChild;a;)R(a,b,c),a=a.nextSibling};function S(a,b){b=b.toLowerCase();return\"style\"==b?da(a.style.cssText):P&&\"value\"==b&&T(a,\"INPUT\")?a.value:ba&&!0===a[b]?String(a.getAttribute(b)):(a=a.getAttributeNode(b))&&a.specified?a.value:null}var ea=/[;]+(?=(?:(?:[^\"]*\"){2})*[^\"]*$)(?=(?:(?:[^']*'){2})*[^']*$)(?=(?:[^()]*\\([^()]*\\))*[^()]*$)/;\nfunction da(a){var b=[];k(a.split(ea),function(c){var e=c.indexOf(\":\");0\u003Ce&&(c=[c.slice(0,e),c.slice(e+1)],2==c.length&&b.push(c[0].toLowerCase(),\":\",c[1],\";\"))});b=b.join(\"\");return b=\";\"==b.charAt(b.length-1)?b:b+\";\"}function U(a,b){P&&\"value\"==b&&T(a,\"OPTION\")&&null===S(a,\"value\")?(b=[],R(a,b,!1),a=b.join(\"\")):a=a[b];return a}function T(a,b){b&&\"string\"!==typeof b&&(b=b.toString());return!!a&&1==a.nodeType&&(!b||a.tagName.toUpperCase()==b)}\nfunction V(a){return T(a,\"OPTION\")?!0:T(a,\"INPUT\")?(a=a.type.toLowerCase(),\"checkbox\"==a||\"radio\"==a):!1};var fa={\"class\":\"className\",readonly:\"readOnly\"},ha=\"allowfullscreen allowpaymentrequest allowusermedia async autofocus autoplay checked compact complete controls declare default defaultchecked defaultselected defer disabled ended formnovalidate hidden indeterminate iscontenteditable ismap itemscope loop multiple muted nohref nomodule noresize noshade novalidate nowrap open paused playsinline pubdate readonly required reversed scoped seamless seeking selected truespeed typemustmatch willvalidate\".split(\" \");function W(a,b){var c=null,e=b.toLowerCase();if(\"style\"==e)return(c=a.style)&&\"string\"!=typeof c&&(c=c.cssText),c;if((\"selected\"==e||\"checked\"==e)&&V(a)){if(!V(a))throw new l(15,\"Element is not selectable\");b=\"selected\";c=a.type&&a.type.toLowerCase();if(\"checkbox\"==c||\"radio\"==c)b=\"checked\";return U(a,b)?\"true\":null}var g=T(a,\"A\");if(T(a,\"IMG\")&&\"src\"==e||g&&\"href\"==e)return(c=S(a,e))&&(c=U(a,e)),c;if(\"spellcheck\"==e){c=S(a,e);if(null!==c){if(\"false\"==c.toLowerCase())return\"false\";if(\"true\"==c.toLowerCase())return\"true\"}return U(a,\ne)+\"\"}g=fa[b]||b;if(0\u003C=h(ha,e))return(c=null!==S(a,b)||U(a,g))?\"true\":null;try{var x=U(a,g)}catch(ia){}(e=null==x)||(e=typeof x,e=\"object\"==e&&null!=x||\"function\"==e);e?c=S(a,b):c=x;return null!=c?c.toString():null}var X=[\"_\"],Y=d;X[0]in Y||\"undefined\"==typeof Y.execScript||Y.execScript(\"var \"+X[0]);for(var Z;X.length&&(Z=X.shift());)X.length||void 0===W?Y[Z]&&Y[Z]!==Object.prototype[Z]?Y=Y[Z]:Y=Y[Z]={}:Y[Z]=W;; return this._.apply(null,arguments);}).apply({navigator:typeof window!='undefined'?window.navigator:null,document:typeof window!='undefined'?window.document:null}, arguments);}\n).apply(null, arguments);"
}
[1744521177.012][INFO]: Waiting for pending navigations...
[1744521177.013][INFO]: Done waiting for pending navigations. Status: ok
[1744521177.023][INFO]: Waiting for pending navigations...
[1744521177.024][INFO]: Done waiting for pending navigations. Status: ok
[1744521177.024][INFO]: [96366644e4e44a0331331087ddd55f7c] RESPONSE ExecuteScript "https://rukminim2.flixcart.com/image/612/612/knknc7k0/mug/r/o/f/beautiful-cute-ceramic-printed-mug-for-tea-and-coffee-350-ml-original-imag28fetdggytgg.jpeg?q=70"
[1744521177.028][INFO]: [96366644e4e44a0331331087ddd55f7c] COMMAND FindChildElement {
   "id": "f.FA7F9F0460E8C13CECE7AFB28C7D66DB.d.0C4AE97B349F22F0083DFBCECE0003F5.e.1048",
   "using": "xpath",
   "value": ".//span[@class='Wphh3N']"
}
[1744521177.028][INFO]: Waiting for pending navigations...
[1744521177.030][INFO]: Done waiting for pending navigations. Status: ok
[1744521177.045][INFO]: Waiting for pending navigations...
[1744521177.046][INFO]: Done waiting for pending navigations. Status: ok
[1744521177.047][INFO]: [96366644e4e44a0331331087ddd55f7c] RESPONSE FindChildElement {
   "element-6066-11e4-a52e-4f735466cecf": "f.FA7F9F0460E8C13CECE7AFB28C7D66DB.d.0C4AE97B349F22F0083DFBCECE0003F5.e.1134"
}
[1744521177.050][INFO]: [96366644e4e44a0331331087ddd55f7c] COMMAND GetElementText {
   "id": "f.FA7F9F0460E8C13CECE7AFB28C7D66DB.d.0C4AE97B349F22F0083DFBCECE0003F5.e.1134"
}
[1744521177.050][INFO]: Waiting for pending navigations...
[1744521177.052][INFO]: Done waiting for pending navigations. Status: ok
[1744521177.067][INFO]: Waiting for pending navigations...
[1744521177.068][INFO]: Done waiting for pending navigations. Status: ok
[1744521177.068][INFO]: [96366644e4e44a0331331087ddd55f7c] RESPONSE GetElementText "(259)"
[1744521177.073][INFO]: [96366644e4e44a0331331087ddd55f7c] COMMAND FindChildElement {
   "id": "f.FA7F9F0460E8C13CECE7AFB28C7D66DB.d.0C4AE97B349F22F0083DFBCECE0003F5.e.1049",
   "using": "xpath",
   "value": ".//a[@class='wjcEIp']"
}
[1744521177.073][INFO]: Waiting for pending navigations...
[1744521177.074][INFO]: Done waiting for pending navigations. Status: ok
[1744521177.084][INFO]: Waiting for pending navigations...
[1744521177.085][INFO]: Done waiting for pending navigations. Status: ok
[1744521177.085][INFO]: [96366644e4e44a0331331087ddd55f7c] RESPONSE FindChildElement {
   "element-6066-11e4-a52e-4f735466cecf": "f.FA7F9F0460E8C13CECE7AFB28C7D66DB.d.0C4AE97B349F22F0083DFBCECE0003F5.e.1135"
}
[1744521177.087][INFO]: [96366644e4e44a0331331087ddd55f7c] COMMAND GetElementText {
   "id": "f.FA7F9F0460E8C13CECE7AFB28C7D66DB.d.0C4AE97B349F22F0083DFBCECE0003F5.e.1135"
}
[1744521177.087][INFO]: Waiting for pending navigations...
[1744521177.088][INFO]: Done waiting for pending navigations. Status: ok
[1744521177.094][INFO]: Waiting for pending navigations...
[1744521177.095][INFO]: Done waiting for pending navigations. Status: ok
[1744521177.095][INFO]: [96366644e4e44a0331331087ddd55f7c] RESPONSE GetElementText "MOOZICO Drinking Cold Coffee Juice Ice Drinks Glass Can..."
[1744521177.098][INFO]: [96366644e4e44a0331331087ddd55f7c] COMMAND FindChildElement {
   "id": "f.FA7F9F0460E8C13CECE7AFB28C7D66DB.d.0C4AE97B349F22F0083DFBCECE0003F5.e.1049",
   "using": "xpath",
   "value": ".//img[@class='DByuf4']"
}
[1744521177.098][INFO]: Waiting for pending navigations...
[1744521177.098][INFO]: Done waiting for pending navigations. Status: ok
[1744521177.104][INFO]: Waiting for pending navigations...
[1744521177.104][INFO]: Done waiting for pending navigations. Status: ok
[1744521177.104][INFO]: [96366644e4e44a0331331087ddd55f7c] RESPONSE FindChildElement {
   "element-6066-11e4-a52e-4f735466cecf": "f.FA7F9F0460E8C13CECE7AFB28C7D66DB.d.0C4AE97B349F22F0083DFBCECE0003F5.e.1136"
}
[1744521177.107][INFO]: [96366644e4e44a0331331087ddd55f7c] COMMAND ExecuteScript {
   "args": [ {
      "element-6066-11e4-a52e-4f735466cecf": "f.FA7F9F0460E8C13CECE7AFB28C7D66DB.d.0C4AE97B349F22F0083DFBCECE0003F5.e.1136"
   }, "src" ],
   "script": "/* getAttribute */return (function(){return (function(){var d=this||self;function f(a,b){function c(){}c.prototype=b.prototype;a.prototype=new c;a.prototype.constructor=a};var h=Array.prototype.indexOf?function(a,b){return Array.prototype.indexOf.call(a,b,void 0)}:function(a,b){if(\"string\"===typeof a)return\"string\"!==typeof b||1!=b.length?-1:a.indexOf(b,0);for(var c=0;c\u003Ca.length;c++)if(c in a&&a[c]===b)return c;return-1},k=Array.prototype.forEach?function(a,b){Array.prototype.forEach.call(a,b,void 0)}:function(a,b){for(var c=a.length,e=\"string\"===typeof a?a.split(\"\"):a,g=0;g\u003Cc;g++)g in e&&b.call(void 0,e[g],g,a)};function l(a,b){this.code=a;this.a=m[a]||n;this.message=b||\"\";a=this.a.replace(/((?:^|\\s+)[a-z])/g,function(c){return c.toUpperCase().replace(/^[\\s\\xa0]+/g,\"\")});b=a.length-5;if(0>b||a.indexOf(\"Error\",b)!=b)a+=\"Error\";this.name=a;a=Error(this.message);a.name=this.name;this.stack=a.stack||\"\"}f(l,Error);var n=\"unknown error\",m={15:\"element not selectable\",11:\"element not visible\"};m[31]=n;m[30]=n;m[24]=\"invalid cookie domain\";m[29]=\"invalid element coordinates\";m[12]=\"invalid element state\";m[32]=\"invalid selector\";\nm[51]=\"invalid selector\";m[52]=\"invalid selector\";m[17]=\"javascript error\";m[405]=\"unsupported operation\";m[34]=\"move target out of bounds\";m[27]=\"no such alert\";m[7]=\"no such element\";m[8]=\"no such frame\";m[23]=\"no such window\";m[28]=\"script timeout\";m[33]=\"session not created\";m[10]=\"stale element reference\";m[21]=\"timeout\";m[25]=\"unable to set cookie\";m[26]=\"unexpected alert open\";m[13]=n;m[9]=\"unknown command\";var p;a:{var q=d.navigator;if(q){var r=q.userAgent;if(r){p=r;break a}}p=\"\"}function t(a){return-1!=p.indexOf(a)};function u(){return t(\"Firefox\")||t(\"FxiOS\")}function v(){return(t(\"Chrome\")||t(\"CriOS\"))&&!t(\"Edge\")};function w(){return t(\"iPhone\")&&!t(\"iPod\")&&!t(\"iPad\")};var y=t(\"Opera\"),z=t(\"Trident\")||t(\"MSIE\"),A=t(\"Edge\"),B=t(\"Gecko\")&&!(-1!=p.toLowerCase().indexOf(\"webkit\")&&!t(\"Edge\"))&&!(t(\"Trident\")||t(\"MSIE\"))&&!t(\"Edge\"),C=-1!=p.toLowerCase().indexOf(\"webkit\")&&!t(\"Edge\");function D(){var a=d.document;return a?a.documentMode:void 0}var E;\na:{var F=\"\",G=function(){var a=p;if(B)return/rv:([^\\);]+)(\\)|;)/.exec(a);if(A)return/Edge\\/([\\d\\.]+)/.exec(a);if(z)return/\\b(?:MSIE|rv)[: ]([^\\);]+)(\\)|;)/.exec(a);if(C)return/WebKit\\/(\\S+)/.exec(a);if(y)return/(?:Version)[ \\/]?(\\S+)/.exec(a)}();G&&(F=G?G[1]:\"\");if(z){var H=D();if(null!=H&&H>parseFloat(F)){E=String(H);break a}}E=F}var I;I=d.document&&z?D():void 0;var J=u(),K=w()||t(\"iPod\"),L=t(\"iPad\"),M=t(\"Android\")&&!(v()||u()||t(\"Opera\")||t(\"Silk\")),N=v(),aa=t(\"Safari\")&&!(v()||t(\"Coast\")||t(\"Opera\")||t(\"Edge\")||t(\"Edg/\")||t(\"OPR\")||u()||t(\"Silk\")||t(\"Android\"))&&!(w()||t(\"iPad\")||t(\"iPod\"));function O(a){return(a=a.exec(p))?a[1]:\"\"}(function(){if(J)return O(/Firefox\\/([0-9.]+)/);if(z||A||y)return E;if(N)return w()||t(\"iPad\")||t(\"iPod\")?O(/CriOS\\/([0-9.]+)/):O(/Chrome\\/([0-9.]+)/);if(aa&&!(w()||t(\"iPad\")||t(\"iPod\")))return O(/Version\\/([0-9.]+)/);if(K||L){var a=/Version\\/(\\S+).*Mobile\\/(\\S+)/.exec(p);if(a)return a[1]+\".\"+a[2]}else if(M)return(a=O(/Android\\s+([0-9.]+)/))?a:O(/Version\\/([0-9.]+)/);return\"\"})();var P=z&&!(8\u003C=Number(I)),ba=z&&!(9\u003C=Number(I));var ca={SCRIPT:1,STYLE:1,HEAD:1,IFRAME:1,OBJECT:1},Q={IMG:\" \",BR:\"\\n\"};function R(a,b,c){if(!(a.nodeName in ca))if(3==a.nodeType)c?b.push(String(a.nodeValue).replace(/(\\r\\n|\\r|\\n)/g,\"\")):b.push(a.nodeValue);else if(a.nodeName in Q)b.push(Q[a.nodeName]);else for(a=a.firstChild;a;)R(a,b,c),a=a.nextSibling};function S(a,b){b=b.toLowerCase();return\"style\"==b?da(a.style.cssText):P&&\"value\"==b&&T(a,\"INPUT\")?a.value:ba&&!0===a[b]?String(a.getAttribute(b)):(a=a.getAttributeNode(b))&&a.specified?a.value:null}var ea=/[;]+(?=(?:(?:[^\"]*\"){2})*[^\"]*$)(?=(?:(?:[^']*'){2})*[^']*$)(?=(?:[^()]*\\([^()]*\\))*[^()]*$)/;\nfunction da(a){var b=[];k(a.split(ea),function(c){var e=c.indexOf(\":\");0\u003Ce&&(c=[c.slice(0,e),c.slice(e+1)],2==c.length&&b.push(c[0].toLowerCase(),\":\",c[1],\";\"))});b=b.join(\"\");return b=\";\"==b.charAt(b.length-1)?b:b+\";\"}function U(a,b){P&&\"value\"==b&&T(a,\"OPTION\")&&null===S(a,\"value\")?(b=[],R(a,b,!1),a=b.join(\"\")):a=a[b];return a}function T(a,b){b&&\"string\"!==typeof b&&(b=b.toString());return!!a&&1==a.nodeType&&(!b||a.tagName.toUpperCase()==b)}\nfunction V(a){return T(a,\"OPTION\")?!0:T(a,\"INPUT\")?(a=a.type.toLowerCase(),\"checkbox\"==a||\"radio\"==a):!1};var fa={\"class\":\"className\",readonly:\"readOnly\"},ha=\"allowfullscreen allowpaymentrequest allowusermedia async autofocus autoplay checked compact complete controls declare default defaultchecked defaultselected defer disabled ended formnovalidate hidden indeterminate iscontenteditable ismap itemscope loop multiple muted nohref nomodule noresize noshade novalidate nowrap open paused playsinline pubdate readonly required reversed scoped seamless seeking selected truespeed typemustmatch willvalidate\".split(\" \");function W(a,b){var c=null,e=b.toLowerCase();if(\"style\"==e)return(c=a.style)&&\"string\"!=typeof c&&(c=c.cssText),c;if((\"selected\"==e||\"checked\"==e)&&V(a)){if(!V(a))throw new l(15,\"Element is not selectable\");b=\"selected\";c=a.type&&a.type.toLowerCase();if(\"checkbox\"==c||\"radio\"==c)b=\"checked\";return U(a,b)?\"true\":null}var g=T(a,\"A\");if(T(a,\"IMG\")&&\"src\"==e||g&&\"href\"==e)return(c=S(a,e))&&(c=U(a,e)),c;if(\"spellcheck\"==e){c=S(a,e);if(null!==c){if(\"false\"==c.toLowerCase())return\"false\";if(\"true\"==c.toLowerCase())return\"true\"}return U(a,\ne)+\"\"}g=fa[b]||b;if(0\u003C=h(ha,e))return(c=null!==S(a,b)||U(a,g))?\"true\":null;try{var x=U(a,g)}catch(ia){}(e=null==x)||(e=typeof x,e=\"object\"==e&&null!=x||\"function\"==e);e?c=S(a,b):c=x;return null!=c?c.toString():null}var X=[\"_\"],Y=d;X[0]in Y||\"undefined\"==typeof Y.execScript||Y.execScript(\"var \"+X[0]);for(var Z;X.length&&(Z=X.shift());)X.length||void 0===W?Y[Z]&&Y[Z]!==Object.prototype[Z]?Y=Y[Z]:Y=Y[Z]={}:Y[Z]=W;; return this._.apply(null,arguments);}).apply({navigator:typeof window!='undefined'?window.navigator:null,document:typeof window!='undefined'?window.document:null}, arguments);}\n).apply(null, arguments);"
}
[1744521177.107][INFO]: Waiting for pending navigations...
[1744521177.107][INFO]: Done waiting for pending navigations. Status: ok
[1744521177.111][INFO]: Waiting for pending navigations...
[1744521177.112][INFO]: Done waiting for pending navigations. Status: ok
[1744521177.112][INFO]: [96366644e4e44a0331331087ddd55f7c] RESPONSE ExecuteScript "https://rukminim2.flixcart.com/image/612/612/xif0q/mug/g/0/a/drinking-cold-coffee-juice-ice-drinks-glass-can-mug-with-straw-original-imah3yz2txz3zazv.jpeg?q=70"
[1744521177.114][INFO]: [96366644e4e44a0331331087ddd55f7c] COMMAND FindChildElement {
   "id": "f.FA7F9F0460E8C13CECE7AFB28C7D66DB.d.0C4AE97B349F22F0083DFBCECE0003F5.e.1049",
   "using": "xpath",
   "value": ".//span[@class='Wphh3N']"
}
[1744521177.114][INFO]: Waiting for pending navigations...
[1744521177.114][INFO]: Done waiting for pending navigations. Status: ok
[1744521177.119][INFO]: Waiting for pending navigations...
[1744521177.120][INFO]: Done waiting for pending navigations. Status: ok
[1744521177.120][INFO]: [96366644e4e44a0331331087ddd55f7c] RESPONSE FindChildElement {
   "element-6066-11e4-a52e-4f735466cecf": "f.FA7F9F0460E8C13CECE7AFB28C7D66DB.d.0C4AE97B349F22F0083DFBCECE0003F5.e.1137"
}
[1744521177.121][INFO]: [96366644e4e44a0331331087ddd55f7c] COMMAND GetElementText {
   "id": "f.FA7F9F0460E8C13CECE7AFB28C7D66DB.d.0C4AE97B349F22F0083DFBCECE0003F5.e.1137"
}
[1744521177.121][INFO]: Waiting for pending navigations...
[1744521177.122][INFO]: Done waiting for pending navigations. Status: ok
[1744521177.128][INFO]: Waiting for pending navigations...
[1744521177.129][INFO]: Done waiting for pending navigations. Status: ok
[1744521177.129][INFO]: [96366644e4e44a0331331087ddd55f7c] RESPONSE GetElementText "(7)"
[1744521177.131][INFO]: [96366644e4e44a0331331087ddd55f7c] COMMAND FindChildElement {
   "id": "f.FA7F9F0460E8C13CECE7AFB28C7D66DB.d.0C4AE97B349F22F0083DFBCECE0003F5.e.1050",
   "using": "xpath",
   "value": ".//a[@class='wjcEIp']"
}
[1744521177.131][INFO]: Waiting for pending navigations...
[1744521177.131][INFO]: Done waiting for pending navigations. Status: ok
[1744521177.137][INFO]: Waiting for pending navigations...
[1744521177.138][INFO]: Done waiting for pending navigations. Status: ok
[1744521177.138][INFO]: [96366644e4e44a0331331087ddd55f7c] RESPONSE FindChildElement {
   "element-6066-11e4-a52e-4f735466cecf": "f.FA7F9F0460E8C13CECE7AFB28C7D66DB.d.0C4AE97B349F22F0083DFBCECE0003F5.e.1138"
}
[1744521177.139][INFO]: [96366644e4e44a0331331087ddd55f7c] COMMAND GetElementText {
   "id": "f.FA7F9F0460E8C13CECE7AFB28C7D66DB.d.0C4AE97B349F22F0083DFBCECE0003F5.e.1138"
}
[1744521177.139][INFO]: Waiting for pending navigations...
[1744521177.140][INFO]: Done waiting for pending navigations. Status: ok
[1744521177.146][INFO]: Waiting for pending navigations...
[1744521177.146][INFO]: Done waiting for pending navigations. Status: ok
[1744521177.146][INFO]: [96366644e4e44a0331331087ddd55f7c] RESPONSE GetElementText "Mr UVD Specially Designed Marvells Printeds MV2_MUGG Ce..."
[1744521177.148][INFO]: [96366644e4e44a0331331087ddd55f7c] COMMAND FindChildElement {
   "id": "f.FA7F9F0460E8C13CECE7AFB28C7D66DB.d.0C4AE97B349F22F0083DFBCECE0003F5.e.1050",
   "using": "xpath",
   "value": ".//img[@class='DByuf4']"
}
[1744521177.148][INFO]: Waiting for pending navigations...
[1744521177.149][INFO]: Done waiting for pending navigations. Status: ok
[1744521177.154][INFO]: Waiting for pending navigations...
[1744521177.155][INFO]: Done waiting for pending navigations. Status: ok
[1744521177.155][INFO]: [96366644e4e44a0331331087ddd55f7c] RESPONSE FindChildElement {
   "element-6066-11e4-a52e-4f735466cecf": "f.FA7F9F0460E8C13CECE7AFB28C7D66DB.d.0C4AE97B349F22F0083DFBCECE0003F5.e.1139"
}
[1744521177.157][INFO]: [96366644e4e44a0331331087ddd55f7c] COMMAND ExecuteScript {
   "args": [ {
      "element-6066-11e4-a52e-4f735466cecf": "f.FA7F9F0460E8C13CECE7AFB28C7D66DB.d.0C4AE97B349F22F0083DFBCECE0003F5.e.1139"
   }, "src" ],
   "script": "/* getAttribute */return (function(){return (function(){var d=this||self;function f(a,b){function c(){}c.prototype=b.prototype;a.prototype=new c;a.prototype.constructor=a};var h=Array.prototype.indexOf?function(a,b){return Array.prototype.indexOf.call(a,b,void 0)}:function(a,b){if(\"string\"===typeof a)return\"string\"!==typeof b||1!=b.length?-1:a.indexOf(b,0);for(var c=0;c\u003Ca.length;c++)if(c in a&&a[c]===b)return c;return-1},k=Array.prototype.forEach?function(a,b){Array.prototype.forEach.call(a,b,void 0)}:function(a,b){for(var c=a.length,e=\"string\"===typeof a?a.split(\"\"):a,g=0;g\u003Cc;g++)g in e&&b.call(void 0,e[g],g,a)};function l(a,b){this.code=a;this.a=m[a]||n;this.message=b||\"\";a=this.a.replace(/((?:^|\\s+)[a-z])/g,function(c){return c.toUpperCase().replace(/^[\\s\\xa0]+/g,\"\")});b=a.length-5;if(0>b||a.indexOf(\"Error\",b)!=b)a+=\"Error\";this.name=a;a=Error(this.message);a.name=this.name;this.stack=a.stack||\"\"}f(l,Error);var n=\"unknown error\",m={15:\"element not selectable\",11:\"element not visible\"};m[31]=n;m[30]=n;m[24]=\"invalid cookie domain\";m[29]=\"invalid element coordinates\";m[12]=\"invalid element state\";m[32]=\"invalid selector\";\nm[51]=\"invalid selector\";m[52]=\"invalid selector\";m[17]=\"javascript error\";m[405]=\"unsupported operation\";m[34]=\"move target out of bounds\";m[27]=\"no such alert\";m[7]=\"no such element\";m[8]=\"no such frame\";m[23]=\"no such window\";m[28]=\"script timeout\";m[33]=\"session not created\";m[10]=\"stale element reference\";m[21]=\"timeout\";m[25]=\"unable to set cookie\";m[26]=\"unexpected alert open\";m[13]=n;m[9]=\"unknown command\";var p;a:{var q=d.navigator;if(q){var r=q.userAgent;if(r){p=r;break a}}p=\"\"}function t(a){return-1!=p.indexOf(a)};function u(){return t(\"Firefox\")||t(\"FxiOS\")}function v(){return(t(\"Chrome\")||t(\"CriOS\"))&&!t(\"Edge\")};function w(){return t(\"iPhone\")&&!t(\"iPod\")&&!t(\"iPad\")};var y=t(\"Opera\"),z=t(\"Trident\")||t(\"MSIE\"),A=t(\"Edge\"),B=t(\"Gecko\")&&!(-1!=p.toLowerCase().indexOf(\"webkit\")&&!t(\"Edge\"))&&!(t(\"Trident\")||t(\"MSIE\"))&&!t(\"Edge\"),C=-1!=p.toLowerCase().indexOf(\"webkit\")&&!t(\"Edge\");function D(){var a=d.document;return a?a.documentMode:void 0}var E;\na:{var F=\"\",G=function(){var a=p;if(B)return/rv:([^\\);]+)(\\)|;)/.exec(a);if(A)return/Edge\\/([\\d\\.]+)/.exec(a);if(z)return/\\b(?:MSIE|rv)[: ]([^\\);]+)(\\)|;)/.exec(a);if(C)return/WebKit\\/(\\S+)/.exec(a);if(y)return/(?:Version)[ \\/]?(\\S+)/.exec(a)}();G&&(F=G?G[1]:\"\");if(z){var H=D();if(null!=H&&H>parseFloat(F)){E=String(H);break a}}E=F}var I;I=d.document&&z?D():void 0;var J=u(),K=w()||t(\"iPod\"),L=t(\"iPad\"),M=t(\"Android\")&&!(v()||u()||t(\"Opera\")||t(\"Silk\")),N=v(),aa=t(\"Safari\")&&!(v()||t(\"Coast\")||t(\"Opera\")||t(\"Edge\")||t(\"Edg/\")||t(\"OPR\")||u()||t(\"Silk\")||t(\"Android\"))&&!(w()||t(\"iPad\")||t(\"iPod\"));function O(a){return(a=a.exec(p))?a[1]:\"\"}(function(){if(J)return O(/Firefox\\/([0-9.]+)/);if(z||A||y)return E;if(N)return w()||t(\"iPad\")||t(\"iPod\")?O(/CriOS\\/([0-9.]+)/):O(/Chrome\\/([0-9.]+)/);if(aa&&!(w()||t(\"iPad\")||t(\"iPod\")))return O(/Version\\/([0-9.]+)/);if(K||L){var a=/Version\\/(\\S+).*Mobile\\/(\\S+)/.exec(p);if(a)return a[1]+\".\"+a[2]}else if(M)return(a=O(/Android\\s+([0-9.]+)/))?a:O(/Version\\/([0-9.]+)/);return\"\"})();var P=z&&!(8\u003C=Number(I)),ba=z&&!(9\u003C=Number(I));var ca={SCRIPT:1,STYLE:1,HEAD:1,IFRAME:1,OBJECT:1},Q={IMG:\" \",BR:\"\\n\"};function R(a,b,c){if(!(a.nodeName in ca))if(3==a.nodeType)c?b.push(String(a.nodeValue).replace(/(\\r\\n|\\r|\\n)/g,\"\")):b.push(a.nodeValue);else if(a.nodeName in Q)b.push(Q[a.nodeName]);else for(a=a.firstChild;a;)R(a,b,c),a=a.nextSibling};function S(a,b){b=b.toLowerCase();return\"style\"==b?da(a.style.cssText):P&&\"value\"==b&&T(a,\"INPUT\")?a.value:ba&&!0===a[b]?String(a.getAttribute(b)):(a=a.getAttributeNode(b))&&a.specified?a.value:null}var ea=/[;]+(?=(?:(?:[^\"]*\"){2})*[^\"]*$)(?=(?:(?:[^']*'){2})*[^']*$)(?=(?:[^()]*\\([^()]*\\))*[^()]*$)/;\nfunction da(a){var b=[];k(a.split(ea),function(c){var e=c.indexOf(\":\");0\u003Ce&&(c=[c.slice(0,e),c.slice(e+1)],2==c.length&&b.push(c[0].toLowerCase(),\":\",c[1],\";\"))});b=b.join(\"\");return b=\";\"==b.charAt(b.length-1)?b:b+\";\"}function U(a,b){P&&\"value\"==b&&T(a,\"OPTION\")&&null===S(a,\"value\")?(b=[],R(a,b,!1),a=b.join(\"\")):a=a[b];return a}function T(a,b){b&&\"string\"!==typeof b&&(b=b.toString());return!!a&&1==a.nodeType&&(!b||a.tagName.toUpperCase()==b)}\nfunction V(a){return T(a,\"OPTION\")?!0:T(a,\"INPUT\")?(a=a.type.toLowerCase(),\"checkbox\"==a||\"radio\"==a):!1};var fa={\"class\":\"className\",readonly:\"readOnly\"},ha=\"allowfullscreen allowpaymentrequest allowusermedia async autofocus autoplay checked compact complete controls declare default defaultchecked defaultselected defer disabled ended formnovalidate hidden indeterminate iscontenteditable ismap itemscope loop multiple muted nohref nomodule noresize noshade novalidate nowrap open paused playsinline pubdate readonly required reversed scoped seamless seeking selected truespeed typemustmatch willvalidate\".split(\" \");function W(a,b){var c=null,e=b.toLowerCase();if(\"style\"==e)return(c=a.style)&&\"string\"!=typeof c&&(c=c.cssText),c;if((\"selected\"==e||\"checked\"==e)&&V(a)){if(!V(a))throw new l(15,\"Element is not selectable\");b=\"selected\";c=a.type&&a.type.toLowerCase();if(\"checkbox\"==c||\"radio\"==c)b=\"checked\";return U(a,b)?\"true\":null}var g=T(a,\"A\");if(T(a,\"IMG\")&&\"src\"==e||g&&\"href\"==e)return(c=S(a,e))&&(c=U(a,e)),c;if(\"spellcheck\"==e){c=S(a,e);if(null!==c){if(\"false\"==c.toLowerCase())return\"false\";if(\"true\"==c.toLowerCase())return\"true\"}return U(a,\ne)+\"\"}g=fa[b]||b;if(0\u003C=h(ha,e))return(c=null!==S(a,b)||U(a,g))?\"true\":null;try{var x=U(a,g)}catch(ia){}(e=null==x)||(e=typeof x,e=\"object\"==e&&null!=x||\"function\"==e);e?c=S(a,b):c=x;return null!=c?c.toString():null}var X=[\"_\"],Y=d;X[0]in Y||\"undefined\"==typeof Y.execScript||Y.execScript(\"var \"+X[0]);for(var Z;X.length&&(Z=X.shift());)X.length||void 0===W?Y[Z]&&Y[Z]!==Object.prototype[Z]?Y=Y[Z]:Y=Y[Z]={}:Y[Z]=W;; return this._.apply(null,arguments);}).apply({navigator:typeof window!='undefined'?window.navigator:null,document:typeof window!='undefined'?window.document:null}, arguments);}\n).apply(null, arguments);"
}
[1744521177.157][INFO]: Waiting for pending navigations...
[1744521177.158][INFO]: Done waiting for pending navigations. Status: ok
[1744521177.161][INFO]: Waiting for pending navigations...
[1744521177.162][INFO]: Done waiting for pending navigations. Status: ok
[1744521177.162][INFO]: [96366644e4e44a0331331087ddd55f7c] RESPONSE ExecuteScript "https://rukminim2.flixcart.com/image/612/612/xif0q/mug/x/g/c/specially-designed-marvells-printed-mugs-mv2-mugg-350-1-mr-uvd-original-imahay57ughzmjbg.jpeg?q=70"
[1744521177.164][INFO]: [96366644e4e44a0331331087ddd55f7c] COMMAND FindChildElement {
   "id": "f.FA7F9F0460E8C13CECE7AFB28C7D66DB.d.0C4AE97B349F22F0083DFBCECE0003F5.e.1050",
   "using": "xpath",
   "value": ".//span[@class='Wphh3N']"
}
[1744521177.164][INFO]: Waiting for pending navigations...
[1744521177.164][INFO]: Done waiting for pending navigations. Status: ok
[1744521187.216][INFO]: Waiting for pending navigations...
[1744521187.218][INFO]: Done waiting for pending navigations. Status: ok
[1744521187.218][INFO]: [96366644e4e44a0331331087ddd55f7c] RESPONSE FindChildElement ERROR no such element: Unable to locate element: {"method":"xpath","selector":".//span[@class='Wphh3N']"}
  (Session info: chrome=135.0.7049.84)
[1744521187.226][INFO]: [96366644e4e44a0331331087ddd55f7c] COMMAND FindChildElement {
   "id": "f.FA7F9F0460E8C13CECE7AFB28C7D66DB.d.0C4AE97B349F22F0083DFBCECE0003F5.e.1051",
   "using": "xpath",
   "value": ".//a[@class='wjcEIp']"
}
[1744521187.226][INFO]: Waiting for pending navigations...
[1744521187.228][INFO]: Done waiting for pending navigations. Status: ok
[1744521187.245][INFO]: Waiting for pending navigations...
[1744521187.247][INFO]: Done waiting for pending navigations. Status: ok
[1744521187.247][INFO]: [96366644e4e44a0331331087ddd55f7c] RESPONSE FindChildElement {
   "element-6066-11e4-a52e-4f735466cecf": "f.FA7F9F0460E8C13CECE7AFB28C7D66DB.d.0C4AE97B349F22F0083DFBCECE0003F5.e.1140"
}
[1744521187.250][INFO]: [96366644e4e44a0331331087ddd55f7c] COMMAND GetElementText {
   "id": "f.FA7F9F0460E8C13CECE7AFB28C7D66DB.d.0C4AE97B349F22F0083DFBCECE0003F5.e.1140"
}
[1744521187.250][INFO]: Waiting for pending navigations...
[1744521187.252][INFO]: Done waiting for pending navigations. Status: ok
[1744521187.268][INFO]: Waiting for pending navigations...
[1744521187.270][INFO]: Done waiting for pending navigations. Status: ok
[1744521187.270][INFO]: [96366644e4e44a0331331087ddd55f7c] RESPONSE GetElementText "KAVANA Travel Vacuum Insulated Stainless Steel Coffee f..."
[1744521187.274][INFO]: [96366644e4e44a0331331087ddd55f7c] COMMAND FindChildElement {
   "id": "f.FA7F9F0460E8C13CECE7AFB28C7D66DB.d.0C4AE97B349F22F0083DFBCECE0003F5.e.1051",
   "using": "xpath",
   "value": ".//img[@class='DByuf4']"
}
[1744521187.275][INFO]: Waiting for pending navigations...
[1744521187.276][INFO]: Done waiting for pending navigations. Status: ok
[1744521187.292][INFO]: Waiting for pending navigations...
[1744521187.294][INFO]: Done waiting for pending navigations. Status: ok
[1744521187.294][INFO]: [96366644e4e44a0331331087ddd55f7c] RESPONSE FindChildElement {
   "element-6066-11e4-a52e-4f735466cecf": "f.FA7F9F0460E8C13CECE7AFB28C7D66DB.d.0C4AE97B349F22F0083DFBCECE0003F5.e.1141"
}
[1744521187.301][INFO]: [96366644e4e44a0331331087ddd55f7c] COMMAND ExecuteScript {
   "args": [ {
      "element-6066-11e4-a52e-4f735466cecf": "f.FA7F9F0460E8C13CECE7AFB28C7D66DB.d.0C4AE97B349F22F0083DFBCECE0003F5.e.1141"
   }, "src" ],
   "script": "/* getAttribute */return (function(){return (function(){var d=this||self;function f(a,b){function c(){}c.prototype=b.prototype;a.prototype=new c;a.prototype.constructor=a};var h=Array.prototype.indexOf?function(a,b){return Array.prototype.indexOf.call(a,b,void 0)}:function(a,b){if(\"string\"===typeof a)return\"string\"!==typeof b||1!=b.length?-1:a.indexOf(b,0);for(var c=0;c\u003Ca.length;c++)if(c in a&&a[c]===b)return c;return-1},k=Array.prototype.forEach?function(a,b){Array.prototype.forEach.call(a,b,void 0)}:function(a,b){for(var c=a.length,e=\"string\"===typeof a?a.split(\"\"):a,g=0;g\u003Cc;g++)g in e&&b.call(void 0,e[g],g,a)};function l(a,b){this.code=a;this.a=m[a]||n;this.message=b||\"\";a=this.a.replace(/((?:^|\\s+)[a-z])/g,function(c){return c.toUpperCase().replace(/^[\\s\\xa0]+/g,\"\")});b=a.length-5;if(0>b||a.indexOf(\"Error\",b)!=b)a+=\"Error\";this.name=a;a=Error(this.message);a.name=this.name;this.stack=a.stack||\"\"}f(l,Error);var n=\"unknown error\",m={15:\"element not selectable\",11:\"element not visible\"};m[31]=n;m[30]=n;m[24]=\"invalid cookie domain\";m[29]=\"invalid element coordinates\";m[12]=\"invalid element state\";m[32]=\"invalid selector\";\nm[51]=\"invalid selector\";m[52]=\"invalid selector\";m[17]=\"javascript error\";m[405]=\"unsupported operation\";m[34]=\"move target out of bounds\";m[27]=\"no such alert\";m[7]=\"no such element\";m[8]=\"no such frame\";m[23]=\"no such window\";m[28]=\"script timeout\";m[33]=\"session not created\";m[10]=\"stale element reference\";m[21]=\"timeout\";m[25]=\"unable to set cookie\";m[26]=\"unexpected alert open\";m[13]=n;m[9]=\"unknown command\";var p;a:{var q=d.navigator;if(q){var r=q.userAgent;if(r){p=r;break a}}p=\"\"}function t(a){return-1!=p.indexOf(a)};function u(){return t(\"Firefox\")||t(\"FxiOS\")}function v(){return(t(\"Chrome\")||t(\"CriOS\"))&&!t(\"Edge\")};function w(){return t(\"iPhone\")&&!t(\"iPod\")&&!t(\"iPad\")};var y=t(\"Opera\"),z=t(\"Trident\")||t(\"MSIE\"),A=t(\"Edge\"),B=t(\"Gecko\")&&!(-1!=p.toLowerCase().indexOf(\"webkit\")&&!t(\"Edge\"))&&!(t(\"Trident\")||t(\"MSIE\"))&&!t(\"Edge\"),C=-1!=p.toLowerCase().indexOf(\"webkit\")&&!t(\"Edge\");function D(){var a=d.document;return a?a.documentMode:void 0}var E;\na:{var F=\"\",G=function(){var a=p;if(B)return/rv:([^\\);]+)(\\)|;)/.exec(a);if(A)return/Edge\\/([\\d\\.]+)/.exec(a);if(z)return/\\b(?:MSIE|rv)[: ]([^\\);]+)(\\)|;)/.exec(a);if(C)return/WebKit\\/(\\S+)/.exec(a);if(y)return/(?:Version)[ \\/]?(\\S+)/.exec(a)}();G&&(F=G?G[1]:\"\");if(z){var H=D();if(null!=H&&H>parseFloat(F)){E=String(H);break a}}E=F}var I;I=d.document&&z?D():void 0;var J=u(),K=w()||t(\"iPod\"),L=t(\"iPad\"),M=t(\"Android\")&&!(v()||u()||t(\"Opera\")||t(\"Silk\")),N=v(),aa=t(\"Safari\")&&!(v()||t(\"Coast\")||t(\"Opera\")||t(\"Edge\")||t(\"Edg/\")||t(\"OPR\")||u()||t(\"Silk\")||t(\"Android\"))&&!(w()||t(\"iPad\")||t(\"iPod\"));function O(a){return(a=a.exec(p))?a[1]:\"\"}(function(){if(J)return O(/Firefox\\/([0-9.]+)/);if(z||A||y)return E;if(N)return w()||t(\"iPad\")||t(\"iPod\")?O(/CriOS\\/([0-9.]+)/):O(/Chrome\\/([0-9.]+)/);if(aa&&!(w()||t(\"iPad\")||t(\"iPod\")))return O(/Version\\/([0-9.]+)/);if(K||L){var a=/Version\\/(\\S+).*Mobile\\/(\\S+)/.exec(p);if(a)return a[1]+\".\"+a[2]}else if(M)return(a=O(/Android\\s+([0-9.]+)/))?a:O(/Version\\/([0-9.]+)/);return\"\"})();var P=z&&!(8\u003C=Number(I)),ba=z&&!(9\u003C=Number(I));var ca={SCRIPT:1,STYLE:1,HEAD:1,IFRAME:1,OBJECT:1},Q={IMG:\" \",BR:\"\\n\"};function R(a,b,c){if(!(a.nodeName in ca))if(3==a.nodeType)c?b.push(String(a.nodeValue).replace(/(\\r\\n|\\r|\\n)/g,\"\")):b.push(a.nodeValue);else if(a.nodeName in Q)b.push(Q[a.nodeName]);else for(a=a.firstChild;a;)R(a,b,c),a=a.nextSibling};function S(a,b){b=b.toLowerCase();return\"style\"==b?da(a.style.cssText):P&&\"value\"==b&&T(a,\"INPUT\")?a.value:ba&&!0===a[b]?String(a.getAttribute(b)):(a=a.getAttributeNode(b))&&a.specified?a.value:null}var ea=/[;]+(?=(?:(?:[^\"]*\"){2})*[^\"]*$)(?=(?:(?:[^']*'){2})*[^']*$)(?=(?:[^()]*\\([^()]*\\))*[^()]*$)/;\nfunction da(a){var b=[];k(a.split(ea),function(c){var e=c.indexOf(\":\");0\u003Ce&&(c=[c.slice(0,e),c.slice(e+1)],2==c.length&&b.push(c[0].toLowerCase(),\":\",c[1],\";\"))});b=b.join(\"\");return b=\";\"==b.charAt(b.length-1)?b:b+\";\"}function U(a,b){P&&\"value\"==b&&T(a,\"OPTION\")&&null===S(a,\"value\")?(b=[],R(a,b,!1),a=b.join(\"\")):a=a[b];return a}function T(a,b){b&&\"string\"!==typeof b&&(b=b.toString());return!!a&&1==a.nodeType&&(!b||a.tagName.toUpperCase()==b)}\nfunction V(a){return T(a,\"OPTION\")?!0:T(a,\"INPUT\")?(a=a.type.toLowerCase(),\"checkbox\"==a||\"radio\"==a):!1};var fa={\"class\":\"className\",readonly:\"readOnly\"},ha=\"allowfullscreen allowpaymentrequest allowusermedia async autofocus autoplay checked compact complete controls declare default defaultchecked defaultselected defer disabled ended formnovalidate hidden indeterminate iscontenteditable ismap itemscope loop multiple muted nohref nomodule noresize noshade novalidate nowrap open paused playsinline pubdate readonly required reversed scoped seamless seeking selected truespeed typemustmatch willvalidate\".split(\" \");function W(a,b){var c=null,e=b.toLowerCase();if(\"style\"==e)return(c=a.style)&&\"string\"!=typeof c&&(c=c.cssText),c;if((\"selected\"==e||\"checked\"==e)&&V(a)){if(!V(a))throw new l(15,\"Element is not selectable\");b=\"selected\";c=a.type&&a.type.toLowerCase();if(\"checkbox\"==c||\"radio\"==c)b=\"checked\";return U(a,b)?\"true\":null}var g=T(a,\"A\");if(T(a,\"IMG\")&&\"src\"==e||g&&\"href\"==e)return(c=S(a,e))&&(c=U(a,e)),c;if(\"spellcheck\"==e){c=S(a,e);if(null!==c){if(\"false\"==c.toLowerCase())return\"false\";if(\"true\"==c.toLowerCase())return\"true\"}return U(a,\ne)+\"\"}g=fa[b]||b;if(0\u003C=h(ha,e))return(c=null!==S(a,b)||U(a,g))?\"true\":null;try{var x=U(a,g)}catch(ia){}(e=null==x)||(e=typeof x,e=\"object\"==e&&null!=x||\"function\"==e);e?c=S(a,b):c=x;return null!=c?c.toString():null}var X=[\"_\"],Y=d;X[0]in Y||\"undefined\"==typeof Y.execScript||Y.execScript(\"var \"+X[0]);for(var Z;X.length&&(Z=X.shift());)X.length||void 0===W?Y[Z]&&Y[Z]!==Object.prototype[Z]?Y=Y[Z]:Y=Y[Z]={}:Y[Z]=W;; return this._.apply(null,arguments);}).apply({navigator:typeof window!='undefined'?window.navigator:null,document:typeof window!='undefined'?window.document:null}, arguments);}\n).apply(null, arguments);"
}
[1744521187.301][INFO]: Waiting for pending navigations...
[1744521187.303][INFO]: Done waiting for pending navigations. Status: ok
[1744521187.315][INFO]: Waiting for pending navigations...
[1744521187.316][INFO]: Done waiting for pending navigations. Status: ok
[1744521187.317][INFO]: [96366644e4e44a0331331087ddd55f7c] RESPONSE ExecuteScript "https://rukminim2.flixcart.com/image/612/612/xif0q/mug/u/x/h/travel-vacuum-insulated-stainless-steel-coffee-mug-for-mens-original-imah2ghqupgyzxru.jpeg?q=70"
[1744521187.321][INFO]: [96366644e4e44a0331331087ddd55f7c] COMMAND FindChildElement {
   "id": "f.FA7F9F0460E8C13CECE7AFB28C7D66DB.d.0C4AE97B349F22F0083DFBCECE0003F5.e.1051",
   "using": "xpath",
   "value": ".//span[@class='Wphh3N']"
}
[1744521187.321][INFO]: Waiting for pending navigations...
[1744521187.323][INFO]: Done waiting for pending navigations. Status: ok
[1744521187.339][INFO]: Waiting for pending navigations...
[1744521187.341][INFO]: Done waiting for pending navigations. Status: ok
[1744521187.341][INFO]: [96366644e4e44a0331331087ddd55f7c] RESPONSE FindChildElement {
   "element-6066-11e4-a52e-4f735466cecf": "f.FA7F9F0460E8C13CECE7AFB28C7D66DB.d.0C4AE97B349F22F0083DFBCECE0003F5.e.1142"
}
[1744521187.345][INFO]: [96366644e4e44a0331331087ddd55f7c] COMMAND GetElementText {
   "id": "f.FA7F9F0460E8C13CECE7AFB28C7D66DB.d.0C4AE97B349F22F0083DFBCECE0003F5.e.1142"
}
[1744521187.345][INFO]: Waiting for pending navigations...
[1744521187.347][INFO]: Done waiting for pending navigations. Status: ok
[1744521187.364][INFO]: Waiting for pending navigations...
[1744521187.365][INFO]: Done waiting for pending navigations. Status: ok
[1744521187.365][INFO]: [96366644e4e44a0331331087ddd55f7c] RESPONSE GetElementText "(7)"
[1744521187.370][INFO]: [96366644e4e44a0331331087ddd55f7c] COMMAND FindChildElement {
   "id": "f.FA7F9F0460E8C13CECE7AFB28C7D66DB.d.0C4AE97B349F22F0083DFBCECE0003F5.e.1052",
   "using": "xpath",
   "value": ".//a[@class='wjcEIp']"
}
[1744521187.370][INFO]: Waiting for pending navigations...
[1744521187.371][INFO]: Done waiting for pending navigations. Status: ok
[1744521187.388][INFO]: Waiting for pending navigations...
[1744521187.390][INFO]: Done waiting for pending navigations. Status: ok
[1744521187.390][INFO]: [96366644e4e44a0331331087ddd55f7c] RESPONSE FindChildElement {
   "element-6066-11e4-a52e-4f735466cecf": "f.FA7F9F0460E8C13CECE7AFB28C7D66DB.d.0C4AE97B349F22F0083DFBCECE0003F5.e.1143"
}
[1744521187.394][INFO]: [96366644e4e44a0331331087ddd55f7c] COMMAND GetElementText {
   "id": "f.FA7F9F0460E8C13CECE7AFB28C7D66DB.d.0C4AE97B349F22F0083DFBCECE0003F5.e.1143"
}
[1744521187.394][INFO]: Waiting for pending navigations...
[1744521187.396][INFO]: Done waiting for pending navigations. Status: ok
[1744521187.414][INFO]: Waiting for pending navigations...
[1744521187.415][INFO]: Done waiting for pending navigations. Status: ok
[1744521187.416][INFO]: [96366644e4e44a0331331087ddd55f7c] RESPONSE GetElementText "Macmerise Green tree - Coffee Ceramic 325 ml Handle & I..."
[1744521187.421][INFO]: [96366644e4e44a0331331087ddd55f7c] COMMAND FindChildElement {
   "id": "f.FA7F9F0460E8C13CECE7AFB28C7D66DB.d.0C4AE97B349F22F0083DFBCECE0003F5.e.1052",
   "using": "xpath",
   "value": ".//img[@class='DByuf4']"
}
[1744521187.421][INFO]: Waiting for pending navigations...
[1744521187.423][INFO]: Done waiting for pending navigations. Status: ok
[1744521187.443][INFO]: Waiting for pending navigations...
[1744521187.445][INFO]: Done waiting for pending navigations. Status: ok
[1744521187.445][INFO]: [96366644e4e44a0331331087ddd55f7c] RESPONSE FindChildElement {
   "element-6066-11e4-a52e-4f735466cecf": "f.FA7F9F0460E8C13CECE7AFB28C7D66DB.d.0C4AE97B349F22F0083DFBCECE0003F5.e.1144"
}
[1744521187.451][INFO]: [96366644e4e44a0331331087ddd55f7c] COMMAND ExecuteScript {
   "args": [ {
      "element-6066-11e4-a52e-4f735466cecf": "f.FA7F9F0460E8C13CECE7AFB28C7D66DB.d.0C4AE97B349F22F0083DFBCECE0003F5.e.1144"
   }, "src" ],
   "script": "/* getAttribute */return (function(){return (function(){var d=this||self;function f(a,b){function c(){}c.prototype=b.prototype;a.prototype=new c;a.prototype.constructor=a};var h=Array.prototype.indexOf?function(a,b){return Array.prototype.indexOf.call(a,b,void 0)}:function(a,b){if(\"string\"===typeof a)return\"string\"!==typeof b||1!=b.length?-1:a.indexOf(b,0);for(var c=0;c\u003Ca.length;c++)if(c in a&&a[c]===b)return c;return-1},k=Array.prototype.forEach?function(a,b){Array.prototype.forEach.call(a,b,void 0)}:function(a,b){for(var c=a.length,e=\"string\"===typeof a?a.split(\"\"):a,g=0;g\u003Cc;g++)g in e&&b.call(void 0,e[g],g,a)};function l(a,b){this.code=a;this.a=m[a]||n;this.message=b||\"\";a=this.a.replace(/((?:^|\\s+)[a-z])/g,function(c){return c.toUpperCase().replace(/^[\\s\\xa0]+/g,\"\")});b=a.length-5;if(0>b||a.indexOf(\"Error\",b)!=b)a+=\"Error\";this.name=a;a=Error(this.message);a.name=this.name;this.stack=a.stack||\"\"}f(l,Error);var n=\"unknown error\",m={15:\"element not selectable\",11:\"element not visible\"};m[31]=n;m[30]=n;m[24]=\"invalid cookie domain\";m[29]=\"invalid element coordinates\";m[12]=\"invalid element state\";m[32]=\"invalid selector\";\nm[51]=\"invalid selector\";m[52]=\"invalid selector\";m[17]=\"javascript error\";m[405]=\"unsupported operation\";m[34]=\"move target out of bounds\";m[27]=\"no such alert\";m[7]=\"no such element\";m[8]=\"no such frame\";m[23]=\"no such window\";m[28]=\"script timeout\";m[33]=\"session not created\";m[10]=\"stale element reference\";m[21]=\"timeout\";m[25]=\"unable to set cookie\";m[26]=\"unexpected alert open\";m[13]=n;m[9]=\"unknown command\";var p;a:{var q=d.navigator;if(q){var r=q.userAgent;if(r){p=r;break a}}p=\"\"}function t(a){return-1!=p.indexOf(a)};function u(){return t(\"Firefox\")||t(\"FxiOS\")}function v(){return(t(\"Chrome\")||t(\"CriOS\"))&&!t(\"Edge\")};function w(){return t(\"iPhone\")&&!t(\"iPod\")&&!t(\"iPad\")};var y=t(\"Opera\"),z=t(\"Trident\")||t(\"MSIE\"),A=t(\"Edge\"),B=t(\"Gecko\")&&!(-1!=p.toLowerCase().indexOf(\"webkit\")&&!t(\"Edge\"))&&!(t(\"Trident\")||t(\"MSIE\"))&&!t(\"Edge\"),C=-1!=p.toLowerCase().indexOf(\"webkit\")&&!t(\"Edge\");function D(){var a=d.document;return a?a.documentMode:void 0}var E;\na:{var F=\"\",G=function(){var a=p;if(B)return/rv:([^\\);]+)(\\)|;)/.exec(a);if(A)return/Edge\\/([\\d\\.]+)/.exec(a);if(z)return/\\b(?:MSIE|rv)[: ]([^\\);]+)(\\)|;)/.exec(a);if(C)return/WebKit\\/(\\S+)/.exec(a);if(y)return/(?:Version)[ \\/]?(\\S+)/.exec(a)}();G&&(F=G?G[1]:\"\");if(z){var H=D();if(null!=H&&H>parseFloat(F)){E=String(H);break a}}E=F}var I;I=d.document&&z?D():void 0;var J=u(),K=w()||t(\"iPod\"),L=t(\"iPad\"),M=t(\"Android\")&&!(v()||u()||t(\"Opera\")||t(\"Silk\")),N=v(),aa=t(\"Safari\")&&!(v()||t(\"Coast\")||t(\"Opera\")||t(\"Edge\")||t(\"Edg/\")||t(\"OPR\")||u()||t(\"Silk\")||t(\"Android\"))&&!(w()||t(\"iPad\")||t(\"iPod\"));function O(a){return(a=a.exec(p))?a[1]:\"\"}(function(){if(J)return O(/Firefox\\/([0-9.]+)/);if(z||A||y)return E;if(N)return w()||t(\"iPad\")||t(\"iPod\")?O(/CriOS\\/([0-9.]+)/):O(/Chrome\\/([0-9.]+)/);if(aa&&!(w()||t(\"iPad\")||t(\"iPod\")))return O(/Version\\/([0-9.]+)/);if(K||L){var a=/Version\\/(\\S+).*Mobile\\/(\\S+)/.exec(p);if(a)return a[1]+\".\"+a[2]}else if(M)return(a=O(/Android\\s+([0-9.]+)/))?a:O(/Version\\/([0-9.]+)/);return\"\"})();var P=z&&!(8\u003C=Number(I)),ba=z&&!(9\u003C=Number(I));var ca={SCRIPT:1,STYLE:1,HEAD:1,IFRAME:1,OBJECT:1},Q={IMG:\" \",BR:\"\\n\"};function R(a,b,c){if(!(a.nodeName in ca))if(3==a.nodeType)c?b.push(String(a.nodeValue).replace(/(\\r\\n|\\r|\\n)/g,\"\")):b.push(a.nodeValue);else if(a.nodeName in Q)b.push(Q[a.nodeName]);else for(a=a.firstChild;a;)R(a,b,c),a=a.nextSibling};function S(a,b){b=b.toLowerCase();return\"style\"==b?da(a.style.cssText):P&&\"value\"==b&&T(a,\"INPUT\")?a.value:ba&&!0===a[b]?String(a.getAttribute(b)):(a=a.getAttributeNode(b))&&a.specified?a.value:null}var ea=/[;]+(?=(?:(?:[^\"]*\"){2})*[^\"]*$)(?=(?:(?:[^']*'){2})*[^']*$)(?=(?:[^()]*\\([^()]*\\))*[^()]*$)/;\nfunction da(a){var b=[];k(a.split(ea),function(c){var e=c.indexOf(\":\");0\u003Ce&&(c=[c.slice(0,e),c.slice(e+1)],2==c.length&&b.push(c[0].toLowerCase(),\":\",c[1],\";\"))});b=b.join(\"\");return b=\";\"==b.charAt(b.length-1)?b:b+\";\"}function U(a,b){P&&\"value\"==b&&T(a,\"OPTION\")&&null===S(a,\"value\")?(b=[],R(a,b,!1),a=b.join(\"\")):a=a[b];return a}function T(a,b){b&&\"string\"!==typeof b&&(b=b.toString());return!!a&&1==a.nodeType&&(!b||a.tagName.toUpperCase()==b)}\nfunction V(a){return T(a,\"OPTION\")?!0:T(a,\"INPUT\")?(a=a.type.toLowerCase(),\"checkbox\"==a||\"radio\"==a):!1};var fa={\"class\":\"className\",readonly:\"readOnly\"},ha=\"allowfullscreen allowpaymentrequest allowusermedia async autofocus autoplay checked compact complete controls declare default defaultchecked defaultselected defer disabled ended formnovalidate hidden indeterminate iscontenteditable ismap itemscope loop multiple muted nohref nomodule noresize noshade novalidate nowrap open paused playsinline pubdate readonly required reversed scoped seamless seeking selected truespeed typemustmatch willvalidate\".split(\" \");function W(a,b){var c=null,e=b.toLowerCase();if(\"style\"==e)return(c=a.style)&&\"string\"!=typeof c&&(c=c.cssText),c;if((\"selected\"==e||\"checked\"==e)&&V(a)){if(!V(a))throw new l(15,\"Element is not selectable\");b=\"selected\";c=a.type&&a.type.toLowerCase();if(\"checkbox\"==c||\"radio\"==c)b=\"checked\";return U(a,b)?\"true\":null}var g=T(a,\"A\");if(T(a,\"IMG\")&&\"src\"==e||g&&\"href\"==e)return(c=S(a,e))&&(c=U(a,e)),c;if(\"spellcheck\"==e){c=S(a,e);if(null!==c){if(\"false\"==c.toLowerCase())return\"false\";if(\"true\"==c.toLowerCase())return\"true\"}return U(a,\ne)+\"\"}g=fa[b]||b;if(0\u003C=h(ha,e))return(c=null!==S(a,b)||U(a,g))?\"true\":null;try{var x=U(a,g)}catch(ia){}(e=null==x)||(e=typeof x,e=\"object\"==e&&null!=x||\"function\"==e);e?c=S(a,b):c=x;return null!=c?c.toString():null}var X=[\"_\"],Y=d;X[0]in Y||\"undefined\"==typeof Y.execScript||Y.execScript(\"var \"+X[0]);for(var Z;X.length&&(Z=X.shift());)X.length||void 0===W?Y[Z]&&Y[Z]!==Object.prototype[Z]?Y=Y[Z]:Y=Y[Z]={}:Y[Z]=W;; return this._.apply(null,arguments);}).apply({navigator:typeof window!='undefined'?window.navigator:null,document:typeof window!='undefined'?window.document:null}, arguments);}\n).apply(null, arguments);"
}
[1744521187.451][INFO]: Waiting for pending navigations...
[1744521187.453][INFO]: Done waiting for pending navigations. Status: ok
[1744521187.464][INFO]: Waiting for pending navigations...
[1744521187.465][INFO]: Done waiting for pending navigations. Status: ok
[1744521187.466][INFO]: [96366644e4e44a0331331087ddd55f7c] RESPONSE ExecuteScript "https://rukminim2.flixcart.com/image/612/612/xif0q/mug/7/m/f/green-tree-coffee-mug-ceramic-325-ml-handle-inside-green-320-1-original-imah7dfkguz3ydwh.jpeg?q=70"
[1744521187.471][INFO]: [96366644e4e44a0331331087ddd55f7c] COMMAND FindChildElement {
   "id": "f.FA7F9F0460E8C13CECE7AFB28C7D66DB.d.0C4AE97B349F22F0083DFBCECE0003F5.e.1052",
   "using": "xpath",
   "value": ".//span[@class='Wphh3N']"
}
[1744521187.471][INFO]: Waiting for pending navigations...
[1744521187.473][INFO]: Done waiting for pending navigations. Status: ok
[1744521197.483][INFO]: Waiting for pending navigations...
[1744521197.485][INFO]: Done waiting for pending navigations. Status: ok
[1744521197.485][INFO]: [96366644e4e44a0331331087ddd55f7c] RESPONSE FindChildElement ERROR no such element: Unable to locate element: {"method":"xpath","selector":".//span[@class='Wphh3N']"}
  (Session info: chrome=135.0.7049.84)
[1744521197.493][INFO]: [96366644e4e44a0331331087ddd55f7c] COMMAND FindChildElement {
   "id": "f.FA7F9F0460E8C13CECE7AFB28C7D66DB.d.0C4AE97B349F22F0083DFBCECE0003F5.e.1053",
   "using": "xpath",
   "value": ".//a[@class='wjcEIp']"
}
[1744521197.493][INFO]: Waiting for pending navigations...
[1744521197.495][INFO]: Done waiting for pending navigations. Status: ok
[1744521197.512][INFO]: Waiting for pending navigations...
[1744521197.514][INFO]: Done waiting for pending navigations. Status: ok
[1744521197.514][INFO]: [96366644e4e44a0331331087ddd55f7c] RESPONSE FindChildElement {
   "element-6066-11e4-a52e-4f735466cecf": "f.FA7F9F0460E8C13CECE7AFB28C7D66DB.d.0C4AE97B349F22F0083DFBCECE0003F5.e.1145"
}
[1744521197.518][INFO]: [96366644e4e44a0331331087ddd55f7c] COMMAND GetElementText {
   "id": "f.FA7F9F0460E8C13CECE7AFB28C7D66DB.d.0C4AE97B349F22F0083DFBCECE0003F5.e.1145"
}
[1744521197.518][INFO]: Waiting for pending navigations...
[1744521197.520][INFO]: Done waiting for pending navigations. Status: ok
[1744521197.536][INFO]: Waiting for pending navigations...
[1744521197.538][INFO]: Done waiting for pending navigations. Status: ok
[1744521197.538][INFO]: [96366644e4e44a0331331087ddd55f7c] RESPONSE GetElementText "Thiwa Double Wall coffee mug stainless steel Couple Cof..."
[1744521197.542][INFO]: [96366644e4e44a0331331087ddd55f7c] COMMAND FindChildElement {
   "id": "f.FA7F9F0460E8C13CECE7AFB28C7D66DB.d.0C4AE97B349F22F0083DFBCECE0003F5.e.1053",
   "using": "xpath",
   "value": ".//img[@class='DByuf4']"
}
[1744521197.542][INFO]: Waiting for pending navigations...
[1744521197.544][INFO]: Done waiting for pending navigations. Status: ok
[1744521197.561][INFO]: Waiting for pending navigations...
[1744521197.562][INFO]: Done waiting for pending navigations. Status: ok
[1744521197.562][INFO]: [96366644e4e44a0331331087ddd55f7c] RESPONSE FindChildElement {
   "element-6066-11e4-a52e-4f735466cecf": "f.FA7F9F0460E8C13CECE7AFB28C7D66DB.d.0C4AE97B349F22F0083DFBCECE0003F5.e.1146"
}
[1744521197.568][INFO]: [96366644e4e44a0331331087ddd55f7c] COMMAND ExecuteScript {
   "args": [ {
      "element-6066-11e4-a52e-4f735466cecf": "f.FA7F9F0460E8C13CECE7AFB28C7D66DB.d.0C4AE97B349F22F0083DFBCECE0003F5.e.1146"
   }, "src" ],
   "script": "/* getAttribute */return (function(){return (function(){var d=this||self;function f(a,b){function c(){}c.prototype=b.prototype;a.prototype=new c;a.prototype.constructor=a};var h=Array.prototype.indexOf?function(a,b){return Array.prototype.indexOf.call(a,b,void 0)}:function(a,b){if(\"string\"===typeof a)return\"string\"!==typeof b||1!=b.length?-1:a.indexOf(b,0);for(var c=0;c\u003Ca.length;c++)if(c in a&&a[c]===b)return c;return-1},k=Array.prototype.forEach?function(a,b){Array.prototype.forEach.call(a,b,void 0)}:function(a,b){for(var c=a.length,e=\"string\"===typeof a?a.split(\"\"):a,g=0;g\u003Cc;g++)g in e&&b.call(void 0,e[g],g,a)};function l(a,b){this.code=a;this.a=m[a]||n;this.message=b||\"\";a=this.a.replace(/((?:^|\\s+)[a-z])/g,function(c){return c.toUpperCase().replace(/^[\\s\\xa0]+/g,\"\")});b=a.length-5;if(0>b||a.indexOf(\"Error\",b)!=b)a+=\"Error\";this.name=a;a=Error(this.message);a.name=this.name;this.stack=a.stack||\"\"}f(l,Error);var n=\"unknown error\",m={15:\"element not selectable\",11:\"element not visible\"};m[31]=n;m[30]=n;m[24]=\"invalid cookie domain\";m[29]=\"invalid element coordinates\";m[12]=\"invalid element state\";m[32]=\"invalid selector\";\nm[51]=\"invalid selector\";m[52]=\"invalid selector\";m[17]=\"javascript error\";m[405]=\"unsupported operation\";m[34]=\"move target out of bounds\";m[27]=\"no such alert\";m[7]=\"no such element\";m[8]=\"no such frame\";m[23]=\"no such window\";m[28]=\"script timeout\";m[33]=\"session not created\";m[10]=\"stale element reference\";m[21]=\"timeout\";m[25]=\"unable to set cookie\";m[26]=\"unexpected alert open\";m[13]=n;m[9]=\"unknown command\";var p;a:{var q=d.navigator;if(q){var r=q.userAgent;if(r){p=r;break a}}p=\"\"}function t(a){return-1!=p.indexOf(a)};function u(){return t(\"Firefox\")||t(\"FxiOS\")}function v(){return(t(\"Chrome\")||t(\"CriOS\"))&&!t(\"Edge\")};function w(){return t(\"iPhone\")&&!t(\"iPod\")&&!t(\"iPad\")};var y=t(\"Opera\"),z=t(\"Trident\")||t(\"MSIE\"),A=t(\"Edge\"),B=t(\"Gecko\")&&!(-1!=p.toLowerCase().indexOf(\"webkit\")&&!t(\"Edge\"))&&!(t(\"Trident\")||t(\"MSIE\"))&&!t(\"Edge\"),C=-1!=p.toLowerCase().indexOf(\"webkit\")&&!t(\"Edge\");function D(){var a=d.document;return a?a.documentMode:void 0}var E;\na:{var F=\"\",G=function(){var a=p;if(B)return/rv:([^\\);]+)(\\)|;)/.exec(a);if(A)return/Edge\\/([\\d\\.]+)/.exec(a);if(z)return/\\b(?:MSIE|rv)[: ]([^\\);]+)(\\)|;)/.exec(a);if(C)return/WebKit\\/(\\S+)/.exec(a);if(y)return/(?:Version)[ \\/]?(\\S+)/.exec(a)}();G&&(F=G?G[1]:\"\");if(z){var H=D();if(null!=H&&H>parseFloat(F)){E=String(H);break a}}E=F}var I;I=d.document&&z?D():void 0;var J=u(),K=w()||t(\"iPod\"),L=t(\"iPad\"),M=t(\"Android\")&&!(v()||u()||t(\"Opera\")||t(\"Silk\")),N=v(),aa=t(\"Safari\")&&!(v()||t(\"Coast\")||t(\"Opera\")||t(\"Edge\")||t(\"Edg/\")||t(\"OPR\")||u()||t(\"Silk\")||t(\"Android\"))&&!(w()||t(\"iPad\")||t(\"iPod\"));function O(a){return(a=a.exec(p))?a[1]:\"\"}(function(){if(J)return O(/Firefox\\/([0-9.]+)/);if(z||A||y)return E;if(N)return w()||t(\"iPad\")||t(\"iPod\")?O(/CriOS\\/([0-9.]+)/):O(/Chrome\\/([0-9.]+)/);if(aa&&!(w()||t(\"iPad\")||t(\"iPod\")))return O(/Version\\/([0-9.]+)/);if(K||L){var a=/Version\\/(\\S+).*Mobile\\/(\\S+)/.exec(p);if(a)return a[1]+\".\"+a[2]}else if(M)return(a=O(/Android\\s+([0-9.]+)/))?a:O(/Version\\/([0-9.]+)/);return\"\"})();var P=z&&!(8\u003C=Number(I)),ba=z&&!(9\u003C=Number(I));var ca={SCRIPT:1,STYLE:1,HEAD:1,IFRAME:1,OBJECT:1},Q={IMG:\" \",BR:\"\\n\"};function R(a,b,c){if(!(a.nodeName in ca))if(3==a.nodeType)c?b.push(String(a.nodeValue).replace(/(\\r\\n|\\r|\\n)/g,\"\")):b.push(a.nodeValue);else if(a.nodeName in Q)b.push(Q[a.nodeName]);else for(a=a.firstChild;a;)R(a,b,c),a=a.nextSibling};function S(a,b){b=b.toLowerCase();return\"style\"==b?da(a.style.cssText):P&&\"value\"==b&&T(a,\"INPUT\")?a.value:ba&&!0===a[b]?String(a.getAttribute(b)):(a=a.getAttributeNode(b))&&a.specified?a.value:null}var ea=/[;]+(?=(?:(?:[^\"]*\"){2})*[^\"]*$)(?=(?:(?:[^']*'){2})*[^']*$)(?=(?:[^()]*\\([^()]*\\))*[^()]*$)/;\nfunction da(a){var b=[];k(a.split(ea),function(c){var e=c.indexOf(\":\");0\u003Ce&&(c=[c.slice(0,e),c.slice(e+1)],2==c.length&&b.push(c[0].toLowerCase(),\":\",c[1],\";\"))});b=b.join(\"\");return b=\";\"==b.charAt(b.length-1)?b:b+\";\"}function U(a,b){P&&\"value\"==b&&T(a,\"OPTION\")&&null===S(a,\"value\")?(b=[],R(a,b,!1),a=b.join(\"\")):a=a[b];return a}function T(a,b){b&&\"string\"!==typeof b&&(b=b.toString());return!!a&&1==a.nodeType&&(!b||a.tagName.toUpperCase()==b)}\nfunction V(a){return T(a,\"OPTION\")?!0:T(a,\"INPUT\")?(a=a.type.toLowerCase(),\"checkbox\"==a||\"radio\"==a):!1};var fa={\"class\":\"className\",readonly:\"readOnly\"},ha=\"allowfullscreen allowpaymentrequest allowusermedia async autofocus autoplay checked compact complete controls declare default defaultchecked defaultselected defer disabled ended formnovalidate hidden indeterminate iscontenteditable ismap itemscope loop multiple muted nohref nomodule noresize noshade novalidate nowrap open paused playsinline pubdate readonly required reversed scoped seamless seeking selected truespeed typemustmatch willvalidate\".split(\" \");function W(a,b){var c=null,e=b.toLowerCase();if(\"style\"==e)return(c=a.style)&&\"string\"!=typeof c&&(c=c.cssText),c;if((\"selected\"==e||\"checked\"==e)&&V(a)){if(!V(a))throw new l(15,\"Element is not selectable\");b=\"selected\";c=a.type&&a.type.toLowerCase();if(\"checkbox\"==c||\"radio\"==c)b=\"checked\";return U(a,b)?\"true\":null}var g=T(a,\"A\");if(T(a,\"IMG\")&&\"src\"==e||g&&\"href\"==e)return(c=S(a,e))&&(c=U(a,e)),c;if(\"spellcheck\"==e){c=S(a,e);if(null!==c){if(\"false\"==c.toLowerCase())return\"false\";if(\"true\"==c.toLowerCase())return\"true\"}return U(a,\ne)+\"\"}g=fa[b]||b;if(0\u003C=h(ha,e))return(c=null!==S(a,b)||U(a,g))?\"true\":null;try{var x=U(a,g)}catch(ia){}(e=null==x)||(e=typeof x,e=\"object\"==e&&null!=x||\"function\"==e);e?c=S(a,b):c=x;return null!=c?c.toString():null}var X=[\"_\"],Y=d;X[0]in Y||\"undefined\"==typeof Y.execScript||Y.execScript(\"var \"+X[0]);for(var Z;X.length&&(Z=X.shift());)X.length||void 0===W?Y[Z]&&Y[Z]!==Object.prototype[Z]?Y=Y[Z]:Y=Y[Z]={}:Y[Z]=W;; return this._.apply(null,arguments);}).apply({navigator:typeof window!='undefined'?window.navigator:null,document:typeof window!='undefined'?window.document:null}, arguments);}\n).apply(null, arguments);"
}
[1744521197.568][INFO]: Waiting for pending navigations...
[1744521197.570][INFO]: Done waiting for pending navigations. Status: ok
[1744521197.581][INFO]: Waiting for pending navigations...
[1744521197.582][INFO]: Done waiting for pending navigations. Status: ok
[1744521197.582][INFO]: [96366644e4e44a0331331087ddd55f7c] RESPONSE ExecuteScript "https://rukminim2.flixcart.com/image/612/612/xif0q/mug/c/n/n/double-wall-coffee-mug-stainless-steel-couple-coffee-cup-for-original-imah4byknmu38e4s.jpeg?q=70"
[1744521197.587][INFO]: [96366644e4e44a0331331087ddd55f7c] COMMAND FindChildElement {
   "id": "f.FA7F9F0460E8C13CECE7AFB28C7D66DB.d.0C4AE97B349F22F0083DFBCECE0003F5.e.1053",
   "using": "xpath",
   "value": ".//span[@class='Wphh3N']"
}
[1744521197.587][INFO]: Waiting for pending navigations...
[1744521197.589][INFO]: Done waiting for pending navigations. Status: ok
[1744521197.606][INFO]: Waiting for pending navigations...
[1744521197.608][INFO]: Done waiting for pending navigations. Status: ok
[1744521197.608][INFO]: [96366644e4e44a0331331087ddd55f7c] RESPONSE FindChildElement {
   "element-6066-11e4-a52e-4f735466cecf": "f.FA7F9F0460E8C13CECE7AFB28C7D66DB.d.0C4AE97B349F22F0083DFBCECE0003F5.e.1147"
}
[1744521197.612][INFO]: [96366644e4e44a0331331087ddd55f7c] COMMAND GetElementText {
   "id": "f.FA7F9F0460E8C13CECE7AFB28C7D66DB.d.0C4AE97B349F22F0083DFBCECE0003F5.e.1147"
}
[1744521197.612][INFO]: Waiting for pending navigations...
[1744521197.614][INFO]: Done waiting for pending navigations. Status: ok
[1744521197.631][INFO]: Waiting for pending navigations...
[1744521197.632][INFO]: Done waiting for pending navigations. Status: ok
[1744521197.632][INFO]: [96366644e4e44a0331331087ddd55f7c] RESPONSE GetElementText "(3,050)"
[1744521197.637][INFO]: [96366644e4e44a0331331087ddd55f7c] COMMAND FindChildElement {
   "id": "f.FA7F9F0460E8C13CECE7AFB28C7D66DB.d.0C4AE97B349F22F0083DFBCECE0003F5.e.1054",
   "using": "xpath",
   "value": ".//a[@class='wjcEIp']"
}
[1744521197.637][INFO]: Waiting for pending navigations...
[1744521197.639][INFO]: Done waiting for pending navigations. Status: ok
[1744521197.656][INFO]: Waiting for pending navigations...
[1744521197.658][INFO]: Done waiting for pending navigations. Status: ok
[1744521197.658][INFO]: [96366644e4e44a0331331087ddd55f7c] RESPONSE FindChildElement {
   "element-6066-11e4-a52e-4f735466cecf": "f.FA7F9F0460E8C13CECE7AFB28C7D66DB.d.0C4AE97B349F22F0083DFBCECE0003F5.e.1148"
}
[1744521197.662][INFO]: [96366644e4e44a0331331087ddd55f7c] COMMAND GetElementText {
   "id": "f.FA7F9F0460E8C13CECE7AFB28C7D66DB.d.0C4AE97B349F22F0083DFBCECE0003F5.e.1148"
}
[1744521197.662][INFO]: Waiting for pending navigations...
[1744521197.664][INFO]: Done waiting for pending navigations. Status: ok
[1744521197.682][INFO]: Waiting for pending navigations...
[1744521197.684][INFO]: Done waiting for pending navigations. Status: ok
[1744521197.684][INFO]: [96366644e4e44a0331331087ddd55f7c] RESPONSE GetElementText "Nirvaana Thermos Flask with Lid Insulated Travel Tea an..."
[1744521197.688][INFO]: [96366644e4e44a0331331087ddd55f7c] COMMAND FindChildElement {
   "id": "f.FA7F9F0460E8C13CECE7AFB28C7D66DB.d.0C4AE97B349F22F0083DFBCECE0003F5.e.1054",
   "using": "xpath",
   "value": ".//img[@class='DByuf4']"
}
[1744521197.688][INFO]: Waiting for pending navigations...
[1744521197.690][INFO]: Done waiting for pending navigations. Status: ok
[1744521197.706][INFO]: Waiting for pending navigations...
[1744521197.708][INFO]: Done waiting for pending navigations. Status: ok
[1744521197.708][INFO]: [96366644e4e44a0331331087ddd55f7c] RESPONSE FindChildElement {
   "element-6066-11e4-a52e-4f735466cecf": "f.FA7F9F0460E8C13CECE7AFB28C7D66DB.d.0C4AE97B349F22F0083DFBCECE0003F5.e.1149"
}
[1744521197.714][INFO]: [96366644e4e44a0331331087ddd55f7c] COMMAND ExecuteScript {
   "args": [ {
      "element-6066-11e4-a52e-4f735466cecf": "f.FA7F9F0460E8C13CECE7AFB28C7D66DB.d.0C4AE97B349F22F0083DFBCECE0003F5.e.1149"
   }, "src" ],
   "script": "/* getAttribute */return (function(){return (function(){var d=this||self;function f(a,b){function c(){}c.prototype=b.prototype;a.prototype=new c;a.prototype.constructor=a};var h=Array.prototype.indexOf?function(a,b){return Array.prototype.indexOf.call(a,b,void 0)}:function(a,b){if(\"string\"===typeof a)return\"string\"!==typeof b||1!=b.length?-1:a.indexOf(b,0);for(var c=0;c\u003Ca.length;c++)if(c in a&&a[c]===b)return c;return-1},k=Array.prototype.forEach?function(a,b){Array.prototype.forEach.call(a,b,void 0)}:function(a,b){for(var c=a.length,e=\"string\"===typeof a?a.split(\"\"):a,g=0;g\u003Cc;g++)g in e&&b.call(void 0,e[g],g,a)};function l(a,b){this.code=a;this.a=m[a]||n;this.message=b||\"\";a=this.a.replace(/((?:^|\\s+)[a-z])/g,function(c){return c.toUpperCase().replace(/^[\\s\\xa0]+/g,\"\")});b=a.length-5;if(0>b||a.indexOf(\"Error\",b)!=b)a+=\"Error\";this.name=a;a=Error(this.message);a.name=this.name;this.stack=a.stack||\"\"}f(l,Error);var n=\"unknown error\",m={15:\"element not selectable\",11:\"element not visible\"};m[31]=n;m[30]=n;m[24]=\"invalid cookie domain\";m[29]=\"invalid element coordinates\";m[12]=\"invalid element state\";m[32]=\"invalid selector\";\nm[51]=\"invalid selector\";m[52]=\"invalid selector\";m[17]=\"javascript error\";m[405]=\"unsupported operation\";m[34]=\"move target out of bounds\";m[27]=\"no such alert\";m[7]=\"no such element\";m[8]=\"no such frame\";m[23]=\"no such window\";m[28]=\"script timeout\";m[33]=\"session not created\";m[10]=\"stale element reference\";m[21]=\"timeout\";m[25]=\"unable to set cookie\";m[26]=\"unexpected alert open\";m[13]=n;m[9]=\"unknown command\";var p;a:{var q=d.navigator;if(q){var r=q.userAgent;if(r){p=r;break a}}p=\"\"}function t(a){return-1!=p.indexOf(a)};function u(){return t(\"Firefox\")||t(\"FxiOS\")}function v(){return(t(\"Chrome\")||t(\"CriOS\"))&&!t(\"Edge\")};function w(){return t(\"iPhone\")&&!t(\"iPod\")&&!t(\"iPad\")};var y=t(\"Opera\"),z=t(\"Trident\")||t(\"MSIE\"),A=t(\"Edge\"),B=t(\"Gecko\")&&!(-1!=p.toLowerCase().indexOf(\"webkit\")&&!t(\"Edge\"))&&!(t(\"Trident\")||t(\"MSIE\"))&&!t(\"Edge\"),C=-1!=p.toLowerCase().indexOf(\"webkit\")&&!t(\"Edge\");function D(){var a=d.document;return a?a.documentMode:void 0}var E;\na:{var F=\"\",G=function(){var a=p;if(B)return/rv:([^\\);]+)(\\)|;)/.exec(a);if(A)return/Edge\\/([\\d\\.]+)/.exec(a);if(z)return/\\b(?:MSIE|rv)[: ]([^\\);]+)(\\)|;)/.exec(a);if(C)return/WebKit\\/(\\S+)/.exec(a);if(y)return/(?:Version)[ \\/]?(\\S+)/.exec(a)}();G&&(F=G?G[1]:\"\");if(z){var H=D();if(null!=H&&H>parseFloat(F)){E=String(H);break a}}E=F}var I;I=d.document&&z?D():void 0;var J=u(),K=w()||t(\"iPod\"),L=t(\"iPad\"),M=t(\"Android\")&&!(v()||u()||t(\"Opera\")||t(\"Silk\")),N=v(),aa=t(\"Safari\")&&!(v()||t(\"Coast\")||t(\"Opera\")||t(\"Edge\")||t(\"Edg/\")||t(\"OPR\")||u()||t(\"Silk\")||t(\"Android\"))&&!(w()||t(\"iPad\")||t(\"iPod\"));function O(a){return(a=a.exec(p))?a[1]:\"\"}(function(){if(J)return O(/Firefox\\/([0-9.]+)/);if(z||A||y)return E;if(N)return w()||t(\"iPad\")||t(\"iPod\")?O(/CriOS\\/([0-9.]+)/):O(/Chrome\\/([0-9.]+)/);if(aa&&!(w()||t(\"iPad\")||t(\"iPod\")))return O(/Version\\/([0-9.]+)/);if(K||L){var a=/Version\\/(\\S+).*Mobile\\/(\\S+)/.exec(p);if(a)return a[1]+\".\"+a[2]}else if(M)return(a=O(/Android\\s+([0-9.]+)/))?a:O(/Version\\/([0-9.]+)/);return\"\"})();var P=z&&!(8\u003C=Number(I)),ba=z&&!(9\u003C=Number(I));var ca={SCRIPT:1,STYLE:1,HEAD:1,IFRAME:1,OBJECT:1},Q={IMG:\" \",BR:\"\\n\"};function R(a,b,c){if(!(a.nodeName in ca))if(3==a.nodeType)c?b.push(String(a.nodeValue).replace(/(\\r\\n|\\r|\\n)/g,\"\")):b.push(a.nodeValue);else if(a.nodeName in Q)b.push(Q[a.nodeName]);else for(a=a.firstChild;a;)R(a,b,c),a=a.nextSibling};function S(a,b){b=b.toLowerCase();return\"style\"==b?da(a.style.cssText):P&&\"value\"==b&&T(a,\"INPUT\")?a.value:ba&&!0===a[b]?String(a.getAttribute(b)):(a=a.getAttributeNode(b))&&a.specified?a.value:null}var ea=/[;]+(?=(?:(?:[^\"]*\"){2})*[^\"]*$)(?=(?:(?:[^']*'){2})*[^']*$)(?=(?:[^()]*\\([^()]*\\))*[^()]*$)/;\nfunction da(a){var b=[];k(a.split(ea),function(c){var e=c.indexOf(\":\");0\u003Ce&&(c=[c.slice(0,e),c.slice(e+1)],2==c.length&&b.push(c[0].toLowerCase(),\":\",c[1],\";\"))});b=b.join(\"\");return b=\";\"==b.charAt(b.length-1)?b:b+\";\"}function U(a,b){P&&\"value\"==b&&T(a,\"OPTION\")&&null===S(a,\"value\")?(b=[],R(a,b,!1),a=b.join(\"\")):a=a[b];return a}function T(a,b){b&&\"string\"!==typeof b&&(b=b.toString());return!!a&&1==a.nodeType&&(!b||a.tagName.toUpperCase()==b)}\nfunction V(a){return T(a,\"OPTION\")?!0:T(a,\"INPUT\")?(a=a.type.toLowerCase(),\"checkbox\"==a||\"radio\"==a):!1};var fa={\"class\":\"className\",readonly:\"readOnly\"},ha=\"allowfullscreen allowpaymentrequest allowusermedia async autofocus autoplay checked compact complete controls declare default defaultchecked defaultselected defer disabled ended formnovalidate hidden indeterminate iscontenteditable ismap itemscope loop multiple muted nohref nomodule noresize noshade novalidate nowrap open paused playsinline pubdate readonly required reversed scoped seamless seeking selected truespeed typemustmatch willvalidate\".split(\" \");function W(a,b){var c=null,e=b.toLowerCase();if(\"style\"==e)return(c=a.style)&&\"string\"!=typeof c&&(c=c.cssText),c;if((\"selected\"==e||\"checked\"==e)&&V(a)){if(!V(a))throw new l(15,\"Element is not selectable\");b=\"selected\";c=a.type&&a.type.toLowerCase();if(\"checkbox\"==c||\"radio\"==c)b=\"checked\";return U(a,b)?\"true\":null}var g=T(a,\"A\");if(T(a,\"IMG\")&&\"src\"==e||g&&\"href\"==e)return(c=S(a,e))&&(c=U(a,e)),c;if(\"spellcheck\"==e){c=S(a,e);if(null!==c){if(\"false\"==c.toLowerCase())return\"false\";if(\"true\"==c.toLowerCase())return\"true\"}return U(a,\ne)+\"\"}g=fa[b]||b;if(0\u003C=h(ha,e))return(c=null!==S(a,b)||U(a,g))?\"true\":null;try{var x=U(a,g)}catch(ia){}(e=null==x)||(e=typeof x,e=\"object\"==e&&null!=x||\"function\"==e);e?c=S(a,b):c=x;return null!=c?c.toString():null}var X=[\"_\"],Y=d;X[0]in Y||\"undefined\"==typeof Y.execScript||Y.execScript(\"var \"+X[0]);for(var Z;X.length&&(Z=X.shift());)X.length||void 0===W?Y[Z]&&Y[Z]!==Object.prototype[Z]?Y=Y[Z]:Y=Y[Z]={}:Y[Z]=W;; return this._.apply(null,arguments);}).apply({navigator:typeof window!='undefined'?window.navigator:null,document:typeof window!='undefined'?window.document:null}, arguments);}\n).apply(null, arguments);"
}
[1744521197.714][INFO]: Waiting for pending navigations...
[1744521197.716][INFO]: Done waiting for pending navigations. Status: ok
[1744521197.726][INFO]: Waiting for pending navigations...
[1744521197.728][INFO]: Done waiting for pending navigations. Status: ok
[1744521197.728][INFO]: [96366644e4e44a0331331087ddd55f7c] RESPONSE ExecuteScript "https://rukminim2.flixcart.com/image/612/612/xif0q/mug/c/v/o/thermos-flask-with-lid-insulated-travel-tea-and-coffee-mug-original-imah5nudv72typ5k.jpeg?q=70"
[1744521197.732][INFO]: [96366644e4e44a0331331087ddd55f7c] COMMAND FindChildElement {
   "id": "f.FA7F9F0460E8C13CECE7AFB28C7D66DB.d.0C4AE97B349F22F0083DFBCECE0003F5.e.1054",
   "using": "xpath",
   "value": ".//span[@class='Wphh3N']"
}
[1744521197.732][INFO]: Waiting for pending navigations...
[1744521197.734][INFO]: Done waiting for pending navigations. Status: ok
[1744521197.751][INFO]: Waiting for pending navigations...
[1744521197.752][INFO]: Done waiting for pending navigations. Status: ok
[1744521197.752][INFO]: [96366644e4e44a0331331087ddd55f7c] RESPONSE FindChildElement {
   "element-6066-11e4-a52e-4f735466cecf": "f.FA7F9F0460E8C13CECE7AFB28C7D66DB.d.0C4AE97B349F22F0083DFBCECE0003F5.e.1150"
}
[1744521197.756][INFO]: [96366644e4e44a0331331087ddd55f7c] COMMAND GetElementText {
   "id": "f.FA7F9F0460E8C13CECE7AFB28C7D66DB.d.0C4AE97B349F22F0083DFBCECE0003F5.e.1150"
}
[1744521197.756][INFO]: Waiting for pending navigations...
[1744521197.758][INFO]: Done waiting for pending navigations. Status: ok
[1744521197.775][INFO]: Waiting for pending navigations...
[1744521197.777][INFO]: Done waiting for pending navigations. Status: ok
[1744521197.777][INFO]: [96366644e4e44a0331331087ddd55f7c] RESPONSE GetElementText "(2,215)"
[1744521197.782][INFO]: [96366644e4e44a0331331087ddd55f7c] COMMAND FindChildElement {
   "id": "f.FA7F9F0460E8C13CECE7AFB28C7D66DB.d.0C4AE97B349F22F0083DFBCECE0003F5.e.1055",
   "using": "xpath",
   "value": ".//a[@class='wjcEIp']"
}
[1744521197.782][INFO]: Waiting for pending navigations...
[1744521197.783][INFO]: Done waiting for pending navigations. Status: ok
[1744521197.799][INFO]: Waiting for pending navigations...
[1744521197.801][INFO]: Done waiting for pending navigations. Status: ok
[1744521197.801][INFO]: [96366644e4e44a0331331087ddd55f7c] RESPONSE FindChildElement {
   "element-6066-11e4-a52e-4f735466cecf": "f.FA7F9F0460E8C13CECE7AFB28C7D66DB.d.0C4AE97B349F22F0083DFBCECE0003F5.e.1151"
}
[1744521197.806][INFO]: [96366644e4e44a0331331087ddd55f7c] COMMAND GetElementText {
   "id": "f.FA7F9F0460E8C13CECE7AFB28C7D66DB.d.0C4AE97B349F22F0083DFBCECE0003F5.e.1151"
}
[1744521197.806][INFO]: Waiting for pending navigations...
[1744521197.807][INFO]: Done waiting for pending navigations. Status: ok
[1744521197.824][INFO]: Waiting for pending navigations...
[1744521197.825][INFO]: Done waiting for pending navigations. Status: ok
[1744521197.826][INFO]: [96366644e4e44a0331331087ddd55f7c] RESPONSE GetElementText "MAGICSPOON Stainless Steel Coffee with Lid (300 ml) (Pa..."
[1744521197.830][INFO]: [96366644e4e44a0331331087ddd55f7c] COMMAND FindChildElement {
   "id": "f.FA7F9F0460E8C13CECE7AFB28C7D66DB.d.0C4AE97B349F22F0083DFBCECE0003F5.e.1055",
   "using": "xpath",
   "value": ".//img[@class='DByuf4']"
}
[1744521197.830][INFO]: Waiting for pending navigations...
[1744521197.832][INFO]: Done waiting for pending navigations. Status: ok
[1744521197.848][INFO]: Waiting for pending navigations...
[1744521197.850][INFO]: Done waiting for pending navigations. Status: ok
[1744521197.850][INFO]: [96366644e4e44a0331331087ddd55f7c] RESPONSE FindChildElement {
   "element-6066-11e4-a52e-4f735466cecf": "f.FA7F9F0460E8C13CECE7AFB28C7D66DB.d.0C4AE97B349F22F0083DFBCECE0003F5.e.1152"
}
[1744521197.857][INFO]: [96366644e4e44a0331331087ddd55f7c] COMMAND ExecuteScript {
   "args": [ {
      "element-6066-11e4-a52e-4f735466cecf": "f.FA7F9F0460E8C13CECE7AFB28C7D66DB.d.0C4AE97B349F22F0083DFBCECE0003F5.e.1152"
   }, "src" ],
   "script": "/* getAttribute */return (function(){return (function(){var d=this||self;function f(a,b){function c(){}c.prototype=b.prototype;a.prototype=new c;a.prototype.constructor=a};var h=Array.prototype.indexOf?function(a,b){return Array.prototype.indexOf.call(a,b,void 0)}:function(a,b){if(\"string\"===typeof a)return\"string\"!==typeof b||1!=b.length?-1:a.indexOf(b,0);for(var c=0;c\u003Ca.length;c++)if(c in a&&a[c]===b)return c;return-1},k=Array.prototype.forEach?function(a,b){Array.prototype.forEach.call(a,b,void 0)}:function(a,b){for(var c=a.length,e=\"string\"===typeof a?a.split(\"\"):a,g=0;g\u003Cc;g++)g in e&&b.call(void 0,e[g],g,a)};function l(a,b){this.code=a;this.a=m[a]||n;this.message=b||\"\";a=this.a.replace(/((?:^|\\s+)[a-z])/g,function(c){return c.toUpperCase().replace(/^[\\s\\xa0]+/g,\"\")});b=a.length-5;if(0>b||a.indexOf(\"Error\",b)!=b)a+=\"Error\";this.name=a;a=Error(this.message);a.name=this.name;this.stack=a.stack||\"\"}f(l,Error);var n=\"unknown error\",m={15:\"element not selectable\",11:\"element not visible\"};m[31]=n;m[30]=n;m[24]=\"invalid cookie domain\";m[29]=\"invalid element coordinates\";m[12]=\"invalid element state\";m[32]=\"invalid selector\";\nm[51]=\"invalid selector\";m[52]=\"invalid selector\";m[17]=\"javascript error\";m[405]=\"unsupported operation\";m[34]=\"move target out of bounds\";m[27]=\"no such alert\";m[7]=\"no such element\";m[8]=\"no such frame\";m[23]=\"no such window\";m[28]=\"script timeout\";m[33]=\"session not created\";m[10]=\"stale element reference\";m[21]=\"timeout\";m[25]=\"unable to set cookie\";m[26]=\"unexpected alert open\";m[13]=n;m[9]=\"unknown command\";var p;a:{var q=d.navigator;if(q){var r=q.userAgent;if(r){p=r;break a}}p=\"\"}function t(a){return-1!=p.indexOf(a)};function u(){return t(\"Firefox\")||t(\"FxiOS\")}function v(){return(t(\"Chrome\")||t(\"CriOS\"))&&!t(\"Edge\")};function w(){return t(\"iPhone\")&&!t(\"iPod\")&&!t(\"iPad\")};var y=t(\"Opera\"),z=t(\"Trident\")||t(\"MSIE\"),A=t(\"Edge\"),B=t(\"Gecko\")&&!(-1!=p.toLowerCase().indexOf(\"webkit\")&&!t(\"Edge\"))&&!(t(\"Trident\")||t(\"MSIE\"))&&!t(\"Edge\"),C=-1!=p.toLowerCase().indexOf(\"webkit\")&&!t(\"Edge\");function D(){var a=d.document;return a?a.documentMode:void 0}var E;\na:{var F=\"\",G=function(){var a=p;if(B)return/rv:([^\\);]+)(\\)|;)/.exec(a);if(A)return/Edge\\/([\\d\\.]+)/.exec(a);if(z)return/\\b(?:MSIE|rv)[: ]([^\\);]+)(\\)|;)/.exec(a);if(C)return/WebKit\\/(\\S+)/.exec(a);if(y)return/(?:Version)[ \\/]?(\\S+)/.exec(a)}();G&&(F=G?G[1]:\"\");if(z){var H=D();if(null!=H&&H>parseFloat(F)){E=String(H);break a}}E=F}var I;I=d.document&&z?D():void 0;var J=u(),K=w()||t(\"iPod\"),L=t(\"iPad\"),M=t(\"Android\")&&!(v()||u()||t(\"Opera\")||t(\"Silk\")),N=v(),aa=t(\"Safari\")&&!(v()||t(\"Coast\")||t(\"Opera\")||t(\"Edge\")||t(\"Edg/\")||t(\"OPR\")||u()||t(\"Silk\")||t(\"Android\"))&&!(w()||t(\"iPad\")||t(\"iPod\"));function O(a){return(a=a.exec(p))?a[1]:\"\"}(function(){if(J)return O(/Firefox\\/([0-9.]+)/);if(z||A||y)return E;if(N)return w()||t(\"iPad\")||t(\"iPod\")?O(/CriOS\\/([0-9.]+)/):O(/Chrome\\/([0-9.]+)/);if(aa&&!(w()||t(\"iPad\")||t(\"iPod\")))return O(/Version\\/([0-9.]+)/);if(K||L){var a=/Version\\/(\\S+).*Mobile\\/(\\S+)/.exec(p);if(a)return a[1]+\".\"+a[2]}else if(M)return(a=O(/Android\\s+([0-9.]+)/))?a:O(/Version\\/([0-9.]+)/);return\"\"})();var P=z&&!(8\u003C=Number(I)),ba=z&&!(9\u003C=Number(I));var ca={SCRIPT:1,STYLE:1,HEAD:1,IFRAME:1,OBJECT:1},Q={IMG:\" \",BR:\"\\n\"};function R(a,b,c){if(!(a.nodeName in ca))if(3==a.nodeType)c?b.push(String(a.nodeValue).replace(/(\\r\\n|\\r|\\n)/g,\"\")):b.push(a.nodeValue);else if(a.nodeName in Q)b.push(Q[a.nodeName]);else for(a=a.firstChild;a;)R(a,b,c),a=a.nextSibling};function S(a,b){b=b.toLowerCase();return\"style\"==b?da(a.style.cssText):P&&\"value\"==b&&T(a,\"INPUT\")?a.value:ba&&!0===a[b]?String(a.getAttribute(b)):(a=a.getAttributeNode(b))&&a.specified?a.value:null}var ea=/[;]+(?=(?:(?:[^\"]*\"){2})*[^\"]*$)(?=(?:(?:[^']*'){2})*[^']*$)(?=(?:[^()]*\\([^()]*\\))*[^()]*$)/;\nfunction da(a){var b=[];k(a.split(ea),function(c){var e=c.indexOf(\":\");0\u003Ce&&(c=[c.slice(0,e),c.slice(e+1)],2==c.length&&b.push(c[0].toLowerCase(),\":\",c[1],\";\"))});b=b.join(\"\");return b=\";\"==b.charAt(b.length-1)?b:b+\";\"}function U(a,b){P&&\"value\"==b&&T(a,\"OPTION\")&&null===S(a,\"value\")?(b=[],R(a,b,!1),a=b.join(\"\")):a=a[b];return a}function T(a,b){b&&\"string\"!==typeof b&&(b=b.toString());return!!a&&1==a.nodeType&&(!b||a.tagName.toUpperCase()==b)}\nfunction V(a){return T(a,\"OPTION\")?!0:T(a,\"INPUT\")?(a=a.type.toLowerCase(),\"checkbox\"==a||\"radio\"==a):!1};var fa={\"class\":\"className\",readonly:\"readOnly\"},ha=\"allowfullscreen allowpaymentrequest allowusermedia async autofocus autoplay checked compact complete controls declare default defaultchecked defaultselected defer disabled ended formnovalidate hidden indeterminate iscontenteditable ismap itemscope loop multiple muted nohref nomodule noresize noshade novalidate nowrap open paused playsinline pubdate readonly required reversed scoped seamless seeking selected truespeed typemustmatch willvalidate\".split(\" \");function W(a,b){var c=null,e=b.toLowerCase();if(\"style\"==e)return(c=a.style)&&\"string\"!=typeof c&&(c=c.cssText),c;if((\"selected\"==e||\"checked\"==e)&&V(a)){if(!V(a))throw new l(15,\"Element is not selectable\");b=\"selected\";c=a.type&&a.type.toLowerCase();if(\"checkbox\"==c||\"radio\"==c)b=\"checked\";return U(a,b)?\"true\":null}var g=T(a,\"A\");if(T(a,\"IMG\")&&\"src\"==e||g&&\"href\"==e)return(c=S(a,e))&&(c=U(a,e)),c;if(\"spellcheck\"==e){c=S(a,e);if(null!==c){if(\"false\"==c.toLowerCase())return\"false\";if(\"true\"==c.toLowerCase())return\"true\"}return U(a,\ne)+\"\"}g=fa[b]||b;if(0\u003C=h(ha,e))return(c=null!==S(a,b)||U(a,g))?\"true\":null;try{var x=U(a,g)}catch(ia){}(e=null==x)||(e=typeof x,e=\"object\"==e&&null!=x||\"function\"==e);e?c=S(a,b):c=x;return null!=c?c.toString():null}var X=[\"_\"],Y=d;X[0]in Y||\"undefined\"==typeof Y.execScript||Y.execScript(\"var \"+X[0]);for(var Z;X.length&&(Z=X.shift());)X.length||void 0===W?Y[Z]&&Y[Z]!==Object.prototype[Z]?Y=Y[Z]:Y=Y[Z]={}:Y[Z]=W;; return this._.apply(null,arguments);}).apply({navigator:typeof window!='undefined'?window.navigator:null,document:typeof window!='undefined'?window.document:null}, arguments);}\n).apply(null, arguments);"
}
[1744521197.857][INFO]: Waiting for pending navigations...
[1744521197.859][INFO]: Done waiting for pending navigations. Status: ok
[1744521197.869][INFO]: Waiting for pending navigations...
[1744521197.870][INFO]: Done waiting for pending navigations. Status: ok
[1744521197.870][INFO]: [96366644e4e44a0331331087ddd55f7c] RESPONSE ExecuteScript "https://rukminim2.flixcart.com/image/612/612/xif0q/shopsy-mug/c/v/r/stainless-steel-coffee-mug-300-ml-pack-of-4-navy-blue-maroon-original-imahyf7wmzyzc7at.jpeg?q=70"
[1744521197.876][INFO]: [96366644e4e44a0331331087ddd55f7c] COMMAND FindChildElement {
   "id": "f.FA7F9F0460E8C13CECE7AFB28C7D66DB.d.0C4AE97B349F22F0083DFBCECE0003F5.e.1055",
   "using": "xpath",
   "value": ".//span[@class='Wphh3N']"
}
[1744521197.876][INFO]: Waiting for pending navigations...
[1744521197.878][INFO]: Done waiting for pending navigations. Status: ok
[1744521197.894][INFO]: Waiting for pending navigations...
[1744521197.895][INFO]: Done waiting for pending navigations. Status: ok
[1744521197.895][INFO]: [96366644e4e44a0331331087ddd55f7c] RESPONSE FindChildElement {
   "element-6066-11e4-a52e-4f735466cecf": "f.FA7F9F0460E8C13CECE7AFB28C7D66DB.d.0C4AE97B349F22F0083DFBCECE0003F5.e.1153"
}
[1744521197.900][INFO]: [96366644e4e44a0331331087ddd55f7c] COMMAND GetElementText {
   "id": "f.FA7F9F0460E8C13CECE7AFB28C7D66DB.d.0C4AE97B349F22F0083DFBCECE0003F5.e.1153"
}
[1744521197.900][INFO]: Waiting for pending navigations...
[1744521197.902][INFO]: Done waiting for pending navigations. Status: ok
[1744521197.918][INFO]: Waiting for pending navigations...
[1744521197.920][INFO]: Done waiting for pending navigations. Status: ok
[1744521197.920][INFO]: [96366644e4e44a0331331087ddd55f7c] RESPONSE GetElementText "(337)"
[1744521197.924][INFO]: [96366644e4e44a0331331087ddd55f7c] COMMAND FindChildElement {
   "id": "f.FA7F9F0460E8C13CECE7AFB28C7D66DB.d.0C4AE97B349F22F0083DFBCECE0003F5.e.1056",
   "using": "xpath",
   "value": ".//a[@class='wjcEIp']"
}
[1744521197.924][INFO]: Waiting for pending navigations...
[1744521197.926][INFO]: Done waiting for pending navigations. Status: ok
[1744521197.942][INFO]: Waiting for pending navigations...
[1744521197.944][INFO]: Done waiting for pending navigations. Status: ok
[1744521197.944][INFO]: [96366644e4e44a0331331087ddd55f7c] RESPONSE FindChildElement {
   "element-6066-11e4-a52e-4f735466cecf": "f.FA7F9F0460E8C13CECE7AFB28C7D66DB.d.0C4AE97B349F22F0083DFBCECE0003F5.e.1154"
}
[1744521197.947][INFO]: [96366644e4e44a0331331087ddd55f7c] COMMAND GetElementText {
   "id": "f.FA7F9F0460E8C13CECE7AFB28C7D66DB.d.0C4AE97B349F22F0083DFBCECE0003F5.e.1154"
}
[1744521197.947][INFO]: Waiting for pending navigations...
[1744521197.948][INFO]: Done waiting for pending navigations. Status: ok
[1744521197.958][INFO]: Waiting for pending navigations...
[1744521197.959][INFO]: Done waiting for pending navigations. Status: ok
[1744521197.959][INFO]: [96366644e4e44a0331331087ddd55f7c] RESPONSE GetElementText "SK Prints Red Heart Handle Photo Printed Ceramic Coffee..."
[1744521197.962][INFO]: [96366644e4e44a0331331087ddd55f7c] COMMAND FindChildElement {
   "id": "f.FA7F9F0460E8C13CECE7AFB28C7D66DB.d.0C4AE97B349F22F0083DFBCECE0003F5.e.1056",
   "using": "xpath",
   "value": ".//img[@class='DByuf4']"
}
[1744521197.962][INFO]: Waiting for pending navigations...
[1744521197.963][INFO]: Done waiting for pending navigations. Status: ok
[1744521197.971][INFO]: Waiting for pending navigations...
[1744521197.972][INFO]: Done waiting for pending navigations. Status: ok
[1744521197.972][INFO]: [96366644e4e44a0331331087ddd55f7c] RESPONSE FindChildElement {
   "element-6066-11e4-a52e-4f735466cecf": "f.FA7F9F0460E8C13CECE7AFB28C7D66DB.d.0C4AE97B349F22F0083DFBCECE0003F5.e.1155"
}
[1744521197.974][INFO]: [96366644e4e44a0331331087ddd55f7c] COMMAND ExecuteScript {
   "args": [ {
      "element-6066-11e4-a52e-4f735466cecf": "f.FA7F9F0460E8C13CECE7AFB28C7D66DB.d.0C4AE97B349F22F0083DFBCECE0003F5.e.1155"
   }, "src" ],
   "script": "/* getAttribute */return (function(){return (function(){var d=this||self;function f(a,b){function c(){}c.prototype=b.prototype;a.prototype=new c;a.prototype.constructor=a};var h=Array.prototype.indexOf?function(a,b){return Array.prototype.indexOf.call(a,b,void 0)}:function(a,b){if(\"string\"===typeof a)return\"string\"!==typeof b||1!=b.length?-1:a.indexOf(b,0);for(var c=0;c\u003Ca.length;c++)if(c in a&&a[c]===b)return c;return-1},k=Array.prototype.forEach?function(a,b){Array.prototype.forEach.call(a,b,void 0)}:function(a,b){for(var c=a.length,e=\"string\"===typeof a?a.split(\"\"):a,g=0;g\u003Cc;g++)g in e&&b.call(void 0,e[g],g,a)};function l(a,b){this.code=a;this.a=m[a]||n;this.message=b||\"\";a=this.a.replace(/((?:^|\\s+)[a-z])/g,function(c){return c.toUpperCase().replace(/^[\\s\\xa0]+/g,\"\")});b=a.length-5;if(0>b||a.indexOf(\"Error\",b)!=b)a+=\"Error\";this.name=a;a=Error(this.message);a.name=this.name;this.stack=a.stack||\"\"}f(l,Error);var n=\"unknown error\",m={15:\"element not selectable\",11:\"element not visible\"};m[31]=n;m[30]=n;m[24]=\"invalid cookie domain\";m[29]=\"invalid element coordinates\";m[12]=\"invalid element state\";m[32]=\"invalid selector\";\nm[51]=\"invalid selector\";m[52]=\"invalid selector\";m[17]=\"javascript error\";m[405]=\"unsupported operation\";m[34]=\"move target out of bounds\";m[27]=\"no such alert\";m[7]=\"no such element\";m[8]=\"no such frame\";m[23]=\"no such window\";m[28]=\"script timeout\";m[33]=\"session not created\";m[10]=\"stale element reference\";m[21]=\"timeout\";m[25]=\"unable to set cookie\";m[26]=\"unexpected alert open\";m[13]=n;m[9]=\"unknown command\";var p;a:{var q=d.navigator;if(q){var r=q.userAgent;if(r){p=r;break a}}p=\"\"}function t(a){return-1!=p.indexOf(a)};function u(){return t(\"Firefox\")||t(\"FxiOS\")}function v(){return(t(\"Chrome\")||t(\"CriOS\"))&&!t(\"Edge\")};function w(){return t(\"iPhone\")&&!t(\"iPod\")&&!t(\"iPad\")};var y=t(\"Opera\"),z=t(\"Trident\")||t(\"MSIE\"),A=t(\"Edge\"),B=t(\"Gecko\")&&!(-1!=p.toLowerCase().indexOf(\"webkit\")&&!t(\"Edge\"))&&!(t(\"Trident\")||t(\"MSIE\"))&&!t(\"Edge\"),C=-1!=p.toLowerCase().indexOf(\"webkit\")&&!t(\"Edge\");function D(){var a=d.document;return a?a.documentMode:void 0}var E;\na:{var F=\"\",G=function(){var a=p;if(B)return/rv:([^\\);]+)(\\)|;)/.exec(a);if(A)return/Edge\\/([\\d\\.]+)/.exec(a);if(z)return/\\b(?:MSIE|rv)[: ]([^\\);]+)(\\)|;)/.exec(a);if(C)return/WebKit\\/(\\S+)/.exec(a);if(y)return/(?:Version)[ \\/]?(\\S+)/.exec(a)}();G&&(F=G?G[1]:\"\");if(z){var H=D();if(null!=H&&H>parseFloat(F)){E=String(H);break a}}E=F}var I;I=d.document&&z?D():void 0;var J=u(),K=w()||t(\"iPod\"),L=t(\"iPad\"),M=t(\"Android\")&&!(v()||u()||t(\"Opera\")||t(\"Silk\")),N=v(),aa=t(\"Safari\")&&!(v()||t(\"Coast\")||t(\"Opera\")||t(\"Edge\")||t(\"Edg/\")||t(\"OPR\")||u()||t(\"Silk\")||t(\"Android\"))&&!(w()||t(\"iPad\")||t(\"iPod\"));function O(a){return(a=a.exec(p))?a[1]:\"\"}(function(){if(J)return O(/Firefox\\/([0-9.]+)/);if(z||A||y)return E;if(N)return w()||t(\"iPad\")||t(\"iPod\")?O(/CriOS\\/([0-9.]+)/):O(/Chrome\\/([0-9.]+)/);if(aa&&!(w()||t(\"iPad\")||t(\"iPod\")))return O(/Version\\/([0-9.]+)/);if(K||L){var a=/Version\\/(\\S+).*Mobile\\/(\\S+)/.exec(p);if(a)return a[1]+\".\"+a[2]}else if(M)return(a=O(/Android\\s+([0-9.]+)/))?a:O(/Version\\/([0-9.]+)/);return\"\"})();var P=z&&!(8\u003C=Number(I)),ba=z&&!(9\u003C=Number(I));var ca={SCRIPT:1,STYLE:1,HEAD:1,IFRAME:1,OBJECT:1},Q={IMG:\" \",BR:\"\\n\"};function R(a,b,c){if(!(a.nodeName in ca))if(3==a.nodeType)c?b.push(String(a.nodeValue).replace(/(\\r\\n|\\r|\\n)/g,\"\")):b.push(a.nodeValue);else if(a.nodeName in Q)b.push(Q[a.nodeName]);else for(a=a.firstChild;a;)R(a,b,c),a=a.nextSibling};function S(a,b){b=b.toLowerCase();return\"style\"==b?da(a.style.cssText):P&&\"value\"==b&&T(a,\"INPUT\")?a.value:ba&&!0===a[b]?String(a.getAttribute(b)):(a=a.getAttributeNode(b))&&a.specified?a.value:null}var ea=/[;]+(?=(?:(?:[^\"]*\"){2})*[^\"]*$)(?=(?:(?:[^']*'){2})*[^']*$)(?=(?:[^()]*\\([^()]*\\))*[^()]*$)/;\nfunction da(a){var b=[];k(a.split(ea),function(c){var e=c.indexOf(\":\");0\u003Ce&&(c=[c.slice(0,e),c.slice(e+1)],2==c.length&&b.push(c[0].toLowerCase(),\":\",c[1],\";\"))});b=b.join(\"\");return b=\";\"==b.charAt(b.length-1)?b:b+\";\"}function U(a,b){P&&\"value\"==b&&T(a,\"OPTION\")&&null===S(a,\"value\")?(b=[],R(a,b,!1),a=b.join(\"\")):a=a[b];return a}function T(a,b){b&&\"string\"!==typeof b&&(b=b.toString());return!!a&&1==a.nodeType&&(!b||a.tagName.toUpperCase()==b)}\nfunction V(a){return T(a,\"OPTION\")?!0:T(a,\"INPUT\")?(a=a.type.toLowerCase(),\"checkbox\"==a||\"radio\"==a):!1};var fa={\"class\":\"className\",readonly:\"readOnly\"},ha=\"allowfullscreen allowpaymentrequest allowusermedia async autofocus autoplay checked compact complete controls declare default defaultchecked defaultselected defer disabled ended formnovalidate hidden indeterminate iscontenteditable ismap itemscope loop multiple muted nohref nomodule noresize noshade novalidate nowrap open paused playsinline pubdate readonly required reversed scoped seamless seeking selected truespeed typemustmatch willvalidate\".split(\" \");function W(a,b){var c=null,e=b.toLowerCase();if(\"style\"==e)return(c=a.style)&&\"string\"!=typeof c&&(c=c.cssText),c;if((\"selected\"==e||\"checked\"==e)&&V(a)){if(!V(a))throw new l(15,\"Element is not selectable\");b=\"selected\";c=a.type&&a.type.toLowerCase();if(\"checkbox\"==c||\"radio\"==c)b=\"checked\";return U(a,b)?\"true\":null}var g=T(a,\"A\");if(T(a,\"IMG\")&&\"src\"==e||g&&\"href\"==e)return(c=S(a,e))&&(c=U(a,e)),c;if(\"spellcheck\"==e){c=S(a,e);if(null!==c){if(\"false\"==c.toLowerCase())return\"false\";if(\"true\"==c.toLowerCase())return\"true\"}return U(a,\ne)+\"\"}g=fa[b]||b;if(0\u003C=h(ha,e))return(c=null!==S(a,b)||U(a,g))?\"true\":null;try{var x=U(a,g)}catch(ia){}(e=null==x)||(e=typeof x,e=\"object\"==e&&null!=x||\"function\"==e);e?c=S(a,b):c=x;return null!=c?c.toString():null}var X=[\"_\"],Y=d;X[0]in Y||\"undefined\"==typeof Y.execScript||Y.execScript(\"var \"+X[0]);for(var Z;X.length&&(Z=X.shift());)X.length||void 0===W?Y[Z]&&Y[Z]!==Object.prototype[Z]?Y=Y[Z]:Y=Y[Z]={}:Y[Z]=W;; return this._.apply(null,arguments);}).apply({navigator:typeof window!='undefined'?window.navigator:null,document:typeof window!='undefined'?window.document:null}, arguments);}\n).apply(null, arguments);"
}
[1744521197.974][INFO]: Waiting for pending navigations...
[1744521197.975][INFO]: Done waiting for pending navigations. Status: ok
[1744521197.980][INFO]: Waiting for pending navigations...
[1744521197.980][INFO]: Done waiting for pending navigations. Status: ok
[1744521197.980][INFO]: [96366644e4e44a0331331087ddd55f7c] RESPONSE ExecuteScript "https://rukminim2.flixcart.com/image/612/612/xif0q/mug/3/j/u/red-heart-handle-photo-printed-mug-325-1-sk-prints-original-imahaa2bzkqhcmdx.jpeg?q=70"
[1744521197.982][INFO]: [96366644e4e44a0331331087ddd55f7c] COMMAND FindChildElement {
   "id": "f.FA7F9F0460E8C13CECE7AFB28C7D66DB.d.0C4AE97B349F22F0083DFBCECE0003F5.e.1056",
   "using": "xpath",
   "value": ".//span[@class='Wphh3N']"
}
[1744521197.982][INFO]: Waiting for pending navigations...
[1744521197.983][INFO]: Done waiting for pending navigations. Status: ok
[1744521208.057][INFO]: Waiting for pending navigations...
[1744521208.059][INFO]: Done waiting for pending navigations. Status: ok
[1744521208.059][INFO]: [96366644e4e44a0331331087ddd55f7c] RESPONSE FindChildElement ERROR no such element: Unable to locate element: {"method":"xpath","selector":".//span[@class='Wphh3N']"}
  (Session info: chrome=135.0.7049.84)
[1744521208.068][INFO]: [96366644e4e44a0331331087ddd55f7c] COMMAND FindChildElement {
   "id": "f.FA7F9F0460E8C13CECE7AFB28C7D66DB.d.0C4AE97B349F22F0083DFBCECE0003F5.e.1057",
   "using": "xpath",
   "value": ".//a[@class='wjcEIp']"
}
[1744521208.068][INFO]: Waiting for pending navigations...
[1744521208.070][INFO]: Done waiting for pending navigations. Status: ok
[1744521208.086][INFO]: Waiting for pending navigations...
[1744521208.087][INFO]: Done waiting for pending navigations. Status: ok
[1744521208.088][INFO]: [96366644e4e44a0331331087ddd55f7c] RESPONSE FindChildElement {
   "element-6066-11e4-a52e-4f735466cecf": "f.FA7F9F0460E8C13CECE7AFB28C7D66DB.d.0C4AE97B349F22F0083DFBCECE0003F5.e.1156"
}
[1744521208.091][INFO]: [96366644e4e44a0331331087ddd55f7c] COMMAND GetElementText {
   "id": "f.FA7F9F0460E8C13CECE7AFB28C7D66DB.d.0C4AE97B349F22F0083DFBCECE0003F5.e.1156"
}
[1744521208.091][INFO]: Waiting for pending navigations...
[1744521208.093][INFO]: Done waiting for pending navigations. Status: ok
[1744521208.109][INFO]: Waiting for pending navigations...
[1744521208.111][INFO]: Done waiting for pending navigations. Status: ok
[1744521208.111][INFO]: [96366644e4e44a0331331087ddd55f7c] RESPONSE GetElementText "SPEACK Coffee Lover's 2nd Preferable Choice Sipper Lid ..."
[1744521208.115][INFO]: [96366644e4e44a0331331087ddd55f7c] COMMAND FindChildElement {
   "id": "f.FA7F9F0460E8C13CECE7AFB28C7D66DB.d.0C4AE97B349F22F0083DFBCECE0003F5.e.1057",
   "using": "xpath",
   "value": ".//img[@class='DByuf4']"
}
[1744521208.115][INFO]: Waiting for pending navigations...
[1744521208.117][INFO]: Done waiting for pending navigations. Status: ok
[1744521208.133][INFO]: Waiting for pending navigations...
[1744521208.135][INFO]: Done waiting for pending navigations. Status: ok
[1744521208.135][INFO]: [96366644e4e44a0331331087ddd55f7c] RESPONSE FindChildElement {
   "element-6066-11e4-a52e-4f735466cecf": "f.FA7F9F0460E8C13CECE7AFB28C7D66DB.d.0C4AE97B349F22F0083DFBCECE0003F5.e.1157"
}
[1744521208.141][INFO]: [96366644e4e44a0331331087ddd55f7c] COMMAND ExecuteScript {
   "args": [ {
      "element-6066-11e4-a52e-4f735466cecf": "f.FA7F9F0460E8C13CECE7AFB28C7D66DB.d.0C4AE97B349F22F0083DFBCECE0003F5.e.1157"
   }, "src" ],
   "script": "/* getAttribute */return (function(){return (function(){var d=this||self;function f(a,b){function c(){}c.prototype=b.prototype;a.prototype=new c;a.prototype.constructor=a};var h=Array.prototype.indexOf?function(a,b){return Array.prototype.indexOf.call(a,b,void 0)}:function(a,b){if(\"string\"===typeof a)return\"string\"!==typeof b||1!=b.length?-1:a.indexOf(b,0);for(var c=0;c\u003Ca.length;c++)if(c in a&&a[c]===b)return c;return-1},k=Array.prototype.forEach?function(a,b){Array.prototype.forEach.call(a,b,void 0)}:function(a,b){for(var c=a.length,e=\"string\"===typeof a?a.split(\"\"):a,g=0;g\u003Cc;g++)g in e&&b.call(void 0,e[g],g,a)};function l(a,b){this.code=a;this.a=m[a]||n;this.message=b||\"\";a=this.a.replace(/((?:^|\\s+)[a-z])/g,function(c){return c.toUpperCase().replace(/^[\\s\\xa0]+/g,\"\")});b=a.length-5;if(0>b||a.indexOf(\"Error\",b)!=b)a+=\"Error\";this.name=a;a=Error(this.message);a.name=this.name;this.stack=a.stack||\"\"}f(l,Error);var n=\"unknown error\",m={15:\"element not selectable\",11:\"element not visible\"};m[31]=n;m[30]=n;m[24]=\"invalid cookie domain\";m[29]=\"invalid element coordinates\";m[12]=\"invalid element state\";m[32]=\"invalid selector\";\nm[51]=\"invalid selector\";m[52]=\"invalid selector\";m[17]=\"javascript error\";m[405]=\"unsupported operation\";m[34]=\"move target out of bounds\";m[27]=\"no such alert\";m[7]=\"no such element\";m[8]=\"no such frame\";m[23]=\"no such window\";m[28]=\"script timeout\";m[33]=\"session not created\";m[10]=\"stale element reference\";m[21]=\"timeout\";m[25]=\"unable to set cookie\";m[26]=\"unexpected alert open\";m[13]=n;m[9]=\"unknown command\";var p;a:{var q=d.navigator;if(q){var r=q.userAgent;if(r){p=r;break a}}p=\"\"}function t(a){return-1!=p.indexOf(a)};function u(){return t(\"Firefox\")||t(\"FxiOS\")}function v(){return(t(\"Chrome\")||t(\"CriOS\"))&&!t(\"Edge\")};function w(){return t(\"iPhone\")&&!t(\"iPod\")&&!t(\"iPad\")};var y=t(\"Opera\"),z=t(\"Trident\")||t(\"MSIE\"),A=t(\"Edge\"),B=t(\"Gecko\")&&!(-1!=p.toLowerCase().indexOf(\"webkit\")&&!t(\"Edge\"))&&!(t(\"Trident\")||t(\"MSIE\"))&&!t(\"Edge\"),C=-1!=p.toLowerCase().indexOf(\"webkit\")&&!t(\"Edge\");function D(){var a=d.document;return a?a.documentMode:void 0}var E;\na:{var F=\"\",G=function(){var a=p;if(B)return/rv:([^\\);]+)(\\)|;)/.exec(a);if(A)return/Edge\\/([\\d\\.]+)/.exec(a);if(z)return/\\b(?:MSIE|rv)[: ]([^\\);]+)(\\)|;)/.exec(a);if(C)return/WebKit\\/(\\S+)/.exec(a);if(y)return/(?:Version)[ \\/]?(\\S+)/.exec(a)}();G&&(F=G?G[1]:\"\");if(z){var H=D();if(null!=H&&H>parseFloat(F)){E=String(H);break a}}E=F}var I;I=d.document&&z?D():void 0;var J=u(),K=w()||t(\"iPod\"),L=t(\"iPad\"),M=t(\"Android\")&&!(v()||u()||t(\"Opera\")||t(\"Silk\")),N=v(),aa=t(\"Safari\")&&!(v()||t(\"Coast\")||t(\"Opera\")||t(\"Edge\")||t(\"Edg/\")||t(\"OPR\")||u()||t(\"Silk\")||t(\"Android\"))&&!(w()||t(\"iPad\")||t(\"iPod\"));function O(a){return(a=a.exec(p))?a[1]:\"\"}(function(){if(J)return O(/Firefox\\/([0-9.]+)/);if(z||A||y)return E;if(N)return w()||t(\"iPad\")||t(\"iPod\")?O(/CriOS\\/([0-9.]+)/):O(/Chrome\\/([0-9.]+)/);if(aa&&!(w()||t(\"iPad\")||t(\"iPod\")))return O(/Version\\/([0-9.]+)/);if(K||L){var a=/Version\\/(\\S+).*Mobile\\/(\\S+)/.exec(p);if(a)return a[1]+\".\"+a[2]}else if(M)return(a=O(/Android\\s+([0-9.]+)/))?a:O(/Version\\/([0-9.]+)/);return\"\"})();var P=z&&!(8\u003C=Number(I)),ba=z&&!(9\u003C=Number(I));var ca={SCRIPT:1,STYLE:1,HEAD:1,IFRAME:1,OBJECT:1},Q={IMG:\" \",BR:\"\\n\"};function R(a,b,c){if(!(a.nodeName in ca))if(3==a.nodeType)c?b.push(String(a.nodeValue).replace(/(\\r\\n|\\r|\\n)/g,\"\")):b.push(a.nodeValue);else if(a.nodeName in Q)b.push(Q[a.nodeName]);else for(a=a.firstChild;a;)R(a,b,c),a=a.nextSibling};function S(a,b){b=b.toLowerCase();return\"style\"==b?da(a.style.cssText):P&&\"value\"==b&&T(a,\"INPUT\")?a.value:ba&&!0===a[b]?String(a.getAttribute(b)):(a=a.getAttributeNode(b))&&a.specified?a.value:null}var ea=/[;]+(?=(?:(?:[^\"]*\"){2})*[^\"]*$)(?=(?:(?:[^']*'){2})*[^']*$)(?=(?:[^()]*\\([^()]*\\))*[^()]*$)/;\nfunction da(a){var b=[];k(a.split(ea),function(c){var e=c.indexOf(\":\");0\u003Ce&&(c=[c.slice(0,e),c.slice(e+1)],2==c.length&&b.push(c[0].toLowerCase(),\":\",c[1],\";\"))});b=b.join(\"\");return b=\";\"==b.charAt(b.length-1)?b:b+\";\"}function U(a,b){P&&\"value\"==b&&T(a,\"OPTION\")&&null===S(a,\"value\")?(b=[],R(a,b,!1),a=b.join(\"\")):a=a[b];return a}function T(a,b){b&&\"string\"!==typeof b&&(b=b.toString());return!!a&&1==a.nodeType&&(!b||a.tagName.toUpperCase()==b)}\nfunction V(a){return T(a,\"OPTION\")?!0:T(a,\"INPUT\")?(a=a.type.toLowerCase(),\"checkbox\"==a||\"radio\"==a):!1};var fa={\"class\":\"className\",readonly:\"readOnly\"},ha=\"allowfullscreen allowpaymentrequest allowusermedia async autofocus autoplay checked compact complete controls declare default defaultchecked defaultselected defer disabled ended formnovalidate hidden indeterminate iscontenteditable ismap itemscope loop multiple muted nohref nomodule noresize noshade novalidate nowrap open paused playsinline pubdate readonly required reversed scoped seamless seeking selected truespeed typemustmatch willvalidate\".split(\" \");function W(a,b){var c=null,e=b.toLowerCase();if(\"style\"==e)return(c=a.style)&&\"string\"!=typeof c&&(c=c.cssText),c;if((\"selected\"==e||\"checked\"==e)&&V(a)){if(!V(a))throw new l(15,\"Element is not selectable\");b=\"selected\";c=a.type&&a.type.toLowerCase();if(\"checkbox\"==c||\"radio\"==c)b=\"checked\";return U(a,b)?\"true\":null}var g=T(a,\"A\");if(T(a,\"IMG\")&&\"src\"==e||g&&\"href\"==e)return(c=S(a,e))&&(c=U(a,e)),c;if(\"spellcheck\"==e){c=S(a,e);if(null!==c){if(\"false\"==c.toLowerCase())return\"false\";if(\"true\"==c.toLowerCase())return\"true\"}return U(a,\ne)+\"\"}g=fa[b]||b;if(0\u003C=h(ha,e))return(c=null!==S(a,b)||U(a,g))?\"true\":null;try{var x=U(a,g)}catch(ia){}(e=null==x)||(e=typeof x,e=\"object\"==e&&null!=x||\"function\"==e);e?c=S(a,b):c=x;return null!=c?c.toString():null}var X=[\"_\"],Y=d;X[0]in Y||\"undefined\"==typeof Y.execScript||Y.execScript(\"var \"+X[0]);for(var Z;X.length&&(Z=X.shift());)X.length||void 0===W?Y[Z]&&Y[Z]!==Object.prototype[Z]?Y=Y[Z]:Y=Y[Z]={}:Y[Z]=W;; return this._.apply(null,arguments);}).apply({navigator:typeof window!='undefined'?window.navigator:null,document:typeof window!='undefined'?window.document:null}, arguments);}\n).apply(null, arguments);"
}
[1744521208.146][INFO]: Waiting for pending navigations...
[1744521208.147][INFO]: Done waiting for pending navigations. Status: ok
[1744521208.158][INFO]: Waiting for pending navigations...
[1744521208.160][INFO]: Done waiting for pending navigations. Status: ok
[1744521208.160][INFO]: [96366644e4e44a0331331087ddd55f7c] RESPONSE ExecuteScript "https://rukminim2.flixcart.com/image/612/612/xif0q/mug/s/l/o/coffee-lover-s-2nd-preferable-choice-sipper-lid-450-1-speack-original-imagxgufmdnx8uzt.jpeg?q=70"
[1744521208.164][INFO]: [96366644e4e44a0331331087ddd55f7c] COMMAND FindChildElement {
   "id": "f.FA7F9F0460E8C13CECE7AFB28C7D66DB.d.0C4AE97B349F22F0083DFBCECE0003F5.e.1057",
   "using": "xpath",
   "value": ".//span[@class='Wphh3N']"
}
[1744521208.164][INFO]: Waiting for pending navigations...
[1744521208.166][INFO]: Done waiting for pending navigations. Status: ok
[1744521208.185][INFO]: Waiting for pending navigations...
[1744521208.187][INFO]: Done waiting for pending navigations. Status: ok
[1744521208.187][INFO]: [96366644e4e44a0331331087ddd55f7c] RESPONSE FindChildElement {
   "element-6066-11e4-a52e-4f735466cecf": "f.FA7F9F0460E8C13CECE7AFB28C7D66DB.d.0C4AE97B349F22F0083DFBCECE0003F5.e.1158"
}
[1744521208.212][INFO]: [96366644e4e44a0331331087ddd55f7c] COMMAND GetElementText {
   "id": "f.FA7F9F0460E8C13CECE7AFB28C7D66DB.d.0C4AE97B349F22F0083DFBCECE0003F5.e.1158"
}
[1744521208.213][INFO]: Waiting for pending navigations...
[1744521208.222][INFO]: Done waiting for pending navigations. Status: ok
[1744521208.242][INFO]: Waiting for pending navigations...
[1744521208.244][INFO]: Done waiting for pending navigations. Status: ok
[1744521208.244][INFO]: [96366644e4e44a0331331087ddd55f7c] RESPONSE GetElementText "(277)"
[1744521208.249][INFO]: [96366644e4e44a0331331087ddd55f7c] COMMAND FindChildElement {
   "id": "f.FA7F9F0460E8C13CECE7AFB28C7D66DB.d.0C4AE97B349F22F0083DFBCECE0003F5.e.1058",
   "using": "xpath",
   "value": ".//a[@class='wjcEIp']"
}
[1744521208.249][INFO]: Waiting for pending navigations...
[1744521208.250][INFO]: Done waiting for pending navigations. Status: ok
[1744521208.268][INFO]: Waiting for pending navigations...
[1744521208.269][INFO]: Done waiting for pending navigations. Status: ok
[1744521208.269][INFO]: [96366644e4e44a0331331087ddd55f7c] RESPONSE FindChildElement {
   "element-6066-11e4-a52e-4f735466cecf": "f.FA7F9F0460E8C13CECE7AFB28C7D66DB.d.0C4AE97B349F22F0083DFBCECE0003F5.e.1159"
}
[1744521208.273][INFO]: [96366644e4e44a0331331087ddd55f7c] COMMAND GetElementText {
   "id": "f.FA7F9F0460E8C13CECE7AFB28C7D66DB.d.0C4AE97B349F22F0083DFBCECE0003F5.e.1159"
}
[1744521208.273][INFO]: Waiting for pending navigations...
[1744521208.275][INFO]: Done waiting for pending navigations. Status: ok
[1744521208.291][INFO]: Waiting for pending navigations...
[1744521208.292][INFO]: Done waiting for pending navigations. Status: ok
[1744521208.292][INFO]: [96366644e4e44a0331331087ddd55f7c] RESPONSE GetElementText "Ayethic Jade Panda Ceramic Coffee with Spoon and Lid, C..."
[1744521208.296][INFO]: [96366644e4e44a0331331087ddd55f7c] COMMAND FindChildElement {
   "id": "f.FA7F9F0460E8C13CECE7AFB28C7D66DB.d.0C4AE97B349F22F0083DFBCECE0003F5.e.1058",
   "using": "xpath",
   "value": ".//img[@class='DByuf4']"
}
[1744521208.297][INFO]: Waiting for pending navigations...
[1744521208.298][INFO]: Done waiting for pending navigations. Status: ok
[1744521208.314][INFO]: Waiting for pending navigations...
[1744521208.316][INFO]: Done waiting for pending navigations. Status: ok
[1744521208.316][INFO]: [96366644e4e44a0331331087ddd55f7c] RESPONSE FindChildElement {
   "element-6066-11e4-a52e-4f735466cecf": "f.FA7F9F0460E8C13CECE7AFB28C7D66DB.d.0C4AE97B349F22F0083DFBCECE0003F5.e.1160"
}
[1744521208.322][INFO]: [96366644e4e44a0331331087ddd55f7c] COMMAND ExecuteScript {
   "args": [ {
      "element-6066-11e4-a52e-4f735466cecf": "f.FA7F9F0460E8C13CECE7AFB28C7D66DB.d.0C4AE97B349F22F0083DFBCECE0003F5.e.1160"
   }, "src" ],
   "script": "/* getAttribute */return (function(){return (function(){var d=this||self;function f(a,b){function c(){}c.prototype=b.prototype;a.prototype=new c;a.prototype.constructor=a};var h=Array.prototype.indexOf?function(a,b){return Array.prototype.indexOf.call(a,b,void 0)}:function(a,b){if(\"string\"===typeof a)return\"string\"!==typeof b||1!=b.length?-1:a.indexOf(b,0);for(var c=0;c\u003Ca.length;c++)if(c in a&&a[c]===b)return c;return-1},k=Array.prototype.forEach?function(a,b){Array.prototype.forEach.call(a,b,void 0)}:function(a,b){for(var c=a.length,e=\"string\"===typeof a?a.split(\"\"):a,g=0;g\u003Cc;g++)g in e&&b.call(void 0,e[g],g,a)};function l(a,b){this.code=a;this.a=m[a]||n;this.message=b||\"\";a=this.a.replace(/((?:^|\\s+)[a-z])/g,function(c){return c.toUpperCase().replace(/^[\\s\\xa0]+/g,\"\")});b=a.length-5;if(0>b||a.indexOf(\"Error\",b)!=b)a+=\"Error\";this.name=a;a=Error(this.message);a.name=this.name;this.stack=a.stack||\"\"}f(l,Error);var n=\"unknown error\",m={15:\"element not selectable\",11:\"element not visible\"};m[31]=n;m[30]=n;m[24]=\"invalid cookie domain\";m[29]=\"invalid element coordinates\";m[12]=\"invalid element state\";m[32]=\"invalid selector\";\nm[51]=\"invalid selector\";m[52]=\"invalid selector\";m[17]=\"javascript error\";m[405]=\"unsupported operation\";m[34]=\"move target out of bounds\";m[27]=\"no such alert\";m[7]=\"no such element\";m[8]=\"no such frame\";m[23]=\"no such window\";m[28]=\"script timeout\";m[33]=\"session not created\";m[10]=\"stale element reference\";m[21]=\"timeout\";m[25]=\"unable to set cookie\";m[26]=\"unexpected alert open\";m[13]=n;m[9]=\"unknown command\";var p;a:{var q=d.navigator;if(q){var r=q.userAgent;if(r){p=r;break a}}p=\"\"}function t(a){return-1!=p.indexOf(a)};function u(){return t(\"Firefox\")||t(\"FxiOS\")}function v(){return(t(\"Chrome\")||t(\"CriOS\"))&&!t(\"Edge\")};function w(){return t(\"iPhone\")&&!t(\"iPod\")&&!t(\"iPad\")};var y=t(\"Opera\"),z=t(\"Trident\")||t(\"MSIE\"),A=t(\"Edge\"),B=t(\"Gecko\")&&!(-1!=p.toLowerCase().indexOf(\"webkit\")&&!t(\"Edge\"))&&!(t(\"Trident\")||t(\"MSIE\"))&&!t(\"Edge\"),C=-1!=p.toLowerCase().indexOf(\"webkit\")&&!t(\"Edge\");function D(){var a=d.document;return a?a.documentMode:void 0}var E;\na:{var F=\"\",G=function(){var a=p;if(B)return/rv:([^\\);]+)(\\)|;)/.exec(a);if(A)return/Edge\\/([\\d\\.]+)/.exec(a);if(z)return/\\b(?:MSIE|rv)[: ]([^\\);]+)(\\)|;)/.exec(a);if(C)return/WebKit\\/(\\S+)/.exec(a);if(y)return/(?:Version)[ \\/]?(\\S+)/.exec(a)}();G&&(F=G?G[1]:\"\");if(z){var H=D();if(null!=H&&H>parseFloat(F)){E=String(H);break a}}E=F}var I;I=d.document&&z?D():void 0;var J=u(),K=w()||t(\"iPod\"),L=t(\"iPad\"),M=t(\"Android\")&&!(v()||u()||t(\"Opera\")||t(\"Silk\")),N=v(),aa=t(\"Safari\")&&!(v()||t(\"Coast\")||t(\"Opera\")||t(\"Edge\")||t(\"Edg/\")||t(\"OPR\")||u()||t(\"Silk\")||t(\"Android\"))&&!(w()||t(\"iPad\")||t(\"iPod\"));function O(a){return(a=a.exec(p))?a[1]:\"\"}(function(){if(J)return O(/Firefox\\/([0-9.]+)/);if(z||A||y)return E;if(N)return w()||t(\"iPad\")||t(\"iPod\")?O(/CriOS\\/([0-9.]+)/):O(/Chrome\\/([0-9.]+)/);if(aa&&!(w()||t(\"iPad\")||t(\"iPod\")))return O(/Version\\/([0-9.]+)/);if(K||L){var a=/Version\\/(\\S+).*Mobile\\/(\\S+)/.exec(p);if(a)return a[1]+\".\"+a[2]}else if(M)return(a=O(/Android\\s+([0-9.]+)/))?a:O(/Version\\/([0-9.]+)/);return\"\"})();var P=z&&!(8\u003C=Number(I)),ba=z&&!(9\u003C=Number(I));var ca={SCRIPT:1,STYLE:1,HEAD:1,IFRAME:1,OBJECT:1},Q={IMG:\" \",BR:\"\\n\"};function R(a,b,c){if(!(a.nodeName in ca))if(3==a.nodeType)c?b.push(String(a.nodeValue).replace(/(\\r\\n|\\r|\\n)/g,\"\")):b.push(a.nodeValue);else if(a.nodeName in Q)b.push(Q[a.nodeName]);else for(a=a.firstChild;a;)R(a,b,c),a=a.nextSibling};function S(a,b){b=b.toLowerCase();return\"style\"==b?da(a.style.cssText):P&&\"value\"==b&&T(a,\"INPUT\")?a.value:ba&&!0===a[b]?String(a.getAttribute(b)):(a=a.getAttributeNode(b))&&a.specified?a.value:null}var ea=/[;]+(?=(?:(?:[^\"]*\"){2})*[^\"]*$)(?=(?:(?:[^']*'){2})*[^']*$)(?=(?:[^()]*\\([^()]*\\))*[^()]*$)/;\nfunction da(a){var b=[];k(a.split(ea),function(c){var e=c.indexOf(\":\");0\u003Ce&&(c=[c.slice(0,e),c.slice(e+1)],2==c.length&&b.push(c[0].toLowerCase(),\":\",c[1],\";\"))});b=b.join(\"\");return b=\";\"==b.charAt(b.length-1)?b:b+\";\"}function U(a,b){P&&\"value\"==b&&T(a,\"OPTION\")&&null===S(a,\"value\")?(b=[],R(a,b,!1),a=b.join(\"\")):a=a[b];return a}function T(a,b){b&&\"string\"!==typeof b&&(b=b.toString());return!!a&&1==a.nodeType&&(!b||a.tagName.toUpperCase()==b)}\nfunction V(a){return T(a,\"OPTION\")?!0:T(a,\"INPUT\")?(a=a.type.toLowerCase(),\"checkbox\"==a||\"radio\"==a):!1};var fa={\"class\":\"className\",readonly:\"readOnly\"},ha=\"allowfullscreen allowpaymentrequest allowusermedia async autofocus autoplay checked compact complete controls declare default defaultchecked defaultselected defer disabled ended formnovalidate hidden indeterminate iscontenteditable ismap itemscope loop multiple muted nohref nomodule noresize noshade novalidate nowrap open paused playsinline pubdate readonly required reversed scoped seamless seeking selected truespeed typemustmatch willvalidate\".split(\" \");function W(a,b){var c=null,e=b.toLowerCase();if(\"style\"==e)return(c=a.style)&&\"string\"!=typeof c&&(c=c.cssText),c;if((\"selected\"==e||\"checked\"==e)&&V(a)){if(!V(a))throw new l(15,\"Element is not selectable\");b=\"selected\";c=a.type&&a.type.toLowerCase();if(\"checkbox\"==c||\"radio\"==c)b=\"checked\";return U(a,b)?\"true\":null}var g=T(a,\"A\");if(T(a,\"IMG\")&&\"src\"==e||g&&\"href\"==e)return(c=S(a,e))&&(c=U(a,e)),c;if(\"spellcheck\"==e){c=S(a,e);if(null!==c){if(\"false\"==c.toLowerCase())return\"false\";if(\"true\"==c.toLowerCase())return\"true\"}return U(a,\ne)+\"\"}g=fa[b]||b;if(0\u003C=h(ha,e))return(c=null!==S(a,b)||U(a,g))?\"true\":null;try{var x=U(a,g)}catch(ia){}(e=null==x)||(e=typeof x,e=\"object\"==e&&null!=x||\"function\"==e);e?c=S(a,b):c=x;return null!=c?c.toString():null}var X=[\"_\"],Y=d;X[0]in Y||\"undefined\"==typeof Y.execScript||Y.execScript(\"var \"+X[0]);for(var Z;X.length&&(Z=X.shift());)X.length||void 0===W?Y[Z]&&Y[Z]!==Object.prototype[Z]?Y=Y[Z]:Y=Y[Z]={}:Y[Z]=W;; return this._.apply(null,arguments);}).apply({navigator:typeof window!='undefined'?window.navigator:null,document:typeof window!='undefined'?window.document:null}, arguments);}\n).apply(null, arguments);"
}
[1744521208.322][INFO]: Waiting for pending navigations...
[1744521208.324][INFO]: Done waiting for pending navigations. Status: ok
[1744521208.334][INFO]: Waiting for pending navigations...
[1744521208.336][INFO]: Done waiting for pending navigations. Status: ok
[1744521208.336][INFO]: [96366644e4e44a0331331087ddd55f7c] RESPONSE ExecuteScript "https://rukminim2.flixcart.com/image/612/612/xif0q/mug/u/r/e/jade-panda-ceramic-coffee-mug-with-spoon-and-lid-cute-panda-mug-original-imahash8ft8qeces.jpeg?q=70"
[1744521208.340][INFO]: [96366644e4e44a0331331087ddd55f7c] COMMAND FindChildElement {
   "id": "f.FA7F9F0460E8C13CECE7AFB28C7D66DB.d.0C4AE97B349F22F0083DFBCECE0003F5.e.1058",
   "using": "xpath",
   "value": ".//span[@class='Wphh3N']"
}
[1744521208.340][INFO]: Waiting for pending navigations...
[1744521208.342][INFO]: Done waiting for pending navigations. Status: ok
[1744521218.392][INFO]: Waiting for pending navigations...
[1744521218.394][INFO]: Done waiting for pending navigations. Status: ok
[1744521218.394][INFO]: [96366644e4e44a0331331087ddd55f7c] RESPONSE FindChildElement ERROR no such element: Unable to locate element: {"method":"xpath","selector":".//span[@class='Wphh3N']"}
  (Session info: chrome=135.0.7049.84)
[1744521218.401][INFO]: [96366644e4e44a0331331087ddd55f7c] COMMAND FindChildElement {
   "id": "f.FA7F9F0460E8C13CECE7AFB28C7D66DB.d.0C4AE97B349F22F0083DFBCECE0003F5.e.1059",
   "using": "xpath",
   "value": ".//a[@class='wjcEIp']"
}
[1744521218.401][INFO]: Waiting for pending navigations...
[1744521218.403][INFO]: Done waiting for pending navigations. Status: ok
[1744521218.424][INFO]: Waiting for pending navigations...
[1744521218.425][INFO]: Done waiting for pending navigations. Status: ok
[1744521218.425][INFO]: [96366644e4e44a0331331087ddd55f7c] RESPONSE FindChildElement {
   "element-6066-11e4-a52e-4f735466cecf": "f.FA7F9F0460E8C13CECE7AFB28C7D66DB.d.0C4AE97B349F22F0083DFBCECE0003F5.e.1161"
}
[1744521218.431][INFO]: [96366644e4e44a0331331087ddd55f7c] COMMAND GetElementText {
   "id": "f.FA7F9F0460E8C13CECE7AFB28C7D66DB.d.0C4AE97B349F22F0083DFBCECE0003F5.e.1161"
}
[1744521218.431][INFO]: Waiting for pending navigations...
[1744521218.433][INFO]: Done waiting for pending navigations. Status: ok
[1744521218.450][INFO]: Waiting for pending navigations...
[1744521218.451][INFO]: Done waiting for pending navigations. Status: ok
[1744521218.451][INFO]: [96366644e4e44a0331331087ddd55f7c] RESPONSE GetElementText "ASSIS Photo & Text Printed Cup For Birthday , Anniversa..."
[1744521218.456][INFO]: [96366644e4e44a0331331087ddd55f7c] COMMAND FindChildElement {
   "id": "f.FA7F9F0460E8C13CECE7AFB28C7D66DB.d.0C4AE97B349F22F0083DFBCECE0003F5.e.1059",
   "using": "xpath",
   "value": ".//img[@class='DByuf4']"
}
[1744521218.456][INFO]: Waiting for pending navigations...
[1744521218.458][INFO]: Done waiting for pending navigations. Status: ok
[1744521218.476][INFO]: Waiting for pending navigations...
[1744521218.477][INFO]: Done waiting for pending navigations. Status: ok
[1744521218.478][INFO]: [96366644e4e44a0331331087ddd55f7c] RESPONSE FindChildElement {
   "element-6066-11e4-a52e-4f735466cecf": "f.FA7F9F0460E8C13CECE7AFB28C7D66DB.d.0C4AE97B349F22F0083DFBCECE0003F5.e.1162"
}
[1744521218.484][INFO]: [96366644e4e44a0331331087ddd55f7c] COMMAND ExecuteScript {
   "args": [ {
      "element-6066-11e4-a52e-4f735466cecf": "f.FA7F9F0460E8C13CECE7AFB28C7D66DB.d.0C4AE97B349F22F0083DFBCECE0003F5.e.1162"
   }, "src" ],
   "script": "/* getAttribute */return (function(){return (function(){var d=this||self;function f(a,b){function c(){}c.prototype=b.prototype;a.prototype=new c;a.prototype.constructor=a};var h=Array.prototype.indexOf?function(a,b){return Array.prototype.indexOf.call(a,b,void 0)}:function(a,b){if(\"string\"===typeof a)return\"string\"!==typeof b||1!=b.length?-1:a.indexOf(b,0);for(var c=0;c\u003Ca.length;c++)if(c in a&&a[c]===b)return c;return-1},k=Array.prototype.forEach?function(a,b){Array.prototype.forEach.call(a,b,void 0)}:function(a,b){for(var c=a.length,e=\"string\"===typeof a?a.split(\"\"):a,g=0;g\u003Cc;g++)g in e&&b.call(void 0,e[g],g,a)};function l(a,b){this.code=a;this.a=m[a]||n;this.message=b||\"\";a=this.a.replace(/((?:^|\\s+)[a-z])/g,function(c){return c.toUpperCase().replace(/^[\\s\\xa0]+/g,\"\")});b=a.length-5;if(0>b||a.indexOf(\"Error\",b)!=b)a+=\"Error\";this.name=a;a=Error(this.message);a.name=this.name;this.stack=a.stack||\"\"}f(l,Error);var n=\"unknown error\",m={15:\"element not selectable\",11:\"element not visible\"};m[31]=n;m[30]=n;m[24]=\"invalid cookie domain\";m[29]=\"invalid element coordinates\";m[12]=\"invalid element state\";m[32]=\"invalid selector\";\nm[51]=\"invalid selector\";m[52]=\"invalid selector\";m[17]=\"javascript error\";m[405]=\"unsupported operation\";m[34]=\"move target out of bounds\";m[27]=\"no such alert\";m[7]=\"no such element\";m[8]=\"no such frame\";m[23]=\"no such window\";m[28]=\"script timeout\";m[33]=\"session not created\";m[10]=\"stale element reference\";m[21]=\"timeout\";m[25]=\"unable to set cookie\";m[26]=\"unexpected alert open\";m[13]=n;m[9]=\"unknown command\";var p;a:{var q=d.navigator;if(q){var r=q.userAgent;if(r){p=r;break a}}p=\"\"}function t(a){return-1!=p.indexOf(a)};function u(){return t(\"Firefox\")||t(\"FxiOS\")}function v(){return(t(\"Chrome\")||t(\"CriOS\"))&&!t(\"Edge\")};function w(){return t(\"iPhone\")&&!t(\"iPod\")&&!t(\"iPad\")};var y=t(\"Opera\"),z=t(\"Trident\")||t(\"MSIE\"),A=t(\"Edge\"),B=t(\"Gecko\")&&!(-1!=p.toLowerCase().indexOf(\"webkit\")&&!t(\"Edge\"))&&!(t(\"Trident\")||t(\"MSIE\"))&&!t(\"Edge\"),C=-1!=p.toLowerCase().indexOf(\"webkit\")&&!t(\"Edge\");function D(){var a=d.document;return a?a.documentMode:void 0}var E;\na:{var F=\"\",G=function(){var a=p;if(B)return/rv:([^\\);]+)(\\)|;)/.exec(a);if(A)return/Edge\\/([\\d\\.]+)/.exec(a);if(z)return/\\b(?:MSIE|rv)[: ]([^\\);]+)(\\)|;)/.exec(a);if(C)return/WebKit\\/(\\S+)/.exec(a);if(y)return/(?:Version)[ \\/]?(\\S+)/.exec(a)}();G&&(F=G?G[1]:\"\");if(z){var H=D();if(null!=H&&H>parseFloat(F)){E=String(H);break a}}E=F}var I;I=d.document&&z?D():void 0;var J=u(),K=w()||t(\"iPod\"),L=t(\"iPad\"),M=t(\"Android\")&&!(v()||u()||t(\"Opera\")||t(\"Silk\")),N=v(),aa=t(\"Safari\")&&!(v()||t(\"Coast\")||t(\"Opera\")||t(\"Edge\")||t(\"Edg/\")||t(\"OPR\")||u()||t(\"Silk\")||t(\"Android\"))&&!(w()||t(\"iPad\")||t(\"iPod\"));function O(a){return(a=a.exec(p))?a[1]:\"\"}(function(){if(J)return O(/Firefox\\/([0-9.]+)/);if(z||A||y)return E;if(N)return w()||t(\"iPad\")||t(\"iPod\")?O(/CriOS\\/([0-9.]+)/):O(/Chrome\\/([0-9.]+)/);if(aa&&!(w()||t(\"iPad\")||t(\"iPod\")))return O(/Version\\/([0-9.]+)/);if(K||L){var a=/Version\\/(\\S+).*Mobile\\/(\\S+)/.exec(p);if(a)return a[1]+\".\"+a[2]}else if(M)return(a=O(/Android\\s+([0-9.]+)/))?a:O(/Version\\/([0-9.]+)/);return\"\"})();var P=z&&!(8\u003C=Number(I)),ba=z&&!(9\u003C=Number(I));var ca={SCRIPT:1,STYLE:1,HEAD:1,IFRAME:1,OBJECT:1},Q={IMG:\" \",BR:\"\\n\"};function R(a,b,c){if(!(a.nodeName in ca))if(3==a.nodeType)c?b.push(String(a.nodeValue).replace(/(\\r\\n|\\r|\\n)/g,\"\")):b.push(a.nodeValue);else if(a.nodeName in Q)b.push(Q[a.nodeName]);else for(a=a.firstChild;a;)R(a,b,c),a=a.nextSibling};function S(a,b){b=b.toLowerCase();return\"style\"==b?da(a.style.cssText):P&&\"value\"==b&&T(a,\"INPUT\")?a.value:ba&&!0===a[b]?String(a.getAttribute(b)):(a=a.getAttributeNode(b))&&a.specified?a.value:null}var ea=/[;]+(?=(?:(?:[^\"]*\"){2})*[^\"]*$)(?=(?:(?:[^']*'){2})*[^']*$)(?=(?:[^()]*\\([^()]*\\))*[^()]*$)/;\nfunction da(a){var b=[];k(a.split(ea),function(c){var e=c.indexOf(\":\");0\u003Ce&&(c=[c.slice(0,e),c.slice(e+1)],2==c.length&&b.push(c[0].toLowerCase(),\":\",c[1],\";\"))});b=b.join(\"\");return b=\";\"==b.charAt(b.length-1)?b:b+\";\"}function U(a,b){P&&\"value\"==b&&T(a,\"OPTION\")&&null===S(a,\"value\")?(b=[],R(a,b,!1),a=b.join(\"\")):a=a[b];return a}function T(a,b){b&&\"string\"!==typeof b&&(b=b.toString());return!!a&&1==a.nodeType&&(!b||a.tagName.toUpperCase()==b)}\nfunction V(a){return T(a,\"OPTION\")?!0:T(a,\"INPUT\")?(a=a.type.toLowerCase(),\"checkbox\"==a||\"radio\"==a):!1};var fa={\"class\":\"className\",readonly:\"readOnly\"},ha=\"allowfullscreen allowpaymentrequest allowusermedia async autofocus autoplay checked compact complete controls declare default defaultchecked defaultselected defer disabled ended formnovalidate hidden indeterminate iscontenteditable ismap itemscope loop multiple muted nohref nomodule noresize noshade novalidate nowrap open paused playsinline pubdate readonly required reversed scoped seamless seeking selected truespeed typemustmatch willvalidate\".split(\" \");function W(a,b){var c=null,e=b.toLowerCase();if(\"style\"==e)return(c=a.style)&&\"string\"!=typeof c&&(c=c.cssText),c;if((\"selected\"==e||\"checked\"==e)&&V(a)){if(!V(a))throw new l(15,\"Element is not selectable\");b=\"selected\";c=a.type&&a.type.toLowerCase();if(\"checkbox\"==c||\"radio\"==c)b=\"checked\";return U(a,b)?\"true\":null}var g=T(a,\"A\");if(T(a,\"IMG\")&&\"src\"==e||g&&\"href\"==e)return(c=S(a,e))&&(c=U(a,e)),c;if(\"spellcheck\"==e){c=S(a,e);if(null!==c){if(\"false\"==c.toLowerCase())return\"false\";if(\"true\"==c.toLowerCase())return\"true\"}return U(a,\ne)+\"\"}g=fa[b]||b;if(0\u003C=h(ha,e))return(c=null!==S(a,b)||U(a,g))?\"true\":null;try{var x=U(a,g)}catch(ia){}(e=null==x)||(e=typeof x,e=\"object\"==e&&null!=x||\"function\"==e);e?c=S(a,b):c=x;return null!=c?c.toString():null}var X=[\"_\"],Y=d;X[0]in Y||\"undefined\"==typeof Y.execScript||Y.execScript(\"var \"+X[0]);for(var Z;X.length&&(Z=X.shift());)X.length||void 0===W?Y[Z]&&Y[Z]!==Object.prototype[Z]?Y=Y[Z]:Y=Y[Z]={}:Y[Z]=W;; return this._.apply(null,arguments);}).apply({navigator:typeof window!='undefined'?window.navigator:null,document:typeof window!='undefined'?window.document:null}, arguments);}\n).apply(null, arguments);"
}
[1744521218.484][INFO]: Waiting for pending navigations...
[1744521218.486][INFO]: Done waiting for pending navigations. Status: ok
[1744521218.497][INFO]: Waiting for pending navigations...
[1744521218.498][INFO]: Done waiting for pending navigations. Status: ok
[1744521218.498][INFO]: [96366644e4e44a0331331087ddd55f7c] RESPONSE ExecuteScript "https://rukminim2.flixcart.com/image/612/612/xif0q/mug/o/t/f/photo-text-printed-cup-for-birthday-anniversary-gift-white-mug-original-imahaujzxhtmcsfr.jpeg?q=70"
[1744521218.503][INFO]: [96366644e4e44a0331331087ddd55f7c] COMMAND FindChildElement {
   "id": "f.FA7F9F0460E8C13CECE7AFB28C7D66DB.d.0C4AE97B349F22F0083DFBCECE0003F5.e.1059",
   "using": "xpath",
   "value": ".//span[@class='Wphh3N']"
}
[1744521218.503][INFO]: Waiting for pending navigations...
[1744521218.505][INFO]: Done waiting for pending navigations. Status: ok
[1744521228.552][INFO]: Waiting for pending navigations...
[1744521228.554][INFO]: Done waiting for pending navigations. Status: ok
[1744521228.554][INFO]: [96366644e4e44a0331331087ddd55f7c] RESPONSE FindChildElement ERROR no such element: Unable to locate element: {"method":"xpath","selector":".//span[@class='Wphh3N']"}
  (Session info: chrome=135.0.7049.84)
[1744521228.561][INFO]: [96366644e4e44a0331331087ddd55f7c] COMMAND FindChildElement {
   "id": "f.FA7F9F0460E8C13CECE7AFB28C7D66DB.d.0C4AE97B349F22F0083DFBCECE0003F5.e.1060",
   "using": "xpath",
   "value": ".//a[@class='wjcEIp']"
}
[1744521228.562][INFO]: Waiting for pending navigations...
[1744521228.563][INFO]: Done waiting for pending navigations. Status: ok
[1744521228.580][INFO]: Waiting for pending navigations...
[1744521228.581][INFO]: Done waiting for pending navigations. Status: ok
[1744521228.581][INFO]: [96366644e4e44a0331331087ddd55f7c] RESPONSE FindChildElement {
   "element-6066-11e4-a52e-4f735466cecf": "f.FA7F9F0460E8C13CECE7AFB28C7D66DB.d.0C4AE97B349F22F0083DFBCECE0003F5.e.1163"
}
[1744521228.585][INFO]: [96366644e4e44a0331331087ddd55f7c] COMMAND GetElementText {
   "id": "f.FA7F9F0460E8C13CECE7AFB28C7D66DB.d.0C4AE97B349F22F0083DFBCECE0003F5.e.1163"
}
[1744521228.592][INFO]: Waiting for pending navigations...
[1744521228.593][INFO]: Done waiting for pending navigations. Status: ok
[1744521228.600][INFO]: Waiting for pending navigations...
[1744521228.601][INFO]: Done waiting for pending navigations. Status: ok
[1744521228.601][INFO]: [96366644e4e44a0331331087ddd55f7c] RESPONSE GetElementText "Giftspedia Photo & Text Printed Cup For Birthday , Anni..."
[1744521228.603][INFO]: [96366644e4e44a0331331087ddd55f7c] COMMAND FindChildElement {
   "id": "f.FA7F9F0460E8C13CECE7AFB28C7D66DB.d.0C4AE97B349F22F0083DFBCECE0003F5.e.1060",
   "using": "xpath",
   "value": ".//img[@class='DByuf4']"
}
[1744521228.603][INFO]: Waiting for pending navigations...
[1744521228.604][INFO]: Done waiting for pending navigations. Status: ok
[1744521228.612][INFO]: Waiting for pending navigations...
[1744521228.613][INFO]: Done waiting for pending navigations. Status: ok
[1744521228.613][INFO]: [96366644e4e44a0331331087ddd55f7c] RESPONSE FindChildElement {
   "element-6066-11e4-a52e-4f735466cecf": "f.FA7F9F0460E8C13CECE7AFB28C7D66DB.d.0C4AE97B349F22F0083DFBCECE0003F5.e.1164"
}
[1744521228.616][INFO]: [96366644e4e44a0331331087ddd55f7c] COMMAND ExecuteScript {
   "args": [ {
      "element-6066-11e4-a52e-4f735466cecf": "f.FA7F9F0460E8C13CECE7AFB28C7D66DB.d.0C4AE97B349F22F0083DFBCECE0003F5.e.1164"
   }, "src" ],
   "script": "/* getAttribute */return (function(){return (function(){var d=this||self;function f(a,b){function c(){}c.prototype=b.prototype;a.prototype=new c;a.prototype.constructor=a};var h=Array.prototype.indexOf?function(a,b){return Array.prototype.indexOf.call(a,b,void 0)}:function(a,b){if(\"string\"===typeof a)return\"string\"!==typeof b||1!=b.length?-1:a.indexOf(b,0);for(var c=0;c\u003Ca.length;c++)if(c in a&&a[c]===b)return c;return-1},k=Array.prototype.forEach?function(a,b){Array.prototype.forEach.call(a,b,void 0)}:function(a,b){for(var c=a.length,e=\"string\"===typeof a?a.split(\"\"):a,g=0;g\u003Cc;g++)g in e&&b.call(void 0,e[g],g,a)};function l(a,b){this.code=a;this.a=m[a]||n;this.message=b||\"\";a=this.a.replace(/((?:^|\\s+)[a-z])/g,function(c){return c.toUpperCase().replace(/^[\\s\\xa0]+/g,\"\")});b=a.length-5;if(0>b||a.indexOf(\"Error\",b)!=b)a+=\"Error\";this.name=a;a=Error(this.message);a.name=this.name;this.stack=a.stack||\"\"}f(l,Error);var n=\"unknown error\",m={15:\"element not selectable\",11:\"element not visible\"};m[31]=n;m[30]=n;m[24]=\"invalid cookie domain\";m[29]=\"invalid element coordinates\";m[12]=\"invalid element state\";m[32]=\"invalid selector\";\nm[51]=\"invalid selector\";m[52]=\"invalid selector\";m[17]=\"javascript error\";m[405]=\"unsupported operation\";m[34]=\"move target out of bounds\";m[27]=\"no such alert\";m[7]=\"no such element\";m[8]=\"no such frame\";m[23]=\"no such window\";m[28]=\"script timeout\";m[33]=\"session not created\";m[10]=\"stale element reference\";m[21]=\"timeout\";m[25]=\"unable to set cookie\";m[26]=\"unexpected alert open\";m[13]=n;m[9]=\"unknown command\";var p;a:{var q=d.navigator;if(q){var r=q.userAgent;if(r){p=r;break a}}p=\"\"}function t(a){return-1!=p.indexOf(a)};function u(){return t(\"Firefox\")||t(\"FxiOS\")}function v(){return(t(\"Chrome\")||t(\"CriOS\"))&&!t(\"Edge\")};function w(){return t(\"iPhone\")&&!t(\"iPod\")&&!t(\"iPad\")};var y=t(\"Opera\"),z=t(\"Trident\")||t(\"MSIE\"),A=t(\"Edge\"),B=t(\"Gecko\")&&!(-1!=p.toLowerCase().indexOf(\"webkit\")&&!t(\"Edge\"))&&!(t(\"Trident\")||t(\"MSIE\"))&&!t(\"Edge\"),C=-1!=p.toLowerCase().indexOf(\"webkit\")&&!t(\"Edge\");function D(){var a=d.document;return a?a.documentMode:void 0}var E;\na:{var F=\"\",G=function(){var a=p;if(B)return/rv:([^\\);]+)(\\)|;)/.exec(a);if(A)return/Edge\\/([\\d\\.]+)/.exec(a);if(z)return/\\b(?:MSIE|rv)[: ]([^\\);]+)(\\)|;)/.exec(a);if(C)return/WebKit\\/(\\S+)/.exec(a);if(y)return/(?:Version)[ \\/]?(\\S+)/.exec(a)}();G&&(F=G?G[1]:\"\");if(z){var H=D();if(null!=H&&H>parseFloat(F)){E=String(H);break a}}E=F}var I;I=d.document&&z?D():void 0;var J=u(),K=w()||t(\"iPod\"),L=t(\"iPad\"),M=t(\"Android\")&&!(v()||u()||t(\"Opera\")||t(\"Silk\")),N=v(),aa=t(\"Safari\")&&!(v()||t(\"Coast\")||t(\"Opera\")||t(\"Edge\")||t(\"Edg/\")||t(\"OPR\")||u()||t(\"Silk\")||t(\"Android\"))&&!(w()||t(\"iPad\")||t(\"iPod\"));function O(a){return(a=a.exec(p))?a[1]:\"\"}(function(){if(J)return O(/Firefox\\/([0-9.]+)/);if(z||A||y)return E;if(N)return w()||t(\"iPad\")||t(\"iPod\")?O(/CriOS\\/([0-9.]+)/):O(/Chrome\\/([0-9.]+)/);if(aa&&!(w()||t(\"iPad\")||t(\"iPod\")))return O(/Version\\/([0-9.]+)/);if(K||L){var a=/Version\\/(\\S+).*Mobile\\/(\\S+)/.exec(p);if(a)return a[1]+\".\"+a[2]}else if(M)return(a=O(/Android\\s+([0-9.]+)/))?a:O(/Version\\/([0-9.]+)/);return\"\"})();var P=z&&!(8\u003C=Number(I)),ba=z&&!(9\u003C=Number(I));var ca={SCRIPT:1,STYLE:1,HEAD:1,IFRAME:1,OBJECT:1},Q={IMG:\" \",BR:\"\\n\"};function R(a,b,c){if(!(a.nodeName in ca))if(3==a.nodeType)c?b.push(String(a.nodeValue).replace(/(\\r\\n|\\r|\\n)/g,\"\")):b.push(a.nodeValue);else if(a.nodeName in Q)b.push(Q[a.nodeName]);else for(a=a.firstChild;a;)R(a,b,c),a=a.nextSibling};function S(a,b){b=b.toLowerCase();return\"style\"==b?da(a.style.cssText):P&&\"value\"==b&&T(a,\"INPUT\")?a.value:ba&&!0===a[b]?String(a.getAttribute(b)):(a=a.getAttributeNode(b))&&a.specified?a.value:null}var ea=/[;]+(?=(?:(?:[^\"]*\"){2})*[^\"]*$)(?=(?:(?:[^']*'){2})*[^']*$)(?=(?:[^()]*\\([^()]*\\))*[^()]*$)/;\nfunction da(a){var b=[];k(a.split(ea),function(c){var e=c.indexOf(\":\");0\u003Ce&&(c=[c.slice(0,e),c.slice(e+1)],2==c.length&&b.push(c[0].toLowerCase(),\":\",c[1],\";\"))});b=b.join(\"\");return b=\";\"==b.charAt(b.length-1)?b:b+\";\"}function U(a,b){P&&\"value\"==b&&T(a,\"OPTION\")&&null===S(a,\"value\")?(b=[],R(a,b,!1),a=b.join(\"\")):a=a[b];return a}function T(a,b){b&&\"string\"!==typeof b&&(b=b.toString());return!!a&&1==a.nodeType&&(!b||a.tagName.toUpperCase()==b)}\nfunction V(a){return T(a,\"OPTION\")?!0:T(a,\"INPUT\")?(a=a.type.toLowerCase(),\"checkbox\"==a||\"radio\"==a):!1};var fa={\"class\":\"className\",readonly:\"readOnly\"},ha=\"allowfullscreen allowpaymentrequest allowusermedia async autofocus autoplay checked compact complete controls declare default defaultchecked defaultselected defer disabled ended formnovalidate hidden indeterminate iscontenteditable ismap itemscope loop multiple muted nohref nomodule noresize noshade novalidate nowrap open paused playsinline pubdate readonly required reversed scoped seamless seeking selected truespeed typemustmatch willvalidate\".split(\" \");function W(a,b){var c=null,e=b.toLowerCase();if(\"style\"==e)return(c=a.style)&&\"string\"!=typeof c&&(c=c.cssText),c;if((\"selected\"==e||\"checked\"==e)&&V(a)){if(!V(a))throw new l(15,\"Element is not selectable\");b=\"selected\";c=a.type&&a.type.toLowerCase();if(\"checkbox\"==c||\"radio\"==c)b=\"checked\";return U(a,b)?\"true\":null}var g=T(a,\"A\");if(T(a,\"IMG\")&&\"src\"==e||g&&\"href\"==e)return(c=S(a,e))&&(c=U(a,e)),c;if(\"spellcheck\"==e){c=S(a,e);if(null!==c){if(\"false\"==c.toLowerCase())return\"false\";if(\"true\"==c.toLowerCase())return\"true\"}return U(a,\ne)+\"\"}g=fa[b]||b;if(0\u003C=h(ha,e))return(c=null!==S(a,b)||U(a,g))?\"true\":null;try{var x=U(a,g)}catch(ia){}(e=null==x)||(e=typeof x,e=\"object\"==e&&null!=x||\"function\"==e);e?c=S(a,b):c=x;return null!=c?c.toString():null}var X=[\"_\"],Y=d;X[0]in Y||\"undefined\"==typeof Y.execScript||Y.execScript(\"var \"+X[0]);for(var Z;X.length&&(Z=X.shift());)X.length||void 0===W?Y[Z]&&Y[Z]!==Object.prototype[Z]?Y=Y[Z]:Y=Y[Z]={}:Y[Z]=W;; return this._.apply(null,arguments);}).apply({navigator:typeof window!='undefined'?window.navigator:null,document:typeof window!='undefined'?window.document:null}, arguments);}\n).apply(null, arguments);"
}
[1744521228.616][INFO]: Waiting for pending navigations...
[1744521228.618][INFO]: Done waiting for pending navigations. Status: ok
[1744521228.624][INFO]: Waiting for pending navigations...
[1744521228.625][INFO]: Done waiting for pending navigations. Status: ok
[1744521228.625][INFO]: [96366644e4e44a0331331087ddd55f7c] RESPONSE ExecuteScript "https://rukminim2.flixcart.com/image/612/612/xif0q/mug/q/e/7/photo-text-printed-cup-for-birthday-anniversary-gift-white-mug-original-imahb4gfvd4k2x4n.jpeg?q=70"
[1744521228.628][INFO]: [96366644e4e44a0331331087ddd55f7c] COMMAND FindChildElement {
   "id": "f.FA7F9F0460E8C13CECE7AFB28C7D66DB.d.0C4AE97B349F22F0083DFBCECE0003F5.e.1060",
   "using": "xpath",
   "value": ".//span[@class='Wphh3N']"
}
[1744521228.628][INFO]: Waiting for pending navigations...
[1744521228.628][INFO]: Done waiting for pending navigations. Status: ok
[1744521228.635][INFO]: Waiting for pending navigations...
[1744521228.636][INFO]: Done waiting for pending navigations. Status: ok
[1744521228.636][INFO]: [96366644e4e44a0331331087ddd55f7c] RESPONSE FindChildElement {
   "element-6066-11e4-a52e-4f735466cecf": "f.FA7F9F0460E8C13CECE7AFB28C7D66DB.d.0C4AE97B349F22F0083DFBCECE0003F5.e.1165"
}
[1744521228.638][INFO]: [96366644e4e44a0331331087ddd55f7c] COMMAND GetElementText {
   "id": "f.FA7F9F0460E8C13CECE7AFB28C7D66DB.d.0C4AE97B349F22F0083DFBCECE0003F5.e.1165"
}
[1744521228.638][INFO]: Waiting for pending navigations...
[1744521228.640][INFO]: Done waiting for pending navigations. Status: ok
[1744521228.646][INFO]: Waiting for pending navigations...
[1744521228.647][INFO]: Done waiting for pending navigations. Status: ok
[1744521228.647][INFO]: [96366644e4e44a0331331087ddd55f7c] RESPONSE GetElementText "(2,221)"
[1744521228.649][INFO]: [96366644e4e44a0331331087ddd55f7c] COMMAND FindChildElement {
   "id": "f.FA7F9F0460E8C13CECE7AFB28C7D66DB.d.0C4AE97B349F22F0083DFBCECE0003F5.e.1061",
   "using": "xpath",
   "value": ".//a[@class='wjcEIp']"
}
[1744521228.650][INFO]: Waiting for pending navigations...
[1744521228.650][INFO]: Done waiting for pending navigations. Status: ok
[1744521228.657][INFO]: Waiting for pending navigations...
[1744521228.658][INFO]: Done waiting for pending navigations. Status: ok
[1744521228.658][INFO]: [96366644e4e44a0331331087ddd55f7c] RESPONSE FindChildElement {
   "element-6066-11e4-a52e-4f735466cecf": "f.FA7F9F0460E8C13CECE7AFB28C7D66DB.d.0C4AE97B349F22F0083DFBCECE0003F5.e.1166"
}
[1744521228.659][INFO]: [96366644e4e44a0331331087ddd55f7c] COMMAND GetElementText {
   "id": "f.FA7F9F0460E8C13CECE7AFB28C7D66DB.d.0C4AE97B349F22F0083DFBCECE0003F5.e.1166"
}
[1744521228.659][INFO]: Waiting for pending navigations...
[1744521228.660][INFO]: Done waiting for pending navigations. Status: ok
[1744521228.666][INFO]: Waiting for pending navigations...
[1744521228.666][INFO]: Done waiting for pending navigations. Status: ok
[1744521228.666][INFO]: [96366644e4e44a0331331087ddd55f7c] RESPONSE GetElementText "craft maniacs SQUID GAME DALGONA CANDY 350ML CERAMIC MU..."
[1744521228.668][INFO]: [96366644e4e44a0331331087ddd55f7c] COMMAND FindChildElement {
   "id": "f.FA7F9F0460E8C13CECE7AFB28C7D66DB.d.0C4AE97B349F22F0083DFBCECE0003F5.e.1061",
   "using": "xpath",
   "value": ".//img[@class='DByuf4']"
}
[1744521228.668][INFO]: Waiting for pending navigations...
[1744521228.668][INFO]: Done waiting for pending navigations. Status: ok
[1744521228.674][INFO]: Waiting for pending navigations...
[1744521228.675][INFO]: Done waiting for pending navigations. Status: ok
[1744521228.675][INFO]: [96366644e4e44a0331331087ddd55f7c] RESPONSE FindChildElement {
   "element-6066-11e4-a52e-4f735466cecf": "f.FA7F9F0460E8C13CECE7AFB28C7D66DB.d.0C4AE97B349F22F0083DFBCECE0003F5.e.1167"
}
[1744521228.677][INFO]: [96366644e4e44a0331331087ddd55f7c] COMMAND ExecuteScript {
   "args": [ {
      "element-6066-11e4-a52e-4f735466cecf": "f.FA7F9F0460E8C13CECE7AFB28C7D66DB.d.0C4AE97B349F22F0083DFBCECE0003F5.e.1167"
   }, "src" ],
   "script": "/* getAttribute */return (function(){return (function(){var d=this||self;function f(a,b){function c(){}c.prototype=b.prototype;a.prototype=new c;a.prototype.constructor=a};var h=Array.prototype.indexOf?function(a,b){return Array.prototype.indexOf.call(a,b,void 0)}:function(a,b){if(\"string\"===typeof a)return\"string\"!==typeof b||1!=b.length?-1:a.indexOf(b,0);for(var c=0;c\u003Ca.length;c++)if(c in a&&a[c]===b)return c;return-1},k=Array.prototype.forEach?function(a,b){Array.prototype.forEach.call(a,b,void 0)}:function(a,b){for(var c=a.length,e=\"string\"===typeof a?a.split(\"\"):a,g=0;g\u003Cc;g++)g in e&&b.call(void 0,e[g],g,a)};function l(a,b){this.code=a;this.a=m[a]||n;this.message=b||\"\";a=this.a.replace(/((?:^|\\s+)[a-z])/g,function(c){return c.toUpperCase().replace(/^[\\s\\xa0]+/g,\"\")});b=a.length-5;if(0>b||a.indexOf(\"Error\",b)!=b)a+=\"Error\";this.name=a;a=Error(this.message);a.name=this.name;this.stack=a.stack||\"\"}f(l,Error);var n=\"unknown error\",m={15:\"element not selectable\",11:\"element not visible\"};m[31]=n;m[30]=n;m[24]=\"invalid cookie domain\";m[29]=\"invalid element coordinates\";m[12]=\"invalid element state\";m[32]=\"invalid selector\";\nm[51]=\"invalid selector\";m[52]=\"invalid selector\";m[17]=\"javascript error\";m[405]=\"unsupported operation\";m[34]=\"move target out of bounds\";m[27]=\"no such alert\";m[7]=\"no such element\";m[8]=\"no such frame\";m[23]=\"no such window\";m[28]=\"script timeout\";m[33]=\"session not created\";m[10]=\"stale element reference\";m[21]=\"timeout\";m[25]=\"unable to set cookie\";m[26]=\"unexpected alert open\";m[13]=n;m[9]=\"unknown command\";var p;a:{var q=d.navigator;if(q){var r=q.userAgent;if(r){p=r;break a}}p=\"\"}function t(a){return-1!=p.indexOf(a)};function u(){return t(\"Firefox\")||t(\"FxiOS\")}function v(){return(t(\"Chrome\")||t(\"CriOS\"))&&!t(\"Edge\")};function w(){return t(\"iPhone\")&&!t(\"iPod\")&&!t(\"iPad\")};var y=t(\"Opera\"),z=t(\"Trident\")||t(\"MSIE\"),A=t(\"Edge\"),B=t(\"Gecko\")&&!(-1!=p.toLowerCase().indexOf(\"webkit\")&&!t(\"Edge\"))&&!(t(\"Trident\")||t(\"MSIE\"))&&!t(\"Edge\"),C=-1!=p.toLowerCase().indexOf(\"webkit\")&&!t(\"Edge\");function D(){var a=d.document;return a?a.documentMode:void 0}var E;\na:{var F=\"\",G=function(){var a=p;if(B)return/rv:([^\\);]+)(\\)|;)/.exec(a);if(A)return/Edge\\/([\\d\\.]+)/.exec(a);if(z)return/\\b(?:MSIE|rv)[: ]([^\\);]+)(\\)|;)/.exec(a);if(C)return/WebKit\\/(\\S+)/.exec(a);if(y)return/(?:Version)[ \\/]?(\\S+)/.exec(a)}();G&&(F=G?G[1]:\"\");if(z){var H=D();if(null!=H&&H>parseFloat(F)){E=String(H);break a}}E=F}var I;I=d.document&&z?D():void 0;var J=u(),K=w()||t(\"iPod\"),L=t(\"iPad\"),M=t(\"Android\")&&!(v()||u()||t(\"Opera\")||t(\"Silk\")),N=v(),aa=t(\"Safari\")&&!(v()||t(\"Coast\")||t(\"Opera\")||t(\"Edge\")||t(\"Edg/\")||t(\"OPR\")||u()||t(\"Silk\")||t(\"Android\"))&&!(w()||t(\"iPad\")||t(\"iPod\"));function O(a){return(a=a.exec(p))?a[1]:\"\"}(function(){if(J)return O(/Firefox\\/([0-9.]+)/);if(z||A||y)return E;if(N)return w()||t(\"iPad\")||t(\"iPod\")?O(/CriOS\\/([0-9.]+)/):O(/Chrome\\/([0-9.]+)/);if(aa&&!(w()||t(\"iPad\")||t(\"iPod\")))return O(/Version\\/([0-9.]+)/);if(K||L){var a=/Version\\/(\\S+).*Mobile\\/(\\S+)/.exec(p);if(a)return a[1]+\".\"+a[2]}else if(M)return(a=O(/Android\\s+([0-9.]+)/))?a:O(/Version\\/([0-9.]+)/);return\"\"})();var P=z&&!(8\u003C=Number(I)),ba=z&&!(9\u003C=Number(I));var ca={SCRIPT:1,STYLE:1,HEAD:1,IFRAME:1,OBJECT:1},Q={IMG:\" \",BR:\"\\n\"};function R(a,b,c){if(!(a.nodeName in ca))if(3==a.nodeType)c?b.push(String(a.nodeValue).replace(/(\\r\\n|\\r|\\n)/g,\"\")):b.push(a.nodeValue);else if(a.nodeName in Q)b.push(Q[a.nodeName]);else for(a=a.firstChild;a;)R(a,b,c),a=a.nextSibling};function S(a,b){b=b.toLowerCase();return\"style\"==b?da(a.style.cssText):P&&\"value\"==b&&T(a,\"INPUT\")?a.value:ba&&!0===a[b]?String(a.getAttribute(b)):(a=a.getAttributeNode(b))&&a.specified?a.value:null}var ea=/[;]+(?=(?:(?:[^\"]*\"){2})*[^\"]*$)(?=(?:(?:[^']*'){2})*[^']*$)(?=(?:[^()]*\\([^()]*\\))*[^()]*$)/;\nfunction da(a){var b=[];k(a.split(ea),function(c){var e=c.indexOf(\":\");0\u003Ce&&(c=[c.slice(0,e),c.slice(e+1)],2==c.length&&b.push(c[0].toLowerCase(),\":\",c[1],\";\"))});b=b.join(\"\");return b=\";\"==b.charAt(b.length-1)?b:b+\";\"}function U(a,b){P&&\"value\"==b&&T(a,\"OPTION\")&&null===S(a,\"value\")?(b=[],R(a,b,!1),a=b.join(\"\")):a=a[b];return a}function T(a,b){b&&\"string\"!==typeof b&&(b=b.toString());return!!a&&1==a.nodeType&&(!b||a.tagName.toUpperCase()==b)}\nfunction V(a){return T(a,\"OPTION\")?!0:T(a,\"INPUT\")?(a=a.type.toLowerCase(),\"checkbox\"==a||\"radio\"==a):!1};var fa={\"class\":\"className\",readonly:\"readOnly\"},ha=\"allowfullscreen allowpaymentrequest allowusermedia async autofocus autoplay checked compact complete controls declare default defaultchecked defaultselected defer disabled ended formnovalidate hidden indeterminate iscontenteditable ismap itemscope loop multiple muted nohref nomodule noresize noshade novalidate nowrap open paused playsinline pubdate readonly required reversed scoped seamless seeking selected truespeed typemustmatch willvalidate\".split(\" \");function W(a,b){var c=null,e=b.toLowerCase();if(\"style\"==e)return(c=a.style)&&\"string\"!=typeof c&&(c=c.cssText),c;if((\"selected\"==e||\"checked\"==e)&&V(a)){if(!V(a))throw new l(15,\"Element is not selectable\");b=\"selected\";c=a.type&&a.type.toLowerCase();if(\"checkbox\"==c||\"radio\"==c)b=\"checked\";return U(a,b)?\"true\":null}var g=T(a,\"A\");if(T(a,\"IMG\")&&\"src\"==e||g&&\"href\"==e)return(c=S(a,e))&&(c=U(a,e)),c;if(\"spellcheck\"==e){c=S(a,e);if(null!==c){if(\"false\"==c.toLowerCase())return\"false\";if(\"true\"==c.toLowerCase())return\"true\"}return U(a,\ne)+\"\"}g=fa[b]||b;if(0\u003C=h(ha,e))return(c=null!==S(a,b)||U(a,g))?\"true\":null;try{var x=U(a,g)}catch(ia){}(e=null==x)||(e=typeof x,e=\"object\"==e&&null!=x||\"function\"==e);e?c=S(a,b):c=x;return null!=c?c.toString():null}var X=[\"_\"],Y=d;X[0]in Y||\"undefined\"==typeof Y.execScript||Y.execScript(\"var \"+X[0]);for(var Z;X.length&&(Z=X.shift());)X.length||void 0===W?Y[Z]&&Y[Z]!==Object.prototype[Z]?Y=Y[Z]:Y=Y[Z]={}:Y[Z]=W;; return this._.apply(null,arguments);}).apply({navigator:typeof window!='undefined'?window.navigator:null,document:typeof window!='undefined'?window.document:null}, arguments);}\n).apply(null, arguments);"
}
[1744521228.677][INFO]: Waiting for pending navigations...
[1744521228.678][INFO]: Done waiting for pending navigations. Status: ok
[1744521228.681][INFO]: Waiting for pending navigations...
[1744521228.681][INFO]: Done waiting for pending navigations. Status: ok
[1744521228.681][INFO]: [96366644e4e44a0331331087ddd55f7c] RESPONSE ExecuteScript "https://rukminim2.flixcart.com/image/612/612/kulk9zk0/mug/y/p/u/squid-game-dalgona-candy-350ml-ceramic-mug-for-coffee-tea-original-imag7zspbzetnjzn.jpeg?q=70"
[1744521228.683][INFO]: [96366644e4e44a0331331087ddd55f7c] COMMAND FindChildElement {
   "id": "f.FA7F9F0460E8C13CECE7AFB28C7D66DB.d.0C4AE97B349F22F0083DFBCECE0003F5.e.1061",
   "using": "xpath",
   "value": ".//span[@class='Wphh3N']"
}
[1744521228.683][INFO]: Waiting for pending navigations...
[1744521228.683][INFO]: Done waiting for pending navigations. Status: ok
[1744521238.711][INFO]: Waiting for pending navigations...
[1744521238.713][INFO]: Done waiting for pending navigations. Status: ok
[1744521238.713][INFO]: [96366644e4e44a0331331087ddd55f7c] RESPONSE FindChildElement ERROR no such element: Unable to locate element: {"method":"xpath","selector":".//span[@class='Wphh3N']"}
  (Session info: chrome=135.0.7049.84)
[1744521238.757][INFO]: [96366644e4e44a0331331087ddd55f7c] COMMAND Quit {
}
[1744521238.934][INFO]: [96366644e4e44a0331331087ddd55f7c] RESPONSE Quit
